c:\Users\nagap\OneDrive\Documentos\Maestria\2025S\Phonetics TeamLab\ALC\ses3033,5323033001_h_00.wav,A,0.00113,DRUNK,001,001
c:\Users\nagap\OneDrive\Documentos\Maestria\2025S\Phonetics TeamLab\ALC\ses3033,5323033002_h_00.wav,A,0.00113,DRUNK,002,034
c:\Users\nagap\OneDrive\Documentos\Maestria\2025S\Phonetics TeamLab\ALC\ses3033,5323033003_h_00.wav,A,0.00113,DRUNK,003,032
c:\Users\nagap\OneDrive\Documentos\Maestria\2025S\Phonetics TeamLab\ALC\ses3033,5323033004_h_00.wav,A,0.00113,DRUNK,004,061
c:\Users\nagap\OneDrive\Documentos\Maestria\2025S\Phonetics TeamLab\ALC\ses3033,5323033005_h_00.wav,A,0.00113,DRUNK,005,030
c:\Users\nagap\OneDrive\Documentos\Maestria\2025S\Phonetics TeamLab\ALC\ses3033,5323033006_h_00.wav,A,0.00113,DRUNK,006,026
c:\Users\nagap\OneDrive\Documentos\Maestria\2025S\Phonetics TeamLab\ALC\ses3033,5323033007_h_00.wav,A,0.00113,DRUNK,007,023
c:\Users\nagap\OneDrive\Documentos\Maestria\2025S\Phonetics TeamLab\ALC\ses3033,5323033008_h_00.wav,A,0.00113,DRUNK,008,008
c:\Users\nagap\OneDrive\Documentos\Maestria\2025S\Phonetics TeamLab\ALC\ses3033,5323033009_h_00.wav,A,0.00113,DRUNK,009,029
c:\Users\nagap\OneDrive\Documentos\Maestria\2025S\Phonetics TeamLab\ALC\ses3033,5323033010_h_00.wav,A,0.00113,DRUNK,010,010
c:\Users\nagap\OneDrive\Documentos\Maestria\2025S\Phonetics TeamLab\ALC\ses3033,5323033011_h_00.wav,A,0.00113,DRUNK,011,031
c:\Users\nagap\OneDrive\Documentos\Maestria\2025S\Phonetics TeamLab\ALC\ses3033,5323033012_h_00.wav,A,0.00113,DRUNK,012,012
c:\Users\nagap\OneDrive\Documentos\Maestria\2025S\Phonetics TeamLab\ALC\ses3033,5323033013_h_00.wav,A,0.00113,DRUNK,013,013
c:\Users\nagap\OneDrive\Documentos\Maestria\2025S\Phonetics TeamLab\ALC\ses3033,5323033014_h_00.wav,A,0.00113,DRUNK,014,014
c:\Users\nagap\OneDrive\Documentos\Maestria\2025S\Phonetics TeamLab\ALC\ses3033,5323033015_h_00.wav,A,0.00113,DRUNK,015,015
c:\Users\nagap\OneDrive\Documentos\Maestria\2025S\Phonetics TeamLab\ALC\ses3033,5323033016_h_00.wav,A,0.00113,DRUNK,016,036
c:\Users\nagap\OneDrive\Documentos\Maestria\2025S\Phonetics TeamLab\ALC\ses3033,5323033017_h_00.wav,A,0.00113,DRUNK,017,024
c:\Users\nagap\OneDrive\Documentos\Maestria\2025S\Phonetics TeamLab\ALC\ses3033,5323033018_h_00.wav,A,0.00113,DRUNK,018,038
c:\Users\nagap\OneDrive\Documentos\Maestria\2025S\Phonetics TeamLab\ALC\ses3033,5323033019_h_00.wav,A,0.00113,DRUNK,019,019
c:\Users\nagap\OneDrive\Documentos\Maestria\2025S\Phonetics TeamLab\ALC\ses3033,5323033020_h_00.wav,A,0.00113,DRUNK,020,020
c:\Users\nagap\OneDrive\Documentos\Maestria\2025S\Phonetics TeamLab\ALC\ses3033,5323033021_h_00.wav,A,0.00113,DRUNK,021,041
c:\Users\nagap\OneDrive\Documentos\Maestria\2025S\Phonetics TeamLab\ALC\ses3033,5323033022_h_00.wav,A,0.00113,DRUNK,022,042
c:\Users\nagap\OneDrive\Documentos\Maestria\2025S\Phonetics TeamLab\ALC\ses3033,5323033023_h_00.wav,A,0.00113,DRUNK,023,059
c:\Users\nagap\OneDrive\Documentos\Maestria\2025S\Phonetics TeamLab\ALC\ses3033,5323033024_h_00.wav,A,0.00113,DRUNK,024,051
c:\Users\nagap\OneDrive\Documentos\Maestria\2025S\Phonetics TeamLab\ALC\ses3033,5323033025_h_00.wav,A,0.00113,DRUNK,025,046
c:\Users\nagap\OneDrive\Documentos\Maestria\2025S\Phonetics TeamLab\ALC\ses3033,5323033026_h_00.wav,A,0.00113,DRUNK,026,055
c:\Users\nagap\OneDrive\Documentos\Maestria\2025S\Phonetics TeamLab\ALC\ses3033,5323033027_h_00.wav,A,0.00113,DRUNK,027,048
c:\Users\nagap\OneDrive\Documentos\Maestria\2025S\Phonetics TeamLab\ALC\ses3033,5323033028_h_00.wav,A,0.00113,DRUNK,028,049
c:\Users\nagap\OneDrive\Documentos\Maestria\2025S\Phonetics TeamLab\ALC\ses3033,5323033029_h_00.wav,A,0.00113,DRUNK,029,050
c:\Users\nagap\OneDrive\Documentos\Maestria\2025S\Phonetics TeamLab\ALC\ses3033,5323033030_h_00.wav,A,0.00113,DRUNK,030,060
c:\Users\nagap\OneDrive\Documentos\Maestria\2025S\Phonetics TeamLab\ALC\ses4011,5324011001_h_00.wav,N,0.0,SOBER,001,001
c:\Users\nagap\OneDrive\Documentos\Maestria\2025S\Phonetics TeamLab\ALC\ses4011,5324011002_h_00.wav,N,0.0,SOBER,002,002
c:\Users\nagap\OneDrive\Documentos\Maestria\2025S\Phonetics TeamLab\ALC\ses4011,5324011003_h_00.wav,N,0.0,SOBER,003,003
c:\Users\nagap\OneDrive\Documentos\Maestria\2025S\Phonetics TeamLab\ALC\ses4011,5324011004_h_00.wav,N,0.0,SOBER,004,004
c:\Users\nagap\OneDrive\Documentos\Maestria\2025S\Phonetics TeamLab\ALC\ses4011,5324011005_h_00.wav,N,0.0,SOBER,005,005
c:\Users\nagap\OneDrive\Documentos\Maestria\2025S\Phonetics TeamLab\ALC\ses4011,5324011006_h_00.wav,N,0.0,SOBER,006,006
c:\Users\nagap\OneDrive\Documentos\Maestria\2025S\Phonetics TeamLab\ALC\ses4011,5324011007_h_00.wav,N,0.0,SOBER,007,007
c:\Users\nagap\OneDrive\Documentos\Maestria\2025S\Phonetics TeamLab\ALC\ses4011,5324011008_h_00.wav,N,0.0,SOBER,008,008
c:\Users\nagap\OneDrive\Documentos\Maestria\2025S\Phonetics TeamLab\ALC\ses4011,5324011009_h_00.wav,N,0.0,SOBER,009,009
c:\Users\nagap\OneDrive\Documentos\Maestria\2025S\Phonetics TeamLab\ALC\ses4011,5324011010_h_00.wav,N,0.0,SOBER,010,010
c:\Users\nagap\OneDrive\Documentos\Maestria\2025S\Phonetics TeamLab\ALC\ses4011,5324011011_h_00.wav,N,0.0,SOBER,011,011
c:\Users\nagap\OneDrive\Documentos\Maestria\2025S\Phonetics TeamLab\ALC\ses4011,5324011012_h_00.wav,N,0.0,SOBER,012,012
c:\Users\nagap\OneDrive\Documentos\Maestria\2025S\Phonetics TeamLab\ALC\ses4011,5324011013_h_00.wav,N,0.0,SOBER,013,013
c:\Users\nagap\OneDrive\Documentos\Maestria\2025S\Phonetics TeamLab\ALC\ses4011,5324011014_h_00.wav,N,0.0,SOBER,014,014
c:\Users\nagap\OneDrive\Documentos\Maestria\2025S\Phonetics TeamLab\ALC\ses4011,5324011015_h_00.wav,N,0.0,SOBER,015,015
c:\Users\nagap\OneDrive\Documentos\Maestria\2025S\Phonetics TeamLab\ALC\ses4011,5324011016_h_00.wav,N,0.0,SOBER,016,016
c:\Users\nagap\OneDrive\Documentos\Maestria\2025S\Phonetics TeamLab\ALC\ses4011,5324011017_h_00.wav,N,0.0,SOBER,017,017
c:\Users\nagap\OneDrive\Documentos\Maestria\2025S\Phonetics TeamLab\ALC\ses4011,5324011018_h_00.wav,N,0.0,SOBER,018,018
c:\Users\nagap\OneDrive\Documentos\Maestria\2025S\Phonetics TeamLab\ALC\ses4011,5324011019_h_00.wav,N,0.0,SOBER,019,019
c:\Users\nagap\OneDrive\Documentos\Maestria\2025S\Phonetics TeamLab\ALC\ses4011,5324011020_h_00.wav,N,0.0,SOBER,020,020
c:\Users\nagap\OneDrive\Documentos\Maestria\2025S\Phonetics TeamLab\ALC\ses4011,5324011021_h_00.wav,N,0.0,SOBER,021,021
c:\Users\nagap\OneDrive\Documentos\Maestria\2025S\Phonetics TeamLab\ALC\ses4011,5324011022_h_00.wav,N,0.0,SOBER,022,022
c:\Users\nagap\OneDrive\Documentos\Maestria\2025S\Phonetics TeamLab\ALC\ses4011,5324011023_h_00.wav,N,0.0,SOBER,023,023
c:\Users\nagap\OneDrive\Documentos\Maestria\2025S\Phonetics TeamLab\ALC\ses4011,5324011024_h_00.wav,N,0.0,SOBER,024,024
c:\Users\nagap\OneDrive\Documentos\Maestria\2025S\Phonetics TeamLab\ALC\ses4011,5324011025_h_00.wav,N,0.0,SOBER,025,025
c:\Users\nagap\OneDrive\Documentos\Maestria\2025S\Phonetics TeamLab\ALC\ses4011,5324011026_h_00.wav,N,0.0,SOBER,026,026
c:\Users\nagap\OneDrive\Documentos\Maestria\2025S\Phonetics TeamLab\ALC\ses4011,5324011027_h_00.wav,N,0.0,SOBER,027,027
c:\Users\nagap\OneDrive\Documentos\Maestria\2025S\Phonetics TeamLab\ALC\ses4011,5324011028_h_00.wav,N,0.0,SOBER,028,028
c:\Users\nagap\OneDrive\Documentos\Maestria\2025S\Phonetics TeamLab\ALC\ses4011,5324011029_h_00.wav,N,0.0,SOBER,029,029
c:\Users\nagap\OneDrive\Documentos\Maestria\2025S\Phonetics TeamLab\ALC\ses4011,5324011030_h_00.wav,N,0.0,SOBER,030,030
c:\Users\nagap\OneDrive\Documentos\Maestria\2025S\Phonetics TeamLab\ALC\ses4011,5324011031_h_00.wav,N,0.0,SOBER,031,031
c:\Users\nagap\OneDrive\Documentos\Maestria\2025S\Phonetics TeamLab\ALC\ses4011,5324011032_h_00.wav,N,0.0,SOBER,032,032
c:\Users\nagap\OneDrive\Documentos\Maestria\2025S\Phonetics TeamLab\ALC\ses4011,5324011033_h_00.wav,N,0.0,SOBER,033,033
c:\Users\nagap\OneDrive\Documentos\Maestria\2025S\Phonetics TeamLab\ALC\ses4011,5324011034_h_00.wav,N,0.0,SOBER,034,034
c:\Users\nagap\OneDrive\Documentos\Maestria\2025S\Phonetics TeamLab\ALC\ses4011,5324011035_h_00.wav,N,0.0,SOBER,035,035
c:\Users\nagap\OneDrive\Documentos\Maestria\2025S\Phonetics TeamLab\ALC\ses4011,5324011036_h_00.wav,N,0.0,SOBER,036,036
c:\Users\nagap\OneDrive\Documentos\Maestria\2025S\Phonetics TeamLab\ALC\ses4011,5324011037_h_00.wav,N,0.0,SOBER,037,037
c:\Users\nagap\OneDrive\Documentos\Maestria\2025S\Phonetics TeamLab\ALC\ses4011,5324011038_h_00.wav,N,0.0,SOBER,038,038
c:\Users\nagap\OneDrive\Documentos\Maestria\2025S\Phonetics TeamLab\ALC\ses4011,5324011039_h_00.wav,N,0.0,SOBER,039,039
c:\Users\nagap\OneDrive\Documentos\Maestria\2025S\Phonetics TeamLab\ALC\ses4011,5324011040_h_00.wav,N,0.0,SOBER,040,040
c:\Users\nagap\OneDrive\Documentos\Maestria\2025S\Phonetics TeamLab\ALC\ses4011,5324011041_h_00.wav,N,0.0,SOBER,041,041
c:\Users\nagap\OneDrive\Documentos\Maestria\2025S\Phonetics TeamLab\ALC\ses4011,5324011042_h_00.wav,N,0.0,SOBER,042,042
c:\Users\nagap\OneDrive\Documentos\Maestria\2025S\Phonetics TeamLab\ALC\ses4011,5324011043_h_00.wav,N,0.0,SOBER,043,043
c:\Users\nagap\OneDrive\Documentos\Maestria\2025S\Phonetics TeamLab\ALC\ses4011,5324011044_h_00.wav,N,0.0,SOBER,044,044
c:\Users\nagap\OneDrive\Documentos\Maestria\2025S\Phonetics TeamLab\ALC\ses4011,5324011045_h_00.wav,N,0.0,SOBER,045,045
c:\Users\nagap\OneDrive\Documentos\Maestria\2025S\Phonetics TeamLab\ALC\ses4011,5324011046_h_00.wav,N,0.0,SOBER,046,046
c:\Users\nagap\OneDrive\Documentos\Maestria\2025S\Phonetics TeamLab\ALC\ses4011,5324011047_h_00.wav,N,0.0,SOBER,047,047
c:\Users\nagap\OneDrive\Documentos\Maestria\2025S\Phonetics TeamLab\ALC\ses4011,5324011048_h_00.wav,N,0.0,SOBER,048,048
c:\Users\nagap\OneDrive\Documentos\Maestria\2025S\Phonetics TeamLab\ALC\ses4011,5324011049_h_00.wav,N,0.0,SOBER,049,049
c:\Users\nagap\OneDrive\Documentos\Maestria\2025S\Phonetics TeamLab\ALC\ses4011,5324011050_h_00.wav,N,0.0,SOBER,050,050
c:\Users\nagap\OneDrive\Documentos\Maestria\2025S\Phonetics TeamLab\ALC\ses4011,5324011051_h_00.wav,N,0.0,SOBER,051,051
c:\Users\nagap\OneDrive\Documentos\Maestria\2025S\Phonetics TeamLab\ALC\ses4011,5324011052_h_00.wav,N,0.0,SOBER,052,052
c:\Users\nagap\OneDrive\Documentos\Maestria\2025S\Phonetics TeamLab\ALC\ses4011,5324011053_h_00.wav,N,0.0,SOBER,053,053
c:\Users\nagap\OneDrive\Documentos\Maestria\2025S\Phonetics TeamLab\ALC\ses4011,5324011054_h_00.wav,N,0.0,SOBER,054,054
c:\Users\nagap\OneDrive\Documentos\Maestria\2025S\Phonetics TeamLab\ALC\ses4011,5324011055_h_00.wav,N,0.0,SOBER,055,055
c:\Users\nagap\OneDrive\Documentos\Maestria\2025S\Phonetics TeamLab\ALC\ses4011,5324011056_h_00.wav,N,0.0,SOBER,056,056
c:\Users\nagap\OneDrive\Documentos\Maestria\2025S\Phonetics TeamLab\ALC\ses4011,5324011057_h_00.wav,N,0.0,SOBER,057,057
c:\Users\nagap\OneDrive\Documentos\Maestria\2025S\Phonetics TeamLab\ALC\ses4011,5324011058_h_00.wav,N,0.0,SOBER,058,058
c:\Users\nagap\OneDrive\Documentos\Maestria\2025S\Phonetics TeamLab\ALC\ses4011,5324011059_h_00.wav,N,0.0,SOBER,059,059
c:\Users\nagap\OneDrive\Documentos\Maestria\2025S\Phonetics TeamLab\ALC\ses4011,5324011060_h_00.wav,N,0.0,SOBER,060,060
c:\Users\nagap\OneDrive\Documentos\Maestria\2025S\Phonetics TeamLab\ALC\ses1082,0811082001_h_00.wav,A,0.00119,DRUNK,001,001
c:\Users\nagap\OneDrive\Documentos\Maestria\2025S\Phonetics TeamLab\ALC\ses1082,0811082002_h_00.wav,A,0.00119,DRUNK,002,034
c:\Users\nagap\OneDrive\Documentos\Maestria\2025S\Phonetics TeamLab\ALC\ses1082,0811082003_h_00.wav,A,0.00119,DRUNK,003,032
c:\Users\nagap\OneDrive\Documentos\Maestria\2025S\Phonetics TeamLab\ALC\ses1082,0811082004_h_00.wav,A,0.00119,DRUNK,004,061
c:\Users\nagap\OneDrive\Documentos\Maestria\2025S\Phonetics TeamLab\ALC\ses1082,0811082005_h_00.wav,A,0.00119,DRUNK,005,030
c:\Users\nagap\OneDrive\Documentos\Maestria\2025S\Phonetics TeamLab\ALC\ses1082,0811082006_h_00.wav,A,0.00119,DRUNK,006,026
c:\Users\nagap\OneDrive\Documentos\Maestria\2025S\Phonetics TeamLab\ALC\ses1082,0811082007_h_00.wav,A,0.00119,DRUNK,007,023
c:\Users\nagap\OneDrive\Documentos\Maestria\2025S\Phonetics TeamLab\ALC\ses1082,0811082008_h_00.wav,A,0.00119,DRUNK,008,008
c:\Users\nagap\OneDrive\Documentos\Maestria\2025S\Phonetics TeamLab\ALC\ses1082,0811082009_h_00.wav,A,0.00119,DRUNK,009,029
c:\Users\nagap\OneDrive\Documentos\Maestria\2025S\Phonetics TeamLab\ALC\ses1082,0811082010_h_00.wav,A,0.00119,DRUNK,010,010
c:\Users\nagap\OneDrive\Documentos\Maestria\2025S\Phonetics TeamLab\ALC\ses1082,0811082011_h_00.wav,A,0.00119,DRUNK,011,031
c:\Users\nagap\OneDrive\Documentos\Maestria\2025S\Phonetics TeamLab\ALC\ses1082,0811082012_h_00.wav,A,0.00119,DRUNK,012,012
c:\Users\nagap\OneDrive\Documentos\Maestria\2025S\Phonetics TeamLab\ALC\ses1082,0811082013_h_00.wav,A,0.00119,DRUNK,013,013
c:\Users\nagap\OneDrive\Documentos\Maestria\2025S\Phonetics TeamLab\ALC\ses1082,0811082014_h_00.wav,A,0.00119,DRUNK,014,014
c:\Users\nagap\OneDrive\Documentos\Maestria\2025S\Phonetics TeamLab\ALC\ses1082,0811082015_h_00.wav,A,0.00119,DRUNK,015,015
c:\Users\nagap\OneDrive\Documentos\Maestria\2025S\Phonetics TeamLab\ALC\ses1082,0811082016_h_00.wav,A,0.00119,DRUNK,016,036
c:\Users\nagap\OneDrive\Documentos\Maestria\2025S\Phonetics TeamLab\ALC\ses1082,0811082017_h_00.wav,A,0.00119,DRUNK,017,024
c:\Users\nagap\OneDrive\Documentos\Maestria\2025S\Phonetics TeamLab\ALC\ses1082,0811082018_h_00.wav,A,0.00119,DRUNK,018,038
c:\Users\nagap\OneDrive\Documentos\Maestria\2025S\Phonetics TeamLab\ALC\ses1082,0811082019_h_00.wav,A,0.00119,DRUNK,019,019
c:\Users\nagap\OneDrive\Documentos\Maestria\2025S\Phonetics TeamLab\ALC\ses1082,0811082020_h_00.wav,A,0.00119,DRUNK,020,020
c:\Users\nagap\OneDrive\Documentos\Maestria\2025S\Phonetics TeamLab\ALC\ses1082,0811082021_h_00.wav,A,0.00119,DRUNK,021,041
c:\Users\nagap\OneDrive\Documentos\Maestria\2025S\Phonetics TeamLab\ALC\ses1082,0811082022_h_00.wav,A,0.00119,DRUNK,022,042
c:\Users\nagap\OneDrive\Documentos\Maestria\2025S\Phonetics TeamLab\ALC\ses1082,0811082023_h_00.wav,A,0.00119,DRUNK,023,059
c:\Users\nagap\OneDrive\Documentos\Maestria\2025S\Phonetics TeamLab\ALC\ses1082,0811082024_h_00.wav,A,0.00119,DRUNK,024,051
c:\Users\nagap\OneDrive\Documentos\Maestria\2025S\Phonetics TeamLab\ALC\ses1082,0811082025_h_02.wav,A,0.00119,DRUNK,025,046
c:\Users\nagap\OneDrive\Documentos\Maestria\2025S\Phonetics TeamLab\ALC\ses1082,0811082026_h_00.wav,A,0.00119,DRUNK,026,055
c:\Users\nagap\OneDrive\Documentos\Maestria\2025S\Phonetics TeamLab\ALC\ses1082,0811082027_h_00.wav,A,0.00119,DRUNK,027,048
c:\Users\nagap\OneDrive\Documentos\Maestria\2025S\Phonetics TeamLab\ALC\ses1082,0811082028_h_00.wav,A,0.00119,DRUNK,028,049
c:\Users\nagap\OneDrive\Documentos\Maestria\2025S\Phonetics TeamLab\ALC\ses1082,0811082029_h_00.wav,A,0.00119,DRUNK,029,050
c:\Users\nagap\OneDrive\Documentos\Maestria\2025S\Phonetics TeamLab\ALC\ses1082,0811082030_h_00.wav,A,0.00119,DRUNK,030,060
c:\Users\nagap\OneDrive\Documentos\Maestria\2025S\Phonetics TeamLab\ALC\ses2053,0812053001_h_00.wav,N,0.0,SOBER,001,001
c:\Users\nagap\OneDrive\Documentos\Maestria\2025S\Phonetics TeamLab\ALC\ses2053,0812053002_h_00.wav,N,0.0,SOBER,002,002
c:\Users\nagap\OneDrive\Documentos\Maestria\2025S\Phonetics TeamLab\ALC\ses2053,0812053003_h_00.wav,N,0.0,SOBER,003,003
c:\Users\nagap\OneDrive\Documentos\Maestria\2025S\Phonetics TeamLab\ALC\ses2053,0812053004_h_00.wav,N,0.0,SOBER,004,004
c:\Users\nagap\OneDrive\Documentos\Maestria\2025S\Phonetics TeamLab\ALC\ses2053,0812053005_h_00.wav,N,0.0,SOBER,005,005
c:\Users\nagap\OneDrive\Documentos\Maestria\2025S\Phonetics TeamLab\ALC\ses2053,0812053006_h_00.wav,N,0.0,SOBER,006,006
c:\Users\nagap\OneDrive\Documentos\Maestria\2025S\Phonetics TeamLab\ALC\ses2053,0812053007_h_00.wav,N,0.0,SOBER,007,007
c:\Users\nagap\OneDrive\Documentos\Maestria\2025S\Phonetics TeamLab\ALC\ses2053,0812053008_h_00.wav,N,0.0,SOBER,008,008
c:\Users\nagap\OneDrive\Documentos\Maestria\2025S\Phonetics TeamLab\ALC\ses2053,0812053009_h_00.wav,N,0.0,SOBER,009,009
c:\Users\nagap\OneDrive\Documentos\Maestria\2025S\Phonetics TeamLab\ALC\ses2053,0812053010_h_00.wav,N,0.0,SOBER,010,010
c:\Users\nagap\OneDrive\Documentos\Maestria\2025S\Phonetics TeamLab\ALC\ses2053,0812053011_h_00.wav,N,0.0,SOBER,011,011
c:\Users\nagap\OneDrive\Documentos\Maestria\2025S\Phonetics TeamLab\ALC\ses2053,0812053012_h_00.wav,N,0.0,SOBER,012,012
c:\Users\nagap\OneDrive\Documentos\Maestria\2025S\Phonetics TeamLab\ALC\ses2053,0812053013_h_00.wav,N,0.0,SOBER,013,013
c:\Users\nagap\OneDrive\Documentos\Maestria\2025S\Phonetics TeamLab\ALC\ses2053,0812053014_h_00.wav,N,0.0,SOBER,014,014
c:\Users\nagap\OneDrive\Documentos\Maestria\2025S\Phonetics TeamLab\ALC\ses2053,0812053015_h_00.wav,N,0.0,SOBER,015,015
c:\Users\nagap\OneDrive\Documentos\Maestria\2025S\Phonetics TeamLab\ALC\ses2053,0812053016_h_00.wav,N,0.0,SOBER,016,016
c:\Users\nagap\OneDrive\Documentos\Maestria\2025S\Phonetics TeamLab\ALC\ses2053,0812053017_h_00.wav,N,0.0,SOBER,017,017
c:\Users\nagap\OneDrive\Documentos\Maestria\2025S\Phonetics TeamLab\ALC\ses2053,0812053018_h_00.wav,N,0.0,SOBER,018,018
c:\Users\nagap\OneDrive\Documentos\Maestria\2025S\Phonetics TeamLab\ALC\ses2053,0812053019_h_00.wav,N,0.0,SOBER,019,019
c:\Users\nagap\OneDrive\Documentos\Maestria\2025S\Phonetics TeamLab\ALC\ses2053,0812053020_h_00.wav,N,0.0,SOBER,020,020
c:\Users\nagap\OneDrive\Documentos\Maestria\2025S\Phonetics TeamLab\ALC\ses2053,0812053021_h_00.wav,N,0.0,SOBER,021,021
c:\Users\nagap\OneDrive\Documentos\Maestria\2025S\Phonetics TeamLab\ALC\ses2053,0812053022_h_00.wav,N,0.0,SOBER,022,022
c:\Users\nagap\OneDrive\Documentos\Maestria\2025S\Phonetics TeamLab\ALC\ses2053,0812053023_h_00.wav,N,0.0,SOBER,023,023
c:\Users\nagap\OneDrive\Documentos\Maestria\2025S\Phonetics TeamLab\ALC\ses2053,0812053024_h_00.wav,N,0.0,SOBER,024,024
c:\Users\nagap\OneDrive\Documentos\Maestria\2025S\Phonetics TeamLab\ALC\ses2053,0812053025_h_00.wav,N,0.0,SOBER,025,025
c:\Users\nagap\OneDrive\Documentos\Maestria\2025S\Phonetics TeamLab\ALC\ses2053,0812053026_h_00.wav,N,0.0,SOBER,026,026
c:\Users\nagap\OneDrive\Documentos\Maestria\2025S\Phonetics TeamLab\ALC\ses2053,0812053027_h_00.wav,N,0.0,SOBER,027,027
c:\Users\nagap\OneDrive\Documentos\Maestria\2025S\Phonetics TeamLab\ALC\ses2053,0812053028_h_00.wav,N,0.0,SOBER,028,028
c:\Users\nagap\OneDrive\Documentos\Maestria\2025S\Phonetics TeamLab\ALC\ses2053,0812053029_h_00.wav,N,0.0,SOBER,029,029
c:\Users\nagap\OneDrive\Documentos\Maestria\2025S\Phonetics TeamLab\ALC\ses2053,0812053030_h_00.wav,N,0.0,SOBER,030,030
c:\Users\nagap\OneDrive\Documentos\Maestria\2025S\Phonetics TeamLab\ALC\ses2053,0812053031_h_00.wav,N,0.0,SOBER,031,031
c:\Users\nagap\OneDrive\Documentos\Maestria\2025S\Phonetics TeamLab\ALC\ses2053,0812053032_h_00.wav,N,0.0,SOBER,032,032
c:\Users\nagap\OneDrive\Documentos\Maestria\2025S\Phonetics TeamLab\ALC\ses2053,0812053033_h_00.wav,N,0.0,SOBER,033,033
c:\Users\nagap\OneDrive\Documentos\Maestria\2025S\Phonetics TeamLab\ALC\ses2053,0812053034_h_00.wav,N,0.0,SOBER,034,034
c:\Users\nagap\OneDrive\Documentos\Maestria\2025S\Phonetics TeamLab\ALC\ses2053,0812053035_h_00.wav,N,0.0,SOBER,035,035
c:\Users\nagap\OneDrive\Documentos\Maestria\2025S\Phonetics TeamLab\ALC\ses2053,0812053036_h_00.wav,N,0.0,SOBER,036,036
c:\Users\nagap\OneDrive\Documentos\Maestria\2025S\Phonetics TeamLab\ALC\ses2053,0812053037_h_00.wav,N,0.0,SOBER,037,037
c:\Users\nagap\OneDrive\Documentos\Maestria\2025S\Phonetics TeamLab\ALC\ses2053,0812053038_h_00.wav,N,0.0,SOBER,038,038
c:\Users\nagap\OneDrive\Documentos\Maestria\2025S\Phonetics TeamLab\ALC\ses2053,0812053039_h_00.wav,N,0.0,SOBER,039,039
c:\Users\nagap\OneDrive\Documentos\Maestria\2025S\Phonetics TeamLab\ALC\ses2053,0812053040_h_00.wav,N,0.0,SOBER,040,040
c:\Users\nagap\OneDrive\Documentos\Maestria\2025S\Phonetics TeamLab\ALC\ses2053,0812053041_h_00.wav,N,0.0,SOBER,041,041
c:\Users\nagap\OneDrive\Documentos\Maestria\2025S\Phonetics TeamLab\ALC\ses2053,0812053042_h_00.wav,N,0.0,SOBER,042,042
c:\Users\nagap\OneDrive\Documentos\Maestria\2025S\Phonetics TeamLab\ALC\ses2053,0812053043_h_00.wav,N,0.0,SOBER,043,043
c:\Users\nagap\OneDrive\Documentos\Maestria\2025S\Phonetics TeamLab\ALC\ses2053,0812053044_h_00.wav,N,0.0,SOBER,044,044
c:\Users\nagap\OneDrive\Documentos\Maestria\2025S\Phonetics TeamLab\ALC\ses2053,0812053045_h_00.wav,N,0.0,SOBER,045,045
c:\Users\nagap\OneDrive\Documentos\Maestria\2025S\Phonetics TeamLab\ALC\ses2053,0812053046_h_00.wav,N,0.0,SOBER,046,046
c:\Users\nagap\OneDrive\Documentos\Maestria\2025S\Phonetics TeamLab\ALC\ses2053,0812053047_h_00.wav,N,0.0,SOBER,047,047
c:\Users\nagap\OneDrive\Documentos\Maestria\2025S\Phonetics TeamLab\ALC\ses2053,0812053048_h_00.wav,N,0.0,SOBER,048,048
c:\Users\nagap\OneDrive\Documentos\Maestria\2025S\Phonetics TeamLab\ALC\ses2053,0812053049_h_00.wav,N,0.0,SOBER,049,049
c:\Users\nagap\OneDrive\Documentos\Maestria\2025S\Phonetics TeamLab\ALC\ses2053,0812053050_h_00.wav,N,0.0,SOBER,050,050
c:\Users\nagap\OneDrive\Documentos\Maestria\2025S\Phonetics TeamLab\ALC\ses2053,0812053051_h_00.wav,N,0.0,SOBER,051,051
c:\Users\nagap\OneDrive\Documentos\Maestria\2025S\Phonetics TeamLab\ALC\ses2053,0812053052_h_00.wav,N,0.0,SOBER,052,052
c:\Users\nagap\OneDrive\Documentos\Maestria\2025S\Phonetics TeamLab\ALC\ses2053,0812053053_h_00.wav,N,0.0,SOBER,053,053
c:\Users\nagap\OneDrive\Documentos\Maestria\2025S\Phonetics TeamLab\ALC\ses2053,0812053054_h_00.wav,N,0.0,SOBER,054,054
c:\Users\nagap\OneDrive\Documentos\Maestria\2025S\Phonetics TeamLab\ALC\ses2053,0812053055_h_00.wav,N,0.0,SOBER,055,055
c:\Users\nagap\OneDrive\Documentos\Maestria\2025S\Phonetics TeamLab\ALC\ses2053,0812053056_h_00.wav,N,0.0,SOBER,056,056
c:\Users\nagap\OneDrive\Documentos\Maestria\2025S\Phonetics TeamLab\ALC\ses2053,0812053057_h_00.wav,N,0.0,SOBER,057,057
c:\Users\nagap\OneDrive\Documentos\Maestria\2025S\Phonetics TeamLab\ALC\ses2053,0812053058_h_00.wav,N,0.0,SOBER,058,058
c:\Users\nagap\OneDrive\Documentos\Maestria\2025S\Phonetics TeamLab\ALC\ses2053,0812053059_h_00.wav,N,0.0,SOBER,059,059
c:\Users\nagap\OneDrive\Documentos\Maestria\2025S\Phonetics TeamLab\ALC\ses2053,0812053060_h_00.wav,N,0.0,SOBER,060,060
c:\Users\nagap\OneDrive\Documentos\Maestria\2025S\Phonetics TeamLab\ALC\ses1076,0751076001_h_00.wav,A,0.00096,DRUNK,001,001
c:\Users\nagap\OneDrive\Documentos\Maestria\2025S\Phonetics TeamLab\ALC\ses1076,0751076002_h_00.wav,A,0.00096,DRUNK,002,034
c:\Users\nagap\OneDrive\Documentos\Maestria\2025S\Phonetics TeamLab\ALC\ses1076,0751076003_h_00.wav,A,0.00096,DRUNK,003,032
c:\Users\nagap\OneDrive\Documentos\Maestria\2025S\Phonetics TeamLab\ALC\ses1076,0751076004_h_00.wav,A,0.00096,DRUNK,004,061
c:\Users\nagap\OneDrive\Documentos\Maestria\2025S\Phonetics TeamLab\ALC\ses1076,0751076005_h_00.wav,A,0.00096,DRUNK,005,030
c:\Users\nagap\OneDrive\Documentos\Maestria\2025S\Phonetics TeamLab\ALC\ses1076,0751076006_h_00.wav,A,0.00096,DRUNK,006,026
c:\Users\nagap\OneDrive\Documentos\Maestria\2025S\Phonetics TeamLab\ALC\ses1076,0751076007_h_00.wav,A,0.00096,DRUNK,007,023
c:\Users\nagap\OneDrive\Documentos\Maestria\2025S\Phonetics TeamLab\ALC\ses1076,0751076008_h_00.wav,A,0.00096,DRUNK,008,008
c:\Users\nagap\OneDrive\Documentos\Maestria\2025S\Phonetics TeamLab\ALC\ses1076,0751076009_h_00.wav,A,0.00096,DRUNK,009,029
c:\Users\nagap\OneDrive\Documentos\Maestria\2025S\Phonetics TeamLab\ALC\ses1076,0751076010_h_01.wav,A,0.00096,DRUNK,010,010
c:\Users\nagap\OneDrive\Documentos\Maestria\2025S\Phonetics TeamLab\ALC\ses1076,0751076011_h_00.wav,A,0.00096,DRUNK,011,031
c:\Users\nagap\OneDrive\Documentos\Maestria\2025S\Phonetics TeamLab\ALC\ses1076,0751076012_h_00.wav,A,0.00096,DRUNK,012,012
c:\Users\nagap\OneDrive\Documentos\Maestria\2025S\Phonetics TeamLab\ALC\ses1076,0751076013_h_00.wav,A,0.00096,DRUNK,013,013
c:\Users\nagap\OneDrive\Documentos\Maestria\2025S\Phonetics TeamLab\ALC\ses1076,0751076014_h_00.wav,A,0.00096,DRUNK,014,014
c:\Users\nagap\OneDrive\Documentos\Maestria\2025S\Phonetics TeamLab\ALC\ses1076,0751076015_h_00.wav,A,0.00096,DRUNK,015,015
c:\Users\nagap\OneDrive\Documentos\Maestria\2025S\Phonetics TeamLab\ALC\ses1076,0751076016_h_00.wav,A,0.00096,DRUNK,016,036
c:\Users\nagap\OneDrive\Documentos\Maestria\2025S\Phonetics TeamLab\ALC\ses1076,0751076017_h_00.wav,A,0.00096,DRUNK,017,024
c:\Users\nagap\OneDrive\Documentos\Maestria\2025S\Phonetics TeamLab\ALC\ses1076,0751076018_h_00.wav,A,0.00096,DRUNK,018,038
c:\Users\nagap\OneDrive\Documentos\Maestria\2025S\Phonetics TeamLab\ALC\ses1076,0751076019_h_00.wav,A,0.00096,DRUNK,019,019
c:\Users\nagap\OneDrive\Documentos\Maestria\2025S\Phonetics TeamLab\ALC\ses1076,0751076020_h_00.wav,A,0.00096,DRUNK,020,020
c:\Users\nagap\OneDrive\Documentos\Maestria\2025S\Phonetics TeamLab\ALC\ses1076,0751076021_h_00.wav,A,0.00096,DRUNK,021,041
c:\Users\nagap\OneDrive\Documentos\Maestria\2025S\Phonetics TeamLab\ALC\ses1076,0751076022_h_00.wav,A,0.00096,DRUNK,022,042
c:\Users\nagap\OneDrive\Documentos\Maestria\2025S\Phonetics TeamLab\ALC\ses1076,0751076023_h_00.wav,A,0.00096,DRUNK,023,059
c:\Users\nagap\OneDrive\Documentos\Maestria\2025S\Phonetics TeamLab\ALC\ses1076,0751076024_h_00.wav,A,0.00096,DRUNK,024,051
c:\Users\nagap\OneDrive\Documentos\Maestria\2025S\Phonetics TeamLab\ALC\ses1076,0751076025_h_00.wav,A,0.00096,DRUNK,025,046
c:\Users\nagap\OneDrive\Documentos\Maestria\2025S\Phonetics TeamLab\ALC\ses1076,0751076026_h_00.wav,A,0.00096,DRUNK,026,055
c:\Users\nagap\OneDrive\Documentos\Maestria\2025S\Phonetics TeamLab\ALC\ses1076,0751076027_h_00.wav,A,0.00096,DRUNK,027,048
c:\Users\nagap\OneDrive\Documentos\Maestria\2025S\Phonetics TeamLab\ALC\ses1076,0751076028_h_00.wav,A,0.00096,DRUNK,028,049
c:\Users\nagap\OneDrive\Documentos\Maestria\2025S\Phonetics TeamLab\ALC\ses1076,0751076029_h_00.wav,A,0.00096,DRUNK,029,050
c:\Users\nagap\OneDrive\Documentos\Maestria\2025S\Phonetics TeamLab\ALC\ses1076,0751076030_h_01.wav,A,0.00096,DRUNK,030,060
c:\Users\nagap\OneDrive\Documentos\Maestria\2025S\Phonetics TeamLab\ALC\ses2068,0752068001_h_00.wav,N,0.0,SOBER,001,001
c:\Users\nagap\OneDrive\Documentos\Maestria\2025S\Phonetics TeamLab\ALC\ses2068,0752068002_h_01.wav,N,0.0,SOBER,002,002
c:\Users\nagap\OneDrive\Documentos\Maestria\2025S\Phonetics TeamLab\ALC\ses2068,0752068003_h_00.wav,N,0.0,SOBER,003,003
c:\Users\nagap\OneDrive\Documentos\Maestria\2025S\Phonetics TeamLab\ALC\ses2068,0752068004_h_00.wav,N,0.0,SOBER,004,004
c:\Users\nagap\OneDrive\Documentos\Maestria\2025S\Phonetics TeamLab\ALC\ses2068,0752068005_h_00.wav,N,0.0,SOBER,005,005
c:\Users\nagap\OneDrive\Documentos\Maestria\2025S\Phonetics TeamLab\ALC\ses2068,0752068006_h_00.wav,N,0.0,SOBER,006,006
c:\Users\nagap\OneDrive\Documentos\Maestria\2025S\Phonetics TeamLab\ALC\ses2068,0752068007_h_00.wav,N,0.0,SOBER,007,007
c:\Users\nagap\OneDrive\Documentos\Maestria\2025S\Phonetics TeamLab\ALC\ses2068,0752068008_h_00.wav,N,0.0,SOBER,008,008
c:\Users\nagap\OneDrive\Documentos\Maestria\2025S\Phonetics TeamLab\ALC\ses2068,0752068009_h_00.wav,N,0.0,SOBER,009,009
c:\Users\nagap\OneDrive\Documentos\Maestria\2025S\Phonetics TeamLab\ALC\ses2068,0752068010_h_00.wav,N,0.0,SOBER,010,010
c:\Users\nagap\OneDrive\Documentos\Maestria\2025S\Phonetics TeamLab\ALC\ses2068,0752068011_h_00.wav,N,0.0,SOBER,011,011
c:\Users\nagap\OneDrive\Documentos\Maestria\2025S\Phonetics TeamLab\ALC\ses2068,0752068012_h_00.wav,N,0.0,SOBER,012,012
c:\Users\nagap\OneDrive\Documentos\Maestria\2025S\Phonetics TeamLab\ALC\ses2068,0752068013_h_00.wav,N,0.0,SOBER,013,013
c:\Users\nagap\OneDrive\Documentos\Maestria\2025S\Phonetics TeamLab\ALC\ses2068,0752068014_h_00.wav,N,0.0,SOBER,014,014
c:\Users\nagap\OneDrive\Documentos\Maestria\2025S\Phonetics TeamLab\ALC\ses2068,0752068015_h_00.wav,N,0.0,SOBER,015,015
c:\Users\nagap\OneDrive\Documentos\Maestria\2025S\Phonetics TeamLab\ALC\ses2068,0752068016_h_00.wav,N,0.0,SOBER,016,016
c:\Users\nagap\OneDrive\Documentos\Maestria\2025S\Phonetics TeamLab\ALC\ses2068,0752068017_h_00.wav,N,0.0,SOBER,017,017
c:\Users\nagap\OneDrive\Documentos\Maestria\2025S\Phonetics TeamLab\ALC\ses2068,0752068018_h_00.wav,N,0.0,SOBER,018,018
c:\Users\nagap\OneDrive\Documentos\Maestria\2025S\Phonetics TeamLab\ALC\ses2068,0752068019_h_04.wav,N,0.0,SOBER,019,019
c:\Users\nagap\OneDrive\Documentos\Maestria\2025S\Phonetics TeamLab\ALC\ses2068,0752068020_h_00.wav,N,0.0,SOBER,020,020
c:\Users\nagap\OneDrive\Documentos\Maestria\2025S\Phonetics TeamLab\ALC\ses2068,0752068021_h_00.wav,N,0.0,SOBER,021,021
c:\Users\nagap\OneDrive\Documentos\Maestria\2025S\Phonetics TeamLab\ALC\ses2068,0752068022_h_00.wav,N,0.0,SOBER,022,022
c:\Users\nagap\OneDrive\Documentos\Maestria\2025S\Phonetics TeamLab\ALC\ses2068,0752068023_h_00.wav,N,0.0,SOBER,023,023
c:\Users\nagap\OneDrive\Documentos\Maestria\2025S\Phonetics TeamLab\ALC\ses2068,0752068024_h_01.wav,N,0.0,SOBER,024,024
c:\Users\nagap\OneDrive\Documentos\Maestria\2025S\Phonetics TeamLab\ALC\ses2068,0752068025_h_00.wav,N,0.0,SOBER,025,025
c:\Users\nagap\OneDrive\Documentos\Maestria\2025S\Phonetics TeamLab\ALC\ses2068,0752068026_h_00.wav,N,0.0,SOBER,026,026
c:\Users\nagap\OneDrive\Documentos\Maestria\2025S\Phonetics TeamLab\ALC\ses2068,0752068027_h_00.wav,N,0.0,SOBER,027,027
c:\Users\nagap\OneDrive\Documentos\Maestria\2025S\Phonetics TeamLab\ALC\ses2068,0752068028_h_00.wav,N,0.0,SOBER,028,028
c:\Users\nagap\OneDrive\Documentos\Maestria\2025S\Phonetics TeamLab\ALC\ses2068,0752068029_h_00.wav,N,0.0,SOBER,029,029
c:\Users\nagap\OneDrive\Documentos\Maestria\2025S\Phonetics TeamLab\ALC\ses2068,0752068030_h_00.wav,N,0.0,SOBER,030,030
c:\Users\nagap\OneDrive\Documentos\Maestria\2025S\Phonetics TeamLab\ALC\ses2068,0752068031_h_00.wav,N,0.0,SOBER,031,031
c:\Users\nagap\OneDrive\Documentos\Maestria\2025S\Phonetics TeamLab\ALC\ses2068,0752068032_h_00.wav,N,0.0,SOBER,032,032
c:\Users\nagap\OneDrive\Documentos\Maestria\2025S\Phonetics TeamLab\ALC\ses2068,0752068033_h_00.wav,N,0.0,SOBER,033,033
c:\Users\nagap\OneDrive\Documentos\Maestria\2025S\Phonetics TeamLab\ALC\ses2068,0752068034_h_00.wav,N,0.0,SOBER,034,034
c:\Users\nagap\OneDrive\Documentos\Maestria\2025S\Phonetics TeamLab\ALC\ses2068,0752068035_h_00.wav,N,0.0,SOBER,035,035
c:\Users\nagap\OneDrive\Documentos\Maestria\2025S\Phonetics TeamLab\ALC\ses2068,0752068036_h_00.wav,N,0.0,SOBER,036,036
c:\Users\nagap\OneDrive\Documentos\Maestria\2025S\Phonetics TeamLab\ALC\ses2068,0752068037_h_00.wav,N,0.0,SOBER,037,037
c:\Users\nagap\OneDrive\Documentos\Maestria\2025S\Phonetics TeamLab\ALC\ses2068,0752068038_h_00.wav,N,0.0,SOBER,038,038
c:\Users\nagap\OneDrive\Documentos\Maestria\2025S\Phonetics TeamLab\ALC\ses2068,0752068039_h_00.wav,N,0.0,SOBER,039,039
c:\Users\nagap\OneDrive\Documentos\Maestria\2025S\Phonetics TeamLab\ALC\ses2068,0752068040_h_00.wav,N,0.0,SOBER,040,040
c:\Users\nagap\OneDrive\Documentos\Maestria\2025S\Phonetics TeamLab\ALC\ses2068,0752068041_h_00.wav,N,0.0,SOBER,041,041
c:\Users\nagap\OneDrive\Documentos\Maestria\2025S\Phonetics TeamLab\ALC\ses2068,0752068042_h_00.wav,N,0.0,SOBER,042,042
c:\Users\nagap\OneDrive\Documentos\Maestria\2025S\Phonetics TeamLab\ALC\ses2068,0752068043_h_00.wav,N,0.0,SOBER,043,043
c:\Users\nagap\OneDrive\Documentos\Maestria\2025S\Phonetics TeamLab\ALC\ses2068,0752068044_h_00.wav,N,0.0,SOBER,044,044
c:\Users\nagap\OneDrive\Documentos\Maestria\2025S\Phonetics TeamLab\ALC\ses2068,0752068045_h_00.wav,N,0.0,SOBER,045,045
c:\Users\nagap\OneDrive\Documentos\Maestria\2025S\Phonetics TeamLab\ALC\ses2068,0752068046_h_00.wav,N,0.0,SOBER,046,046
c:\Users\nagap\OneDrive\Documentos\Maestria\2025S\Phonetics TeamLab\ALC\ses2068,0752068047_h_00.wav,N,0.0,SOBER,047,047
c:\Users\nagap\OneDrive\Documentos\Maestria\2025S\Phonetics TeamLab\ALC\ses2068,0752068048_h_00.wav,N,0.0,SOBER,048,048
c:\Users\nagap\OneDrive\Documentos\Maestria\2025S\Phonetics TeamLab\ALC\ses2068,0752068049_h_00.wav,N,0.0,SOBER,049,049
c:\Users\nagap\OneDrive\Documentos\Maestria\2025S\Phonetics TeamLab\ALC\ses2068,0752068050_h_00.wav,N,0.0,SOBER,050,050
c:\Users\nagap\OneDrive\Documentos\Maestria\2025S\Phonetics TeamLab\ALC\ses2068,0752068051_h_00.wav,N,0.0,SOBER,051,051
c:\Users\nagap\OneDrive\Documentos\Maestria\2025S\Phonetics TeamLab\ALC\ses2068,0752068052_h_00.wav,N,0.0,SOBER,052,052
c:\Users\nagap\OneDrive\Documentos\Maestria\2025S\Phonetics TeamLab\ALC\ses2068,0752068053_h_00.wav,N,0.0,SOBER,053,053
c:\Users\nagap\OneDrive\Documentos\Maestria\2025S\Phonetics TeamLab\ALC\ses2068,0752068054_h_00.wav,N,0.0,SOBER,054,054
c:\Users\nagap\OneDrive\Documentos\Maestria\2025S\Phonetics TeamLab\ALC\ses2068,0752068055_h_00.wav,N,0.0,SOBER,055,055
c:\Users\nagap\OneDrive\Documentos\Maestria\2025S\Phonetics TeamLab\ALC\ses2068,0752068056_h_00.wav,N,0.0,SOBER,056,056
c:\Users\nagap\OneDrive\Documentos\Maestria\2025S\Phonetics TeamLab\ALC\ses2068,0752068057_h_00.wav,N,0.0,SOBER,057,057
c:\Users\nagap\OneDrive\Documentos\Maestria\2025S\Phonetics TeamLab\ALC\ses2068,0752068058_h_00.wav,N,0.0,SOBER,058,058
c:\Users\nagap\OneDrive\Documentos\Maestria\2025S\Phonetics TeamLab\ALC\ses2068,0752068059_h_00.wav,N,0.0,SOBER,059,059
c:\Users\nagap\OneDrive\Documentos\Maestria\2025S\Phonetics TeamLab\ALC\ses2068,0752068060_h_00.wav,N,0.0,SOBER,060,060
c:\Users\nagap\OneDrive\Documentos\Maestria\2025S\Phonetics TeamLab\ALC\ses1048,0471048001_h_00.wav,A,0.00125,DRUNK,001,001
c:\Users\nagap\OneDrive\Documentos\Maestria\2025S\Phonetics TeamLab\ALC\ses1048,0471048002_h_00.wav,A,0.00125,DRUNK,002,034
c:\Users\nagap\OneDrive\Documentos\Maestria\2025S\Phonetics TeamLab\ALC\ses1048,0471048003_h_00.wav,A,0.00125,DRUNK,003,032
c:\Users\nagap\OneDrive\Documentos\Maestria\2025S\Phonetics TeamLab\ALC\ses1048,0471048004_h_00.wav,A,0.00125,DRUNK,004,061
c:\Users\nagap\OneDrive\Documentos\Maestria\2025S\Phonetics TeamLab\ALC\ses1048,0471048005_h_00.wav,A,0.00125,DRUNK,005,030
c:\Users\nagap\OneDrive\Documentos\Maestria\2025S\Phonetics TeamLab\ALC\ses1048,0471048006_h_00.wav,A,0.00125,DRUNK,006,026
c:\Users\nagap\OneDrive\Documentos\Maestria\2025S\Phonetics TeamLab\ALC\ses1048,0471048007_h_00.wav,A,0.00125,DRUNK,007,023
c:\Users\nagap\OneDrive\Documentos\Maestria\2025S\Phonetics TeamLab\ALC\ses1048,0471048008_h_00.wav,A,0.00125,DRUNK,008,008
c:\Users\nagap\OneDrive\Documentos\Maestria\2025S\Phonetics TeamLab\ALC\ses1048,0471048009_h_00.wav,A,0.00125,DRUNK,009,029
c:\Users\nagap\OneDrive\Documentos\Maestria\2025S\Phonetics TeamLab\ALC\ses1048,0471048010_h_00.wav,A,0.00125,DRUNK,010,010
c:\Users\nagap\OneDrive\Documentos\Maestria\2025S\Phonetics TeamLab\ALC\ses1048,0471048011_h_00.wav,A,0.00125,DRUNK,011,031
c:\Users\nagap\OneDrive\Documentos\Maestria\2025S\Phonetics TeamLab\ALC\ses1048,0471048012_h_00.wav,A,0.00125,DRUNK,012,012
c:\Users\nagap\OneDrive\Documentos\Maestria\2025S\Phonetics TeamLab\ALC\ses1048,0471048013_h_00.wav,A,0.00125,DRUNK,013,013
c:\Users\nagap\OneDrive\Documentos\Maestria\2025S\Phonetics TeamLab\ALC\ses1048,0471048014_h_00.wav,A,0.00125,DRUNK,014,014
c:\Users\nagap\OneDrive\Documentos\Maestria\2025S\Phonetics TeamLab\ALC\ses1048,0471048015_h_00.wav,A,0.00125,DRUNK,015,015
c:\Users\nagap\OneDrive\Documentos\Maestria\2025S\Phonetics TeamLab\ALC\ses1048,0471048016_h_00.wav,A,0.00125,DRUNK,016,036
c:\Users\nagap\OneDrive\Documentos\Maestria\2025S\Phonetics TeamLab\ALC\ses1048,0471048017_h_00.wav,A,0.00125,DRUNK,017,024
c:\Users\nagap\OneDrive\Documentos\Maestria\2025S\Phonetics TeamLab\ALC\ses1048,0471048018_h_00.wav,A,0.00125,DRUNK,018,038
c:\Users\nagap\OneDrive\Documentos\Maestria\2025S\Phonetics TeamLab\ALC\ses1048,0471048019_h_00.wav,A,0.00125,DRUNK,019,019
c:\Users\nagap\OneDrive\Documentos\Maestria\2025S\Phonetics TeamLab\ALC\ses1048,0471048020_h_00.wav,A,0.00125,DRUNK,020,020
c:\Users\nagap\OneDrive\Documentos\Maestria\2025S\Phonetics TeamLab\ALC\ses1048,0471048021_h_00.wav,A,0.00125,DRUNK,021,041
c:\Users\nagap\OneDrive\Documentos\Maestria\2025S\Phonetics TeamLab\ALC\ses1048,0471048022_h_00.wav,A,0.00125,DRUNK,022,042
c:\Users\nagap\OneDrive\Documentos\Maestria\2025S\Phonetics TeamLab\ALC\ses1048,0471048023_h_00.wav,A,0.00125,DRUNK,023,059
c:\Users\nagap\OneDrive\Documentos\Maestria\2025S\Phonetics TeamLab\ALC\ses1048,0471048024_h_00.wav,A,0.00125,DRUNK,024,051
c:\Users\nagap\OneDrive\Documentos\Maestria\2025S\Phonetics TeamLab\ALC\ses1048,0471048025_h_00.wav,A,0.00125,DRUNK,025,046
c:\Users\nagap\OneDrive\Documentos\Maestria\2025S\Phonetics TeamLab\ALC\ses1048,0471048026_h_00.wav,A,0.00125,DRUNK,026,055
c:\Users\nagap\OneDrive\Documentos\Maestria\2025S\Phonetics TeamLab\ALC\ses1048,0471048027_h_00.wav,A,0.00125,DRUNK,027,048
c:\Users\nagap\OneDrive\Documentos\Maestria\2025S\Phonetics TeamLab\ALC\ses1048,0471048028_h_00.wav,A,0.00125,DRUNK,028,049
c:\Users\nagap\OneDrive\Documentos\Maestria\2025S\Phonetics TeamLab\ALC\ses1048,0471048029_h_00.wav,A,0.00125,DRUNK,029,050
c:\Users\nagap\OneDrive\Documentos\Maestria\2025S\Phonetics TeamLab\ALC\ses1048,0471048030_h_00.wav,A,0.00125,DRUNK,030,060
c:\Users\nagap\OneDrive\Documentos\Maestria\2025S\Phonetics TeamLab\ALC\ses2044,0472044001_h_00.wav,N,0.0,SOBER,001,001
c:\Users\nagap\OneDrive\Documentos\Maestria\2025S\Phonetics TeamLab\ALC\ses2044,0472044002_h_00.wav,N,0.0,SOBER,002,002
c:\Users\nagap\OneDrive\Documentos\Maestria\2025S\Phonetics TeamLab\ALC\ses2044,0472044003_h_00.wav,N,0.0,SOBER,003,003
c:\Users\nagap\OneDrive\Documentos\Maestria\2025S\Phonetics TeamLab\ALC\ses2044,0472044004_h_00.wav,N,0.0,SOBER,004,004
c:\Users\nagap\OneDrive\Documentos\Maestria\2025S\Phonetics TeamLab\ALC\ses2044,0472044005_h_00.wav,N,0.0,SOBER,005,005
c:\Users\nagap\OneDrive\Documentos\Maestria\2025S\Phonetics TeamLab\ALC\ses2044,0472044006_h_00.wav,N,0.0,SOBER,006,006
c:\Users\nagap\OneDrive\Documentos\Maestria\2025S\Phonetics TeamLab\ALC\ses2044,0472044007_h_00.wav,N,0.0,SOBER,007,007
c:\Users\nagap\OneDrive\Documentos\Maestria\2025S\Phonetics TeamLab\ALC\ses2044,0472044008_h_00.wav,N,0.0,SOBER,008,008
c:\Users\nagap\OneDrive\Documentos\Maestria\2025S\Phonetics TeamLab\ALC\ses2044,0472044009_h_00.wav,N,0.0,SOBER,009,009
c:\Users\nagap\OneDrive\Documentos\Maestria\2025S\Phonetics TeamLab\ALC\ses2044,0472044010_h_01.wav,N,0.0,SOBER,010,010
c:\Users\nagap\OneDrive\Documentos\Maestria\2025S\Phonetics TeamLab\ALC\ses2044,0472044011_h_00.wav,N,0.0,SOBER,011,011
c:\Users\nagap\OneDrive\Documentos\Maestria\2025S\Phonetics TeamLab\ALC\ses2044,0472044012_h_00.wav,N,0.0,SOBER,012,012
c:\Users\nagap\OneDrive\Documentos\Maestria\2025S\Phonetics TeamLab\ALC\ses2044,0472044013_h_00.wav,N,0.0,SOBER,013,013
c:\Users\nagap\OneDrive\Documentos\Maestria\2025S\Phonetics TeamLab\ALC\ses2044,0472044014_h_01.wav,N,0.0,SOBER,014,014
c:\Users\nagap\OneDrive\Documentos\Maestria\2025S\Phonetics TeamLab\ALC\ses2044,0472044015_h_00.wav,N,0.0,SOBER,015,015
c:\Users\nagap\OneDrive\Documentos\Maestria\2025S\Phonetics TeamLab\ALC\ses2044,0472044016_h_00.wav,N,0.0,SOBER,016,016
c:\Users\nagap\OneDrive\Documentos\Maestria\2025S\Phonetics TeamLab\ALC\ses2044,0472044017_h_00.wav,N,0.0,SOBER,017,017
c:\Users\nagap\OneDrive\Documentos\Maestria\2025S\Phonetics TeamLab\ALC\ses2044,0472044018_h_00.wav,N,0.0,SOBER,018,018
c:\Users\nagap\OneDrive\Documentos\Maestria\2025S\Phonetics TeamLab\ALC\ses2044,0472044019_h_00.wav,N,0.0,SOBER,019,019
c:\Users\nagap\OneDrive\Documentos\Maestria\2025S\Phonetics TeamLab\ALC\ses2044,0472044020_h_00.wav,N,0.0,SOBER,020,020
c:\Users\nagap\OneDrive\Documentos\Maestria\2025S\Phonetics TeamLab\ALC\ses2044,0472044021_h_00.wav,N,0.0,SOBER,021,021
c:\Users\nagap\OneDrive\Documentos\Maestria\2025S\Phonetics TeamLab\ALC\ses2044,0472044022_h_00.wav,N,0.0,SOBER,022,022
c:\Users\nagap\OneDrive\Documentos\Maestria\2025S\Phonetics TeamLab\ALC\ses2044,0472044023_h_00.wav,N,0.0,SOBER,023,023
c:\Users\nagap\OneDrive\Documentos\Maestria\2025S\Phonetics TeamLab\ALC\ses2044,0472044024_h_00.wav,N,0.0,SOBER,024,024
c:\Users\nagap\OneDrive\Documentos\Maestria\2025S\Phonetics TeamLab\ALC\ses2044,0472044025_h_00.wav,N,0.0,SOBER,025,025
c:\Users\nagap\OneDrive\Documentos\Maestria\2025S\Phonetics TeamLab\ALC\ses2044,0472044026_h_00.wav,N,0.0,SOBER,026,026
c:\Users\nagap\OneDrive\Documentos\Maestria\2025S\Phonetics TeamLab\ALC\ses2044,0472044027_h_00.wav,N,0.0,SOBER,027,027
c:\Users\nagap\OneDrive\Documentos\Maestria\2025S\Phonetics TeamLab\ALC\ses2044,0472044028_h_00.wav,N,0.0,SOBER,028,028
c:\Users\nagap\OneDrive\Documentos\Maestria\2025S\Phonetics TeamLab\ALC\ses2044,0472044029_h_00.wav,N,0.0,SOBER,029,029
c:\Users\nagap\OneDrive\Documentos\Maestria\2025S\Phonetics TeamLab\ALC\ses2044,0472044030_h_00.wav,N,0.0,SOBER,030,030
c:\Users\nagap\OneDrive\Documentos\Maestria\2025S\Phonetics TeamLab\ALC\ses2044,0472044031_h_00.wav,N,0.0,SOBER,031,031
c:\Users\nagap\OneDrive\Documentos\Maestria\2025S\Phonetics TeamLab\ALC\ses2044,0472044032_h_00.wav,N,0.0,SOBER,032,032
c:\Users\nagap\OneDrive\Documentos\Maestria\2025S\Phonetics TeamLab\ALC\ses2044,0472044033_h_00.wav,N,0.0,SOBER,033,033
c:\Users\nagap\OneDrive\Documentos\Maestria\2025S\Phonetics TeamLab\ALC\ses2044,0472044034_h_00.wav,N,0.0,SOBER,034,034
c:\Users\nagap\OneDrive\Documentos\Maestria\2025S\Phonetics TeamLab\ALC\ses2044,0472044035_h_00.wav,N,0.0,SOBER,035,035
c:\Users\nagap\OneDrive\Documentos\Maestria\2025S\Phonetics TeamLab\ALC\ses2044,0472044036_h_00.wav,N,0.0,SOBER,036,036
c:\Users\nagap\OneDrive\Documentos\Maestria\2025S\Phonetics TeamLab\ALC\ses2044,0472044037_h_00.wav,N,0.0,SOBER,037,037
c:\Users\nagap\OneDrive\Documentos\Maestria\2025S\Phonetics TeamLab\ALC\ses2044,0472044038_h_00.wav,N,0.0,SOBER,038,038
c:\Users\nagap\OneDrive\Documentos\Maestria\2025S\Phonetics TeamLab\ALC\ses2044,0472044039_h_00.wav,N,0.0,SOBER,039,039
c:\Users\nagap\OneDrive\Documentos\Maestria\2025S\Phonetics TeamLab\ALC\ses2044,0472044040_h_00.wav,N,0.0,SOBER,040,040
c:\Users\nagap\OneDrive\Documentos\Maestria\2025S\Phonetics TeamLab\ALC\ses2044,0472044041_h_00.wav,N,0.0,SOBER,041,041
c:\Users\nagap\OneDrive\Documentos\Maestria\2025S\Phonetics TeamLab\ALC\ses2044,0472044042_h_00.wav,N,0.0,SOBER,042,042
c:\Users\nagap\OneDrive\Documentos\Maestria\2025S\Phonetics TeamLab\ALC\ses2044,0472044043_h_00.wav,N,0.0,SOBER,043,043
c:\Users\nagap\OneDrive\Documentos\Maestria\2025S\Phonetics TeamLab\ALC\ses2044,0472044044_h_00.wav,N,0.0,SOBER,044,044
c:\Users\nagap\OneDrive\Documentos\Maestria\2025S\Phonetics TeamLab\ALC\ses2044,0472044045_h_00.wav,N,0.0,SOBER,045,045
c:\Users\nagap\OneDrive\Documentos\Maestria\2025S\Phonetics TeamLab\ALC\ses2044,0472044046_h_00.wav,N,0.0,SOBER,046,046
c:\Users\nagap\OneDrive\Documentos\Maestria\2025S\Phonetics TeamLab\ALC\ses2044,0472044047_h_00.wav,N,0.0,SOBER,047,047
c:\Users\nagap\OneDrive\Documentos\Maestria\2025S\Phonetics TeamLab\ALC\ses2044,0472044048_h_00.wav,N,0.0,SOBER,048,048
c:\Users\nagap\OneDrive\Documentos\Maestria\2025S\Phonetics TeamLab\ALC\ses2044,0472044049_h_00.wav,N,0.0,SOBER,049,049
c:\Users\nagap\OneDrive\Documentos\Maestria\2025S\Phonetics TeamLab\ALC\ses2044,0472044050_h_00.wav,N,0.0,SOBER,050,050
c:\Users\nagap\OneDrive\Documentos\Maestria\2025S\Phonetics TeamLab\ALC\ses2044,0472044051_h_00.wav,N,0.0,SOBER,051,051
c:\Users\nagap\OneDrive\Documentos\Maestria\2025S\Phonetics TeamLab\ALC\ses2044,0472044052_h_00.wav,N,0.0,SOBER,052,052
c:\Users\nagap\OneDrive\Documentos\Maestria\2025S\Phonetics TeamLab\ALC\ses2044,0472044053_h_00.wav,N,0.0,SOBER,053,053
c:\Users\nagap\OneDrive\Documentos\Maestria\2025S\Phonetics TeamLab\ALC\ses2044,0472044054_h_00.wav,N,0.0,SOBER,054,054
c:\Users\nagap\OneDrive\Documentos\Maestria\2025S\Phonetics TeamLab\ALC\ses2044,0472044055_h_01.wav,N,0.0,SOBER,055,055
c:\Users\nagap\OneDrive\Documentos\Maestria\2025S\Phonetics TeamLab\ALC\ses2044,0472044056_h_00.wav,N,0.0,SOBER,056,056
c:\Users\nagap\OneDrive\Documentos\Maestria\2025S\Phonetics TeamLab\ALC\ses2044,0472044057_h_00.wav,N,0.0,SOBER,057,057
c:\Users\nagap\OneDrive\Documentos\Maestria\2025S\Phonetics TeamLab\ALC\ses2044,0472044058_h_00.wav,N,0.0,SOBER,058,058
c:\Users\nagap\OneDrive\Documentos\Maestria\2025S\Phonetics TeamLab\ALC\ses2044,0472044059_h_00.wav,N,0.0,SOBER,059,059
c:\Users\nagap\OneDrive\Documentos\Maestria\2025S\Phonetics TeamLab\ALC\ses2044,0472044060_h_01.wav,N,0.0,SOBER,060,060
c:\Users\nagap\OneDrive\Documentos\Maestria\2025S\Phonetics TeamLab\ALC\ses1009,0091009001_h_01.wav,A,0.00094,DRUNK,001,001
c:\Users\nagap\OneDrive\Documentos\Maestria\2025S\Phonetics TeamLab\ALC\ses1009,0091009002_h_00.wav,A,0.00094,DRUNK,002,034
c:\Users\nagap\OneDrive\Documentos\Maestria\2025S\Phonetics TeamLab\ALC\ses1009,0091009003_h_00.wav,A,0.00094,DRUNK,003,032
c:\Users\nagap\OneDrive\Documentos\Maestria\2025S\Phonetics TeamLab\ALC\ses1009,0091009004_h_00.wav,A,0.00094,DRUNK,004,061
c:\Users\nagap\OneDrive\Documentos\Maestria\2025S\Phonetics TeamLab\ALC\ses1009,0091009005_h_00.wav,A,0.00094,DRUNK,005,030
c:\Users\nagap\OneDrive\Documentos\Maestria\2025S\Phonetics TeamLab\ALC\ses1009,0091009006_h_00.wav,A,0.00094,DRUNK,006,026
c:\Users\nagap\OneDrive\Documentos\Maestria\2025S\Phonetics TeamLab\ALC\ses1009,0091009007_h_00.wav,A,0.00094,DRUNK,007,023
c:\Users\nagap\OneDrive\Documentos\Maestria\2025S\Phonetics TeamLab\ALC\ses1009,0091009008_h_00.wav,A,0.00094,DRUNK,008,008
c:\Users\nagap\OneDrive\Documentos\Maestria\2025S\Phonetics TeamLab\ALC\ses1009,0091009009_h_00.wav,A,0.00094,DRUNK,009,029
c:\Users\nagap\OneDrive\Documentos\Maestria\2025S\Phonetics TeamLab\ALC\ses1009,0091009010_h_00.wav,A,0.00094,DRUNK,010,010
c:\Users\nagap\OneDrive\Documentos\Maestria\2025S\Phonetics TeamLab\ALC\ses1009,0091009011_h_00.wav,A,0.00094,DRUNK,011,031
c:\Users\nagap\OneDrive\Documentos\Maestria\2025S\Phonetics TeamLab\ALC\ses1009,0091009012_h_00.wav,A,0.00094,DRUNK,012,012
c:\Users\nagap\OneDrive\Documentos\Maestria\2025S\Phonetics TeamLab\ALC\ses1009,0091009013_h_00.wav,A,0.00094,DRUNK,013,013
c:\Users\nagap\OneDrive\Documentos\Maestria\2025S\Phonetics TeamLab\ALC\ses1009,0091009014_h_00.wav,A,0.00094,DRUNK,014,014
c:\Users\nagap\OneDrive\Documentos\Maestria\2025S\Phonetics TeamLab\ALC\ses1009,0091009015_h_00.wav,A,0.00094,DRUNK,015,015
c:\Users\nagap\OneDrive\Documentos\Maestria\2025S\Phonetics TeamLab\ALC\ses1009,0091009016_h_00.wav,A,0.00094,DRUNK,016,036
c:\Users\nagap\OneDrive\Documentos\Maestria\2025S\Phonetics TeamLab\ALC\ses1009,0091009017_h_00.wav,A,0.00094,DRUNK,017,024
c:\Users\nagap\OneDrive\Documentos\Maestria\2025S\Phonetics TeamLab\ALC\ses1009,0091009018_h_00.wav,A,0.00094,DRUNK,018,038
c:\Users\nagap\OneDrive\Documentos\Maestria\2025S\Phonetics TeamLab\ALC\ses1009,0091009019_h_00.wav,A,0.00094,DRUNK,019,019
c:\Users\nagap\OneDrive\Documentos\Maestria\2025S\Phonetics TeamLab\ALC\ses1009,0091009020_h_00.wav,A,0.00094,DRUNK,020,020
c:\Users\nagap\OneDrive\Documentos\Maestria\2025S\Phonetics TeamLab\ALC\ses1009,0091009021_h_00.wav,A,0.00094,DRUNK,021,041
c:\Users\nagap\OneDrive\Documentos\Maestria\2025S\Phonetics TeamLab\ALC\ses1009,0091009022_h_00.wav,A,0.00094,DRUNK,022,042
c:\Users\nagap\OneDrive\Documentos\Maestria\2025S\Phonetics TeamLab\ALC\ses1009,0091009023_h_00.wav,A,0.00094,DRUNK,023,059
c:\Users\nagap\OneDrive\Documentos\Maestria\2025S\Phonetics TeamLab\ALC\ses1009,0091009024_h_00.wav,A,0.00094,DRUNK,024,051
c:\Users\nagap\OneDrive\Documentos\Maestria\2025S\Phonetics TeamLab\ALC\ses1009,0091009025_h_00.wav,A,0.00094,DRUNK,025,046
c:\Users\nagap\OneDrive\Documentos\Maestria\2025S\Phonetics TeamLab\ALC\ses1009,0091009026_h_00.wav,A,0.00094,DRUNK,026,055
c:\Users\nagap\OneDrive\Documentos\Maestria\2025S\Phonetics TeamLab\ALC\ses1009,0091009027_h_00.wav,A,0.00094,DRUNK,027,048
c:\Users\nagap\OneDrive\Documentos\Maestria\2025S\Phonetics TeamLab\ALC\ses1009,0091009028_h_00.wav,A,0.00094,DRUNK,028,049
c:\Users\nagap\OneDrive\Documentos\Maestria\2025S\Phonetics TeamLab\ALC\ses1009,0091009029_h_00.wav,A,0.00094,DRUNK,029,050
c:\Users\nagap\OneDrive\Documentos\Maestria\2025S\Phonetics TeamLab\ALC\ses1009,0091009030_h_00.wav,A,0.00094,DRUNK,030,060
c:\Users\nagap\OneDrive\Documentos\Maestria\2025S\Phonetics TeamLab\ALC\ses2003,0092003001_h_00.wav,N,0.0,SOBER,001,001
c:\Users\nagap\OneDrive\Documentos\Maestria\2025S\Phonetics TeamLab\ALC\ses2003,0092003002_h_00.wav,N,0.0,SOBER,002,002
c:\Users\nagap\OneDrive\Documentos\Maestria\2025S\Phonetics TeamLab\ALC\ses2003,0092003003_h_00.wav,N,0.0,SOBER,003,003
c:\Users\nagap\OneDrive\Documentos\Maestria\2025S\Phonetics TeamLab\ALC\ses2003,0092003004_h_00.wav,N,0.0,SOBER,004,004
c:\Users\nagap\OneDrive\Documentos\Maestria\2025S\Phonetics TeamLab\ALC\ses2003,0092003005_h_00.wav,N,0.0,SOBER,005,005
c:\Users\nagap\OneDrive\Documentos\Maestria\2025S\Phonetics TeamLab\ALC\ses2003,0092003006_h_00.wav,N,0.0,SOBER,006,006
c:\Users\nagap\OneDrive\Documentos\Maestria\2025S\Phonetics TeamLab\ALC\ses2003,0092003007_h_00.wav,N,0.0,SOBER,007,007
c:\Users\nagap\OneDrive\Documentos\Maestria\2025S\Phonetics TeamLab\ALC\ses2003,0092003008_h_00.wav,N,0.0,SOBER,008,008
c:\Users\nagap\OneDrive\Documentos\Maestria\2025S\Phonetics TeamLab\ALC\ses2003,0092003009_h_00.wav,N,0.0,SOBER,009,009
c:\Users\nagap\OneDrive\Documentos\Maestria\2025S\Phonetics TeamLab\ALC\ses2003,0092003010_h_00.wav,N,0.0,SOBER,010,010
c:\Users\nagap\OneDrive\Documentos\Maestria\2025S\Phonetics TeamLab\ALC\ses2003,0092003011_h_00.wav,N,0.0,SOBER,011,011
c:\Users\nagap\OneDrive\Documentos\Maestria\2025S\Phonetics TeamLab\ALC\ses2003,0092003012_h_00.wav,N,0.0,SOBER,012,012
c:\Users\nagap\OneDrive\Documentos\Maestria\2025S\Phonetics TeamLab\ALC\ses2003,0092003013_h_00.wav,N,0.0,SOBER,013,013
c:\Users\nagap\OneDrive\Documentos\Maestria\2025S\Phonetics TeamLab\ALC\ses2003,0092003014_h_00.wav,N,0.0,SOBER,014,014
c:\Users\nagap\OneDrive\Documentos\Maestria\2025S\Phonetics TeamLab\ALC\ses2003,0092003015_h_00.wav,N,0.0,SOBER,015,015
c:\Users\nagap\OneDrive\Documentos\Maestria\2025S\Phonetics TeamLab\ALC\ses2003,0092003016_h_00.wav,N,0.0,SOBER,016,016
c:\Users\nagap\OneDrive\Documentos\Maestria\2025S\Phonetics TeamLab\ALC\ses2003,0092003017_h_00.wav,N,0.0,SOBER,017,017
c:\Users\nagap\OneDrive\Documentos\Maestria\2025S\Phonetics TeamLab\ALC\ses2003,0092003018_h_00.wav,N,0.0,SOBER,018,018
c:\Users\nagap\OneDrive\Documentos\Maestria\2025S\Phonetics TeamLab\ALC\ses2003,0092003019_h_00.wav,N,0.0,SOBER,019,019
c:\Users\nagap\OneDrive\Documentos\Maestria\2025S\Phonetics TeamLab\ALC\ses2003,0092003020_h_00.wav,N,0.0,SOBER,020,020
c:\Users\nagap\OneDrive\Documentos\Maestria\2025S\Phonetics TeamLab\ALC\ses2003,0092003021_h_00.wav,N,0.0,SOBER,021,021
c:\Users\nagap\OneDrive\Documentos\Maestria\2025S\Phonetics TeamLab\ALC\ses2003,0092003022_h_00.wav,N,0.0,SOBER,022,022
c:\Users\nagap\OneDrive\Documentos\Maestria\2025S\Phonetics TeamLab\ALC\ses2003,0092003023_h_00.wav,N,0.0,SOBER,023,023
c:\Users\nagap\OneDrive\Documentos\Maestria\2025S\Phonetics TeamLab\ALC\ses2003,0092003024_h_00.wav,N,0.0,SOBER,024,024
c:\Users\nagap\OneDrive\Documentos\Maestria\2025S\Phonetics TeamLab\ALC\ses2003,0092003025_h_00.wav,N,0.0,SOBER,025,025
c:\Users\nagap\OneDrive\Documentos\Maestria\2025S\Phonetics TeamLab\ALC\ses2003,0092003026_h_00.wav,N,0.0,SOBER,026,026
c:\Users\nagap\OneDrive\Documentos\Maestria\2025S\Phonetics TeamLab\ALC\ses2003,0092003027_h_00.wav,N,0.0,SOBER,027,027
c:\Users\nagap\OneDrive\Documentos\Maestria\2025S\Phonetics TeamLab\ALC\ses2003,0092003028_h_00.wav,N,0.0,SOBER,028,028
c:\Users\nagap\OneDrive\Documentos\Maestria\2025S\Phonetics TeamLab\ALC\ses2003,0092003029_h_00.wav,N,0.0,SOBER,029,029
c:\Users\nagap\OneDrive\Documentos\Maestria\2025S\Phonetics TeamLab\ALC\ses2003,0092003030_h_00.wav,N,0.0,SOBER,030,030
c:\Users\nagap\OneDrive\Documentos\Maestria\2025S\Phonetics TeamLab\ALC\ses2003,0092003031_h_00.wav,N,0.0,SOBER,031,031
c:\Users\nagap\OneDrive\Documentos\Maestria\2025S\Phonetics TeamLab\ALC\ses2003,0092003032_h_00.wav,N,0.0,SOBER,032,032
c:\Users\nagap\OneDrive\Documentos\Maestria\2025S\Phonetics TeamLab\ALC\ses2003,0092003033_h_00.wav,N,0.0,SOBER,033,033
c:\Users\nagap\OneDrive\Documentos\Maestria\2025S\Phonetics TeamLab\ALC\ses2003,0092003034_h_00.wav,N,0.0,SOBER,034,034
c:\Users\nagap\OneDrive\Documentos\Maestria\2025S\Phonetics TeamLab\ALC\ses2003,0092003035_h_00.wav,N,0.0,SOBER,035,035
c:\Users\nagap\OneDrive\Documentos\Maestria\2025S\Phonetics TeamLab\ALC\ses2003,0092003036_h_00.wav,N,0.0,SOBER,036,036
c:\Users\nagap\OneDrive\Documentos\Maestria\2025S\Phonetics TeamLab\ALC\ses2003,0092003037_h_00.wav,N,0.0,SOBER,037,037
c:\Users\nagap\OneDrive\Documentos\Maestria\2025S\Phonetics TeamLab\ALC\ses2003,0092003038_h_00.wav,N,0.0,SOBER,038,038
c:\Users\nagap\OneDrive\Documentos\Maestria\2025S\Phonetics TeamLab\ALC\ses2003,0092003039_h_00.wav,N,0.0,SOBER,039,039
c:\Users\nagap\OneDrive\Documentos\Maestria\2025S\Phonetics TeamLab\ALC\ses2003,0092003040_h_00.wav,N,0.0,SOBER,040,040
c:\Users\nagap\OneDrive\Documentos\Maestria\2025S\Phonetics TeamLab\ALC\ses2003,0092003041_h_00.wav,N,0.0,SOBER,041,041
c:\Users\nagap\OneDrive\Documentos\Maestria\2025S\Phonetics TeamLab\ALC\ses2003,0092003042_h_00.wav,N,0.0,SOBER,042,042
c:\Users\nagap\OneDrive\Documentos\Maestria\2025S\Phonetics TeamLab\ALC\ses2003,0092003043_h_00.wav,N,0.0,SOBER,043,043
c:\Users\nagap\OneDrive\Documentos\Maestria\2025S\Phonetics TeamLab\ALC\ses2003,0092003044_h_00.wav,N,0.0,SOBER,044,044
c:\Users\nagap\OneDrive\Documentos\Maestria\2025S\Phonetics TeamLab\ALC\ses2003,0092003045_h_00.wav,N,0.0,SOBER,045,045
c:\Users\nagap\OneDrive\Documentos\Maestria\2025S\Phonetics TeamLab\ALC\ses2003,0092003046_h_00.wav,N,0.0,SOBER,046,046
c:\Users\nagap\OneDrive\Documentos\Maestria\2025S\Phonetics TeamLab\ALC\ses2003,0092003047_h_00.wav,N,0.0,SOBER,047,047
c:\Users\nagap\OneDrive\Documentos\Maestria\2025S\Phonetics TeamLab\ALC\ses2003,0092003048_h_00.wav,N,0.0,SOBER,048,048
c:\Users\nagap\OneDrive\Documentos\Maestria\2025S\Phonetics TeamLab\ALC\ses2003,0092003049_h_00.wav,N,0.0,SOBER,049,049
c:\Users\nagap\OneDrive\Documentos\Maestria\2025S\Phonetics TeamLab\ALC\ses2003,0092003050_h_00.wav,N,0.0,SOBER,050,050
c:\Users\nagap\OneDrive\Documentos\Maestria\2025S\Phonetics TeamLab\ALC\ses2003,0092003051_h_00.wav,N,0.0,SOBER,051,051
c:\Users\nagap\OneDrive\Documentos\Maestria\2025S\Phonetics TeamLab\ALC\ses2003,0092003052_h_00.wav,N,0.0,SOBER,052,052
c:\Users\nagap\OneDrive\Documentos\Maestria\2025S\Phonetics TeamLab\ALC\ses2003,0092003053_h_00.wav,N,0.0,SOBER,053,053
c:\Users\nagap\OneDrive\Documentos\Maestria\2025S\Phonetics TeamLab\ALC\ses2003,0092003054_h_00.wav,N,0.0,SOBER,054,054
c:\Users\nagap\OneDrive\Documentos\Maestria\2025S\Phonetics TeamLab\ALC\ses2003,0092003055_h_00.wav,N,0.0,SOBER,055,055
c:\Users\nagap\OneDrive\Documentos\Maestria\2025S\Phonetics TeamLab\ALC\ses2003,0092003056_h_00.wav,N,0.0,SOBER,056,056
c:\Users\nagap\OneDrive\Documentos\Maestria\2025S\Phonetics TeamLab\ALC\ses2003,0092003057_h_00.wav,N,0.0,SOBER,057,057
c:\Users\nagap\OneDrive\Documentos\Maestria\2025S\Phonetics TeamLab\ALC\ses2003,0092003058_h_00.wav,N,0.0,SOBER,058,058
c:\Users\nagap\OneDrive\Documentos\Maestria\2025S\Phonetics TeamLab\ALC\ses2003,0092003059_h_00.wav,N,0.0,SOBER,059,059
c:\Users\nagap\OneDrive\Documentos\Maestria\2025S\Phonetics TeamLab\ALC\ses2003,0092003060_h_00.wav,N,0.0,SOBER,060,060
c:\Users\nagap\OneDrive\Documentos\Maestria\2025S\Phonetics TeamLab\ALC\ses3049,5473049001_h_01.wav,A,0.00105,DRUNK,001,001
c:\Users\nagap\OneDrive\Documentos\Maestria\2025S\Phonetics TeamLab\ALC\ses3049,5473049002_h_00.wav,A,0.00105,DRUNK,002,034
c:\Users\nagap\OneDrive\Documentos\Maestria\2025S\Phonetics TeamLab\ALC\ses3049,5473049003_h_00.wav,A,0.00105,DRUNK,003,032
c:\Users\nagap\OneDrive\Documentos\Maestria\2025S\Phonetics TeamLab\ALC\ses3049,5473049004_h_00.wav,A,0.00105,DRUNK,004,061
c:\Users\nagap\OneDrive\Documentos\Maestria\2025S\Phonetics TeamLab\ALC\ses3049,5473049005_h_00.wav,A,0.00105,DRUNK,005,030
c:\Users\nagap\OneDrive\Documentos\Maestria\2025S\Phonetics TeamLab\ALC\ses3049,5473049006_h_00.wav,A,0.00105,DRUNK,006,026
c:\Users\nagap\OneDrive\Documentos\Maestria\2025S\Phonetics TeamLab\ALC\ses3049,5473049007_h_00.wav,A,0.00105,DRUNK,007,023
c:\Users\nagap\OneDrive\Documentos\Maestria\2025S\Phonetics TeamLab\ALC\ses3049,5473049008_h_00.wav,A,0.00105,DRUNK,008,008
c:\Users\nagap\OneDrive\Documentos\Maestria\2025S\Phonetics TeamLab\ALC\ses3049,5473049009_h_00.wav,A,0.00105,DRUNK,009,029
c:\Users\nagap\OneDrive\Documentos\Maestria\2025S\Phonetics TeamLab\ALC\ses3049,5473049010_h_00.wav,A,0.00105,DRUNK,010,010
c:\Users\nagap\OneDrive\Documentos\Maestria\2025S\Phonetics TeamLab\ALC\ses3049,5473049011_h_00.wav,A,0.00105,DRUNK,011,031
c:\Users\nagap\OneDrive\Documentos\Maestria\2025S\Phonetics TeamLab\ALC\ses3049,5473049012_h_00.wav,A,0.00105,DRUNK,012,012
c:\Users\nagap\OneDrive\Documentos\Maestria\2025S\Phonetics TeamLab\ALC\ses3049,5473049013_h_00.wav,A,0.00105,DRUNK,013,013
c:\Users\nagap\OneDrive\Documentos\Maestria\2025S\Phonetics TeamLab\ALC\ses3049,5473049014_h_00.wav,A,0.00105,DRUNK,014,014
c:\Users\nagap\OneDrive\Documentos\Maestria\2025S\Phonetics TeamLab\ALC\ses3049,5473049015_h_00.wav,A,0.00105,DRUNK,015,015
c:\Users\nagap\OneDrive\Documentos\Maestria\2025S\Phonetics TeamLab\ALC\ses3049,5473049016_h_00.wav,A,0.00105,DRUNK,016,036
c:\Users\nagap\OneDrive\Documentos\Maestria\2025S\Phonetics TeamLab\ALC\ses3049,5473049017_h_00.wav,A,0.00105,DRUNK,017,024
c:\Users\nagap\OneDrive\Documentos\Maestria\2025S\Phonetics TeamLab\ALC\ses3049,5473049018_h_00.wav,A,0.00105,DRUNK,018,038
c:\Users\nagap\OneDrive\Documentos\Maestria\2025S\Phonetics TeamLab\ALC\ses3049,5473049019_h_00.wav,A,0.00105,DRUNK,019,019
c:\Users\nagap\OneDrive\Documentos\Maestria\2025S\Phonetics TeamLab\ALC\ses3049,5473049020_h_00.wav,A,0.00105,DRUNK,020,020
c:\Users\nagap\OneDrive\Documentos\Maestria\2025S\Phonetics TeamLab\ALC\ses3049,5473049021_h_00.wav,A,0.00105,DRUNK,021,041
c:\Users\nagap\OneDrive\Documentos\Maestria\2025S\Phonetics TeamLab\ALC\ses3049,5473049022_h_00.wav,A,0.00105,DRUNK,022,042
c:\Users\nagap\OneDrive\Documentos\Maestria\2025S\Phonetics TeamLab\ALC\ses3049,5473049023_h_00.wav,A,0.00105,DRUNK,023,059
c:\Users\nagap\OneDrive\Documentos\Maestria\2025S\Phonetics TeamLab\ALC\ses3049,5473049024_h_00.wav,A,0.00105,DRUNK,024,051
c:\Users\nagap\OneDrive\Documentos\Maestria\2025S\Phonetics TeamLab\ALC\ses3049,5473049025_h_00.wav,A,0.00105,DRUNK,025,046
c:\Users\nagap\OneDrive\Documentos\Maestria\2025S\Phonetics TeamLab\ALC\ses3049,5473049026_h_00.wav,A,0.00105,DRUNK,026,055
c:\Users\nagap\OneDrive\Documentos\Maestria\2025S\Phonetics TeamLab\ALC\ses3049,5473049027_h_00.wav,A,0.00105,DRUNK,027,048
c:\Users\nagap\OneDrive\Documentos\Maestria\2025S\Phonetics TeamLab\ALC\ses3049,5473049028_h_00.wav,A,0.00105,DRUNK,028,049
c:\Users\nagap\OneDrive\Documentos\Maestria\2025S\Phonetics TeamLab\ALC\ses3049,5473049029_h_00.wav,A,0.00105,DRUNK,029,050
c:\Users\nagap\OneDrive\Documentos\Maestria\2025S\Phonetics TeamLab\ALC\ses3049,5473049030_h_00.wav,A,0.00105,DRUNK,030,060
c:\Users\nagap\OneDrive\Documentos\Maestria\2025S\Phonetics TeamLab\ALC\ses4039,5474039001_h_00.wav,N,0.0,SOBER,001,001
c:\Users\nagap\OneDrive\Documentos\Maestria\2025S\Phonetics TeamLab\ALC\ses4039,5474039002_h_00.wav,N,0.0,SOBER,002,002
c:\Users\nagap\OneDrive\Documentos\Maestria\2025S\Phonetics TeamLab\ALC\ses4039,5474039003_h_00.wav,N,0.0,SOBER,003,003
c:\Users\nagap\OneDrive\Documentos\Maestria\2025S\Phonetics TeamLab\ALC\ses4039,5474039004_h_00.wav,N,0.0,SOBER,004,004
c:\Users\nagap\OneDrive\Documentos\Maestria\2025S\Phonetics TeamLab\ALC\ses4039,5474039005_h_00.wav,N,0.0,SOBER,005,005
c:\Users\nagap\OneDrive\Documentos\Maestria\2025S\Phonetics TeamLab\ALC\ses4039,5474039006_h_00.wav,N,0.0,SOBER,006,006
c:\Users\nagap\OneDrive\Documentos\Maestria\2025S\Phonetics TeamLab\ALC\ses4039,5474039007_h_00.wav,N,0.0,SOBER,007,007
c:\Users\nagap\OneDrive\Documentos\Maestria\2025S\Phonetics TeamLab\ALC\ses4039,5474039008_h_00.wav,N,0.0,SOBER,008,008
c:\Users\nagap\OneDrive\Documentos\Maestria\2025S\Phonetics TeamLab\ALC\ses4039,5474039009_h_00.wav,N,0.0,SOBER,009,009
c:\Users\nagap\OneDrive\Documentos\Maestria\2025S\Phonetics TeamLab\ALC\ses4039,5474039010_h_00.wav,N,0.0,SOBER,010,010
c:\Users\nagap\OneDrive\Documentos\Maestria\2025S\Phonetics TeamLab\ALC\ses4039,5474039011_h_00.wav,N,0.0,SOBER,011,011
c:\Users\nagap\OneDrive\Documentos\Maestria\2025S\Phonetics TeamLab\ALC\ses4039,5474039012_h_00.wav,N,0.0,SOBER,012,012
c:\Users\nagap\OneDrive\Documentos\Maestria\2025S\Phonetics TeamLab\ALC\ses4039,5474039013_h_00.wav,N,0.0,SOBER,013,013
c:\Users\nagap\OneDrive\Documentos\Maestria\2025S\Phonetics TeamLab\ALC\ses4039,5474039014_h_00.wav,N,0.0,SOBER,014,014
c:\Users\nagap\OneDrive\Documentos\Maestria\2025S\Phonetics TeamLab\ALC\ses4039,5474039015_h_00.wav,N,0.0,SOBER,015,015
c:\Users\nagap\OneDrive\Documentos\Maestria\2025S\Phonetics TeamLab\ALC\ses4039,5474039016_h_00.wav,N,0.0,SOBER,016,016
c:\Users\nagap\OneDrive\Documentos\Maestria\2025S\Phonetics TeamLab\ALC\ses4039,5474039017_h_00.wav,N,0.0,SOBER,017,017
c:\Users\nagap\OneDrive\Documentos\Maestria\2025S\Phonetics TeamLab\ALC\ses4039,5474039018_h_00.wav,N,0.0,SOBER,018,018
c:\Users\nagap\OneDrive\Documentos\Maestria\2025S\Phonetics TeamLab\ALC\ses4039,5474039019_h_00.wav,N,0.0,SOBER,019,019
c:\Users\nagap\OneDrive\Documentos\Maestria\2025S\Phonetics TeamLab\ALC\ses4039,5474039020_h_00.wav,N,0.0,SOBER,020,020
c:\Users\nagap\OneDrive\Documentos\Maestria\2025S\Phonetics TeamLab\ALC\ses4039,5474039021_h_00.wav,N,0.0,SOBER,021,021
c:\Users\nagap\OneDrive\Documentos\Maestria\2025S\Phonetics TeamLab\ALC\ses4039,5474039022_h_00.wav,N,0.0,SOBER,022,022
c:\Users\nagap\OneDrive\Documentos\Maestria\2025S\Phonetics TeamLab\ALC\ses4039,5474039023_h_00.wav,N,0.0,SOBER,023,023
c:\Users\nagap\OneDrive\Documentos\Maestria\2025S\Phonetics TeamLab\ALC\ses4039,5474039024_h_00.wav,N,0.0,SOBER,024,024
c:\Users\nagap\OneDrive\Documentos\Maestria\2025S\Phonetics TeamLab\ALC\ses4039,5474039025_h_00.wav,N,0.0,SOBER,025,025
c:\Users\nagap\OneDrive\Documentos\Maestria\2025S\Phonetics TeamLab\ALC\ses4039,5474039026_h_00.wav,N,0.0,SOBER,026,026
c:\Users\nagap\OneDrive\Documentos\Maestria\2025S\Phonetics TeamLab\ALC\ses4039,5474039027_h_00.wav,N,0.0,SOBER,027,027
c:\Users\nagap\OneDrive\Documentos\Maestria\2025S\Phonetics TeamLab\ALC\ses4039,5474039028_h_00.wav,N,0.0,SOBER,028,028
c:\Users\nagap\OneDrive\Documentos\Maestria\2025S\Phonetics TeamLab\ALC\ses4039,5474039029_h_00.wav,N,0.0,SOBER,029,029
c:\Users\nagap\OneDrive\Documentos\Maestria\2025S\Phonetics TeamLab\ALC\ses4039,5474039030_h_00.wav,N,0.0,SOBER,030,030
c:\Users\nagap\OneDrive\Documentos\Maestria\2025S\Phonetics TeamLab\ALC\ses4039,5474039031_h_00.wav,N,0.0,SOBER,031,031
c:\Users\nagap\OneDrive\Documentos\Maestria\2025S\Phonetics TeamLab\ALC\ses4039,5474039032_h_00.wav,N,0.0,SOBER,032,032
c:\Users\nagap\OneDrive\Documentos\Maestria\2025S\Phonetics TeamLab\ALC\ses4039,5474039033_h_00.wav,N,0.0,SOBER,033,033
c:\Users\nagap\OneDrive\Documentos\Maestria\2025S\Phonetics TeamLab\ALC\ses4039,5474039034_h_00.wav,N,0.0,SOBER,034,034
c:\Users\nagap\OneDrive\Documentos\Maestria\2025S\Phonetics TeamLab\ALC\ses4039,5474039035_h_00.wav,N,0.0,SOBER,035,035
c:\Users\nagap\OneDrive\Documentos\Maestria\2025S\Phonetics TeamLab\ALC\ses4039,5474039036_h_00.wav,N,0.0,SOBER,036,036
c:\Users\nagap\OneDrive\Documentos\Maestria\2025S\Phonetics TeamLab\ALC\ses4039,5474039037_h_00.wav,N,0.0,SOBER,037,037
c:\Users\nagap\OneDrive\Documentos\Maestria\2025S\Phonetics TeamLab\ALC\ses4039,5474039038_h_00.wav,N,0.0,SOBER,038,038
c:\Users\nagap\OneDrive\Documentos\Maestria\2025S\Phonetics TeamLab\ALC\ses4039,5474039039_h_00.wav,N,0.0,SOBER,039,039
c:\Users\nagap\OneDrive\Documentos\Maestria\2025S\Phonetics TeamLab\ALC\ses4039,5474039040_h_00.wav,N,0.0,SOBER,040,040
c:\Users\nagap\OneDrive\Documentos\Maestria\2025S\Phonetics TeamLab\ALC\ses4039,5474039041_h_00.wav,N,0.0,SOBER,041,041
c:\Users\nagap\OneDrive\Documentos\Maestria\2025S\Phonetics TeamLab\ALC\ses4039,5474039042_h_00.wav,N,0.0,SOBER,042,042
c:\Users\nagap\OneDrive\Documentos\Maestria\2025S\Phonetics TeamLab\ALC\ses4039,5474039043_h_00.wav,N,0.0,SOBER,043,043
c:\Users\nagap\OneDrive\Documentos\Maestria\2025S\Phonetics TeamLab\ALC\ses4039,5474039044_h_00.wav,N,0.0,SOBER,044,044
c:\Users\nagap\OneDrive\Documentos\Maestria\2025S\Phonetics TeamLab\ALC\ses4039,5474039045_h_00.wav,N,0.0,SOBER,045,045
c:\Users\nagap\OneDrive\Documentos\Maestria\2025S\Phonetics TeamLab\ALC\ses4039,5474039046_h_00.wav,N,0.0,SOBER,046,046
c:\Users\nagap\OneDrive\Documentos\Maestria\2025S\Phonetics TeamLab\ALC\ses4039,5474039047_h_00.wav,N,0.0,SOBER,047,047
c:\Users\nagap\OneDrive\Documentos\Maestria\2025S\Phonetics TeamLab\ALC\ses4039,5474039048_h_00.wav,N,0.0,SOBER,048,048
c:\Users\nagap\OneDrive\Documentos\Maestria\2025S\Phonetics TeamLab\ALC\ses4039,5474039049_h_00.wav,N,0.0,SOBER,049,049
c:\Users\nagap\OneDrive\Documentos\Maestria\2025S\Phonetics TeamLab\ALC\ses4039,5474039050_h_00.wav,N,0.0,SOBER,050,050
c:\Users\nagap\OneDrive\Documentos\Maestria\2025S\Phonetics TeamLab\ALC\ses4039,5474039051_h_00.wav,N,0.0,SOBER,051,051
c:\Users\nagap\OneDrive\Documentos\Maestria\2025S\Phonetics TeamLab\ALC\ses4039,5474039052_h_00.wav,N,0.0,SOBER,052,052
c:\Users\nagap\OneDrive\Documentos\Maestria\2025S\Phonetics TeamLab\ALC\ses4039,5474039053_h_00.wav,N,0.0,SOBER,053,053
c:\Users\nagap\OneDrive\Documentos\Maestria\2025S\Phonetics TeamLab\ALC\ses4039,5474039054_h_00.wav,N,0.0,SOBER,054,054
c:\Users\nagap\OneDrive\Documentos\Maestria\2025S\Phonetics TeamLab\ALC\ses4039,5474039055_h_00.wav,N,0.0,SOBER,055,055
c:\Users\nagap\OneDrive\Documentos\Maestria\2025S\Phonetics TeamLab\ALC\ses4039,5474039056_h_00.wav,N,0.0,SOBER,056,056
c:\Users\nagap\OneDrive\Documentos\Maestria\2025S\Phonetics TeamLab\ALC\ses4039,5474039057_h_00.wav,N,0.0,SOBER,057,057
c:\Users\nagap\OneDrive\Documentos\Maestria\2025S\Phonetics TeamLab\ALC\ses4039,5474039058_h_00.wav,N,0.0,SOBER,058,058
c:\Users\nagap\OneDrive\Documentos\Maestria\2025S\Phonetics TeamLab\ALC\ses4039,5474039059_h_00.wav,N,0.0,SOBER,059,059
c:\Users\nagap\OneDrive\Documentos\Maestria\2025S\Phonetics TeamLab\ALC\ses4039,5474039060_h_00.wav,N,0.0,SOBER,060,060
c:\Users\nagap\OneDrive\Documentos\Maestria\2025S\Phonetics TeamLab\ALC\ses1061,0601061001_h_00.wav,A,0.00124,DRUNK,001,001
c:\Users\nagap\OneDrive\Documentos\Maestria\2025S\Phonetics TeamLab\ALC\ses1061,0601061002_h_00.wav,A,0.00124,DRUNK,002,034
c:\Users\nagap\OneDrive\Documentos\Maestria\2025S\Phonetics TeamLab\ALC\ses1061,0601061003_h_01.wav,A,0.00124,DRUNK,003,032
c:\Users\nagap\OneDrive\Documentos\Maestria\2025S\Phonetics TeamLab\ALC\ses1061,0601061004_h_00.wav,A,0.00124,DRUNK,004,061
c:\Users\nagap\OneDrive\Documentos\Maestria\2025S\Phonetics TeamLab\ALC\ses1061,0601061005_h_00.wav,A,0.00124,DRUNK,005,030
c:\Users\nagap\OneDrive\Documentos\Maestria\2025S\Phonetics TeamLab\ALC\ses1061,0601061006_h_00.wav,A,0.00124,DRUNK,006,026
c:\Users\nagap\OneDrive\Documentos\Maestria\2025S\Phonetics TeamLab\ALC\ses1061,0601061007_h_00.wav,A,0.00124,DRUNK,007,023
c:\Users\nagap\OneDrive\Documentos\Maestria\2025S\Phonetics TeamLab\ALC\ses1061,0601061008_h_00.wav,A,0.00124,DRUNK,008,008
c:\Users\nagap\OneDrive\Documentos\Maestria\2025S\Phonetics TeamLab\ALC\ses1061,0601061009_h_00.wav,A,0.00124,DRUNK,009,029
c:\Users\nagap\OneDrive\Documentos\Maestria\2025S\Phonetics TeamLab\ALC\ses1061,0601061010_h_00.wav,A,0.00124,DRUNK,010,010
c:\Users\nagap\OneDrive\Documentos\Maestria\2025S\Phonetics TeamLab\ALC\ses1061,0601061011_h_00.wav,A,0.00124,DRUNK,011,031
c:\Users\nagap\OneDrive\Documentos\Maestria\2025S\Phonetics TeamLab\ALC\ses1061,0601061012_h_00.wav,A,0.00124,DRUNK,012,012
c:\Users\nagap\OneDrive\Documentos\Maestria\2025S\Phonetics TeamLab\ALC\ses1061,0601061013_h_00.wav,A,0.00124,DRUNK,013,013
c:\Users\nagap\OneDrive\Documentos\Maestria\2025S\Phonetics TeamLab\ALC\ses1061,0601061014_h_00.wav,A,0.00124,DRUNK,014,014
c:\Users\nagap\OneDrive\Documentos\Maestria\2025S\Phonetics TeamLab\ALC\ses1061,0601061015_h_00.wav,A,0.00124,DRUNK,015,015
c:\Users\nagap\OneDrive\Documentos\Maestria\2025S\Phonetics TeamLab\ALC\ses1061,0601061016_h_00.wav,A,0.00124,DRUNK,016,036
c:\Users\nagap\OneDrive\Documentos\Maestria\2025S\Phonetics TeamLab\ALC\ses1061,0601061017_h_00.wav,A,0.00124,DRUNK,017,024
c:\Users\nagap\OneDrive\Documentos\Maestria\2025S\Phonetics TeamLab\ALC\ses1061,0601061018_h_00.wav,A,0.00124,DRUNK,018,038
c:\Users\nagap\OneDrive\Documentos\Maestria\2025S\Phonetics TeamLab\ALC\ses1061,0601061019_h_00.wav,A,0.00124,DRUNK,019,019
c:\Users\nagap\OneDrive\Documentos\Maestria\2025S\Phonetics TeamLab\ALC\ses1061,0601061020_h_00.wav,A,0.00124,DRUNK,020,020
c:\Users\nagap\OneDrive\Documentos\Maestria\2025S\Phonetics TeamLab\ALC\ses1061,0601061021_h_00.wav,A,0.00124,DRUNK,021,041
c:\Users\nagap\OneDrive\Documentos\Maestria\2025S\Phonetics TeamLab\ALC\ses1061,0601061022_h_00.wav,A,0.00124,DRUNK,022,042
c:\Users\nagap\OneDrive\Documentos\Maestria\2025S\Phonetics TeamLab\ALC\ses1061,0601061023_h_00.wav,A,0.00124,DRUNK,023,059
c:\Users\nagap\OneDrive\Documentos\Maestria\2025S\Phonetics TeamLab\ALC\ses1061,0601061024_h_01.wav,A,0.00124,DRUNK,024,051
c:\Users\nagap\OneDrive\Documentos\Maestria\2025S\Phonetics TeamLab\ALC\ses1061,0601061025_h_00.wav,A,0.00124,DRUNK,025,046
c:\Users\nagap\OneDrive\Documentos\Maestria\2025S\Phonetics TeamLab\ALC\ses1061,0601061026_h_00.wav,A,0.00124,DRUNK,026,055
c:\Users\nagap\OneDrive\Documentos\Maestria\2025S\Phonetics TeamLab\ALC\ses1061,0601061027_h_00.wav,A,0.00124,DRUNK,027,048
c:\Users\nagap\OneDrive\Documentos\Maestria\2025S\Phonetics TeamLab\ALC\ses1061,0601061028_h_00.wav,A,0.00124,DRUNK,028,049
c:\Users\nagap\OneDrive\Documentos\Maestria\2025S\Phonetics TeamLab\ALC\ses1061,0601061029_h_00.wav,A,0.00124,DRUNK,029,050
c:\Users\nagap\OneDrive\Documentos\Maestria\2025S\Phonetics TeamLab\ALC\ses1061,0601061030_h_01.wav,A,0.00124,DRUNK,030,060
c:\Users\nagap\OneDrive\Documentos\Maestria\2025S\Phonetics TeamLab\ALC\ses2049,0602049001_h_00.wav,N,0.0,SOBER,001,001
c:\Users\nagap\OneDrive\Documentos\Maestria\2025S\Phonetics TeamLab\ALC\ses2049,0602049002_h_00.wav,N,0.0,SOBER,002,002
c:\Users\nagap\OneDrive\Documentos\Maestria\2025S\Phonetics TeamLab\ALC\ses2049,0602049003_h_00.wav,N,0.0,SOBER,003,003
c:\Users\nagap\OneDrive\Documentos\Maestria\2025S\Phonetics TeamLab\ALC\ses2049,0602049004_h_00.wav,N,0.0,SOBER,004,004
c:\Users\nagap\OneDrive\Documentos\Maestria\2025S\Phonetics TeamLab\ALC\ses2049,0602049005_h_00.wav,N,0.0,SOBER,005,005
c:\Users\nagap\OneDrive\Documentos\Maestria\2025S\Phonetics TeamLab\ALC\ses2049,0602049006_h_00.wav,N,0.0,SOBER,006,006
c:\Users\nagap\OneDrive\Documentos\Maestria\2025S\Phonetics TeamLab\ALC\ses2049,0602049007_h_00.wav,N,0.0,SOBER,007,007
c:\Users\nagap\OneDrive\Documentos\Maestria\2025S\Phonetics TeamLab\ALC\ses2049,0602049008_h_00.wav,N,0.0,SOBER,008,008
c:\Users\nagap\OneDrive\Documentos\Maestria\2025S\Phonetics TeamLab\ALC\ses2049,0602049009_h_00.wav,N,0.0,SOBER,009,009
c:\Users\nagap\OneDrive\Documentos\Maestria\2025S\Phonetics TeamLab\ALC\ses2049,0602049010_h_00.wav,N,0.0,SOBER,010,010
c:\Users\nagap\OneDrive\Documentos\Maestria\2025S\Phonetics TeamLab\ALC\ses2049,0602049011_h_00.wav,N,0.0,SOBER,011,011
c:\Users\nagap\OneDrive\Documentos\Maestria\2025S\Phonetics TeamLab\ALC\ses2049,0602049012_h_00.wav,N,0.0,SOBER,012,012
c:\Users\nagap\OneDrive\Documentos\Maestria\2025S\Phonetics TeamLab\ALC\ses2049,0602049013_h_00.wav,N,0.0,SOBER,013,013
c:\Users\nagap\OneDrive\Documentos\Maestria\2025S\Phonetics TeamLab\ALC\ses2049,0602049014_h_00.wav,N,0.0,SOBER,014,014
c:\Users\nagap\OneDrive\Documentos\Maestria\2025S\Phonetics TeamLab\ALC\ses2049,0602049015_h_00.wav,N,0.0,SOBER,015,015
c:\Users\nagap\OneDrive\Documentos\Maestria\2025S\Phonetics TeamLab\ALC\ses2049,0602049016_h_00.wav,N,0.0,SOBER,016,016
c:\Users\nagap\OneDrive\Documentos\Maestria\2025S\Phonetics TeamLab\ALC\ses2049,0602049017_h_00.wav,N,0.0,SOBER,017,017
c:\Users\nagap\OneDrive\Documentos\Maestria\2025S\Phonetics TeamLab\ALC\ses2049,0602049018_h_00.wav,N,0.0,SOBER,018,018
c:\Users\nagap\OneDrive\Documentos\Maestria\2025S\Phonetics TeamLab\ALC\ses2049,0602049019_h_00.wav,N,0.0,SOBER,019,019
c:\Users\nagap\OneDrive\Documentos\Maestria\2025S\Phonetics TeamLab\ALC\ses2049,0602049020_h_00.wav,N,0.0,SOBER,020,020
c:\Users\nagap\OneDrive\Documentos\Maestria\2025S\Phonetics TeamLab\ALC\ses2049,0602049021_h_00.wav,N,0.0,SOBER,021,021
c:\Users\nagap\OneDrive\Documentos\Maestria\2025S\Phonetics TeamLab\ALC\ses2049,0602049022_h_00.wav,N,0.0,SOBER,022,022
c:\Users\nagap\OneDrive\Documentos\Maestria\2025S\Phonetics TeamLab\ALC\ses2049,0602049023_h_00.wav,N,0.0,SOBER,023,023
c:\Users\nagap\OneDrive\Documentos\Maestria\2025S\Phonetics TeamLab\ALC\ses2049,0602049024_h_00.wav,N,0.0,SOBER,024,024
c:\Users\nagap\OneDrive\Documentos\Maestria\2025S\Phonetics TeamLab\ALC\ses2049,0602049025_h_00.wav,N,0.0,SOBER,025,025
c:\Users\nagap\OneDrive\Documentos\Maestria\2025S\Phonetics TeamLab\ALC\ses2049,0602049026_h_00.wav,N,0.0,SOBER,026,026
c:\Users\nagap\OneDrive\Documentos\Maestria\2025S\Phonetics TeamLab\ALC\ses2049,0602049027_h_00.wav,N,0.0,SOBER,027,027
c:\Users\nagap\OneDrive\Documentos\Maestria\2025S\Phonetics TeamLab\ALC\ses2049,0602049028_h_00.wav,N,0.0,SOBER,028,028
c:\Users\nagap\OneDrive\Documentos\Maestria\2025S\Phonetics TeamLab\ALC\ses2049,0602049029_h_00.wav,N,0.0,SOBER,029,029
c:\Users\nagap\OneDrive\Documentos\Maestria\2025S\Phonetics TeamLab\ALC\ses2049,0602049030_h_00.wav,N,0.0,SOBER,030,030
c:\Users\nagap\OneDrive\Documentos\Maestria\2025S\Phonetics TeamLab\ALC\ses2049,0602049031_h_00.wav,N,0.0,SOBER,031,031
c:\Users\nagap\OneDrive\Documentos\Maestria\2025S\Phonetics TeamLab\ALC\ses2049,0602049032_h_00.wav,N,0.0,SOBER,032,032
c:\Users\nagap\OneDrive\Documentos\Maestria\2025S\Phonetics TeamLab\ALC\ses2049,0602049033_h_00.wav,N,0.0,SOBER,033,033
c:\Users\nagap\OneDrive\Documentos\Maestria\2025S\Phonetics TeamLab\ALC\ses2049,0602049034_h_00.wav,N,0.0,SOBER,034,034
c:\Users\nagap\OneDrive\Documentos\Maestria\2025S\Phonetics TeamLab\ALC\ses2049,0602049035_h_00.wav,N,0.0,SOBER,035,035
c:\Users\nagap\OneDrive\Documentos\Maestria\2025S\Phonetics TeamLab\ALC\ses2049,0602049036_h_00.wav,N,0.0,SOBER,036,036
c:\Users\nagap\OneDrive\Documentos\Maestria\2025S\Phonetics TeamLab\ALC\ses2049,0602049037_h_00.wav,N,0.0,SOBER,037,037
c:\Users\nagap\OneDrive\Documentos\Maestria\2025S\Phonetics TeamLab\ALC\ses2049,0602049038_h_00.wav,N,0.0,SOBER,038,038
c:\Users\nagap\OneDrive\Documentos\Maestria\2025S\Phonetics TeamLab\ALC\ses2049,0602049039_h_00.wav,N,0.0,SOBER,039,039
c:\Users\nagap\OneDrive\Documentos\Maestria\2025S\Phonetics TeamLab\ALC\ses2049,0602049040_h_00.wav,N,0.0,SOBER,040,040
c:\Users\nagap\OneDrive\Documentos\Maestria\2025S\Phonetics TeamLab\ALC\ses2049,0602049041_h_00.wav,N,0.0,SOBER,041,041
c:\Users\nagap\OneDrive\Documentos\Maestria\2025S\Phonetics TeamLab\ALC\ses2049,0602049042_h_00.wav,N,0.0,SOBER,042,042
c:\Users\nagap\OneDrive\Documentos\Maestria\2025S\Phonetics TeamLab\ALC\ses2049,0602049043_h_00.wav,N,0.0,SOBER,043,043
c:\Users\nagap\OneDrive\Documentos\Maestria\2025S\Phonetics TeamLab\ALC\ses2049,0602049044_h_00.wav,N,0.0,SOBER,044,044
c:\Users\nagap\OneDrive\Documentos\Maestria\2025S\Phonetics TeamLab\ALC\ses2049,0602049045_h_00.wav,N,0.0,SOBER,045,045
c:\Users\nagap\OneDrive\Documentos\Maestria\2025S\Phonetics TeamLab\ALC\ses2049,0602049046_h_00.wav,N,0.0,SOBER,046,046
c:\Users\nagap\OneDrive\Documentos\Maestria\2025S\Phonetics TeamLab\ALC\ses2049,0602049047_h_00.wav,N,0.0,SOBER,047,047
c:\Users\nagap\OneDrive\Documentos\Maestria\2025S\Phonetics TeamLab\ALC\ses2049,0602049048_h_00.wav,N,0.0,SOBER,048,048
c:\Users\nagap\OneDrive\Documentos\Maestria\2025S\Phonetics TeamLab\ALC\ses2049,0602049049_h_00.wav,N,0.0,SOBER,049,049
c:\Users\nagap\OneDrive\Documentos\Maestria\2025S\Phonetics TeamLab\ALC\ses2049,0602049050_h_00.wav,N,0.0,SOBER,050,050
c:\Users\nagap\OneDrive\Documentos\Maestria\2025S\Phonetics TeamLab\ALC\ses2049,0602049051_h_00.wav,N,0.0,SOBER,051,051
c:\Users\nagap\OneDrive\Documentos\Maestria\2025S\Phonetics TeamLab\ALC\ses2049,0602049052_h_00.wav,N,0.0,SOBER,052,052
c:\Users\nagap\OneDrive\Documentos\Maestria\2025S\Phonetics TeamLab\ALC\ses2049,0602049053_h_00.wav,N,0.0,SOBER,053,053
c:\Users\nagap\OneDrive\Documentos\Maestria\2025S\Phonetics TeamLab\ALC\ses2049,0602049054_h_00.wav,N,0.0,SOBER,054,054
c:\Users\nagap\OneDrive\Documentos\Maestria\2025S\Phonetics TeamLab\ALC\ses2049,0602049055_h_00.wav,N,0.0,SOBER,055,055
c:\Users\nagap\OneDrive\Documentos\Maestria\2025S\Phonetics TeamLab\ALC\ses2049,0602049056_h_00.wav,N,0.0,SOBER,056,056
c:\Users\nagap\OneDrive\Documentos\Maestria\2025S\Phonetics TeamLab\ALC\ses2049,0602049057_h_00.wav,N,0.0,SOBER,057,057
c:\Users\nagap\OneDrive\Documentos\Maestria\2025S\Phonetics TeamLab\ALC\ses2049,0602049058_h_00.wav,N,0.0,SOBER,058,058
c:\Users\nagap\OneDrive\Documentos\Maestria\2025S\Phonetics TeamLab\ALC\ses2049,0602049059_h_00.wav,N,0.0,SOBER,059,059
c:\Users\nagap\OneDrive\Documentos\Maestria\2025S\Phonetics TeamLab\ALC\ses2049,0602049060_h_00.wav,N,0.0,SOBER,060,060
c:\Users\nagap\OneDrive\Documentos\Maestria\2025S\Phonetics TeamLab\ALC\ses3050,5493050001_h_00.wav,A,0.00102,DRUNK,001,001
c:\Users\nagap\OneDrive\Documentos\Maestria\2025S\Phonetics TeamLab\ALC\ses3050,5493050002_h_00.wav,A,0.00102,DRUNK,002,034
c:\Users\nagap\OneDrive\Documentos\Maestria\2025S\Phonetics TeamLab\ALC\ses3050,5493050003_h_00.wav,A,0.00102,DRUNK,003,032
c:\Users\nagap\OneDrive\Documentos\Maestria\2025S\Phonetics TeamLab\ALC\ses3050,5493050004_h_00.wav,A,0.00102,DRUNK,004,061
c:\Users\nagap\OneDrive\Documentos\Maestria\2025S\Phonetics TeamLab\ALC\ses3050,5493050005_h_00.wav,A,0.00102,DRUNK,005,030
c:\Users\nagap\OneDrive\Documentos\Maestria\2025S\Phonetics TeamLab\ALC\ses3050,5493050006_h_00.wav,A,0.00102,DRUNK,006,026
c:\Users\nagap\OneDrive\Documentos\Maestria\2025S\Phonetics TeamLab\ALC\ses3050,5493050007_h_00.wav,A,0.00102,DRUNK,007,023
c:\Users\nagap\OneDrive\Documentos\Maestria\2025S\Phonetics TeamLab\ALC\ses3050,5493050008_h_00.wav,A,0.00102,DRUNK,008,008
c:\Users\nagap\OneDrive\Documentos\Maestria\2025S\Phonetics TeamLab\ALC\ses3050,5493050009_h_00.wav,A,0.00102,DRUNK,009,029
c:\Users\nagap\OneDrive\Documentos\Maestria\2025S\Phonetics TeamLab\ALC\ses3050,5493050010_h_00.wav,A,0.00102,DRUNK,010,010
c:\Users\nagap\OneDrive\Documentos\Maestria\2025S\Phonetics TeamLab\ALC\ses3050,5493050011_h_00.wav,A,0.00102,DRUNK,011,031
c:\Users\nagap\OneDrive\Documentos\Maestria\2025S\Phonetics TeamLab\ALC\ses3050,5493050012_h_00.wav,A,0.00102,DRUNK,012,012
c:\Users\nagap\OneDrive\Documentos\Maestria\2025S\Phonetics TeamLab\ALC\ses3050,5493050013_h_00.wav,A,0.00102,DRUNK,013,013
c:\Users\nagap\OneDrive\Documentos\Maestria\2025S\Phonetics TeamLab\ALC\ses3050,5493050014_h_00.wav,A,0.00102,DRUNK,014,014
c:\Users\nagap\OneDrive\Documentos\Maestria\2025S\Phonetics TeamLab\ALC\ses3050,5493050015_h_00.wav,A,0.00102,DRUNK,015,015
c:\Users\nagap\OneDrive\Documentos\Maestria\2025S\Phonetics TeamLab\ALC\ses3050,5493050016_h_00.wav,A,0.00102,DRUNK,016,036
c:\Users\nagap\OneDrive\Documentos\Maestria\2025S\Phonetics TeamLab\ALC\ses3050,5493050017_h_00.wav,A,0.00102,DRUNK,017,024
c:\Users\nagap\OneDrive\Documentos\Maestria\2025S\Phonetics TeamLab\ALC\ses3050,5493050018_h_00.wav,A,0.00102,DRUNK,018,038
c:\Users\nagap\OneDrive\Documentos\Maestria\2025S\Phonetics TeamLab\ALC\ses3050,5493050019_h_00.wav,A,0.00102,DRUNK,019,019
c:\Users\nagap\OneDrive\Documentos\Maestria\2025S\Phonetics TeamLab\ALC\ses3050,5493050020_h_00.wav,A,0.00102,DRUNK,020,020
c:\Users\nagap\OneDrive\Documentos\Maestria\2025S\Phonetics TeamLab\ALC\ses3050,5493050021_h_00.wav,A,0.00102,DRUNK,021,041
c:\Users\nagap\OneDrive\Documentos\Maestria\2025S\Phonetics TeamLab\ALC\ses3050,5493050022_h_00.wav,A,0.00102,DRUNK,022,042
c:\Users\nagap\OneDrive\Documentos\Maestria\2025S\Phonetics TeamLab\ALC\ses3050,5493050023_h_00.wav,A,0.00102,DRUNK,023,059
c:\Users\nagap\OneDrive\Documentos\Maestria\2025S\Phonetics TeamLab\ALC\ses3050,5493050024_h_00.wav,A,0.00102,DRUNK,024,051
c:\Users\nagap\OneDrive\Documentos\Maestria\2025S\Phonetics TeamLab\ALC\ses3050,5493050025_h_00.wav,A,0.00102,DRUNK,025,046
c:\Users\nagap\OneDrive\Documentos\Maestria\2025S\Phonetics TeamLab\ALC\ses3050,5493050026_h_00.wav,A,0.00102,DRUNK,026,055
c:\Users\nagap\OneDrive\Documentos\Maestria\2025S\Phonetics TeamLab\ALC\ses3050,5493050027_h_00.wav,A,0.00102,DRUNK,027,048
c:\Users\nagap\OneDrive\Documentos\Maestria\2025S\Phonetics TeamLab\ALC\ses3050,5493050028_h_00.wav,A,0.00102,DRUNK,028,049
c:\Users\nagap\OneDrive\Documentos\Maestria\2025S\Phonetics TeamLab\ALC\ses3050,5493050029_h_00.wav,A,0.00102,DRUNK,029,050
c:\Users\nagap\OneDrive\Documentos\Maestria\2025S\Phonetics TeamLab\ALC\ses3050,5493050030_h_01.wav,A,0.00102,DRUNK,030,060
c:\Users\nagap\OneDrive\Documentos\Maestria\2025S\Phonetics TeamLab\ALC\ses4040,5494040001_h_00.wav,N,0.0,SOBER,001,001
c:\Users\nagap\OneDrive\Documentos\Maestria\2025S\Phonetics TeamLab\ALC\ses4040,5494040002_h_00.wav,N,0.0,SOBER,002,002
c:\Users\nagap\OneDrive\Documentos\Maestria\2025S\Phonetics TeamLab\ALC\ses4040,5494040003_h_00.wav,N,0.0,SOBER,003,003
c:\Users\nagap\OneDrive\Documentos\Maestria\2025S\Phonetics TeamLab\ALC\ses4040,5494040004_h_00.wav,N,0.0,SOBER,004,004
c:\Users\nagap\OneDrive\Documentos\Maestria\2025S\Phonetics TeamLab\ALC\ses4040,5494040005_h_00.wav,N,0.0,SOBER,005,005
c:\Users\nagap\OneDrive\Documentos\Maestria\2025S\Phonetics TeamLab\ALC\ses4040,5494040006_h_00.wav,N,0.0,SOBER,006,006
c:\Users\nagap\OneDrive\Documentos\Maestria\2025S\Phonetics TeamLab\ALC\ses4040,5494040007_h_00.wav,N,0.0,SOBER,007,007
c:\Users\nagap\OneDrive\Documentos\Maestria\2025S\Phonetics TeamLab\ALC\ses4040,5494040008_h_00.wav,N,0.0,SOBER,008,008
c:\Users\nagap\OneDrive\Documentos\Maestria\2025S\Phonetics TeamLab\ALC\ses4040,5494040009_h_00.wav,N,0.0,SOBER,009,009
c:\Users\nagap\OneDrive\Documentos\Maestria\2025S\Phonetics TeamLab\ALC\ses4040,5494040010_h_00.wav,N,0.0,SOBER,010,010
c:\Users\nagap\OneDrive\Documentos\Maestria\2025S\Phonetics TeamLab\ALC\ses4040,5494040011_h_00.wav,N,0.0,SOBER,011,011
c:\Users\nagap\OneDrive\Documentos\Maestria\2025S\Phonetics TeamLab\ALC\ses4040,5494040012_h_00.wav,N,0.0,SOBER,012,012
c:\Users\nagap\OneDrive\Documentos\Maestria\2025S\Phonetics TeamLab\ALC\ses4040,5494040013_h_00.wav,N,0.0,SOBER,013,013
c:\Users\nagap\OneDrive\Documentos\Maestria\2025S\Phonetics TeamLab\ALC\ses4040,5494040014_h_00.wav,N,0.0,SOBER,014,014
c:\Users\nagap\OneDrive\Documentos\Maestria\2025S\Phonetics TeamLab\ALC\ses4040,5494040015_h_00.wav,N,0.0,SOBER,015,015
c:\Users\nagap\OneDrive\Documentos\Maestria\2025S\Phonetics TeamLab\ALC\ses4040,5494040016_h_00.wav,N,0.0,SOBER,016,016
c:\Users\nagap\OneDrive\Documentos\Maestria\2025S\Phonetics TeamLab\ALC\ses4040,5494040017_h_00.wav,N,0.0,SOBER,017,017
c:\Users\nagap\OneDrive\Documentos\Maestria\2025S\Phonetics TeamLab\ALC\ses4040,5494040018_h_00.wav,N,0.0,SOBER,018,018
c:\Users\nagap\OneDrive\Documentos\Maestria\2025S\Phonetics TeamLab\ALC\ses4040,5494040019_h_00.wav,N,0.0,SOBER,019,019
c:\Users\nagap\OneDrive\Documentos\Maestria\2025S\Phonetics TeamLab\ALC\ses4040,5494040020_h_00.wav,N,0.0,SOBER,020,020
c:\Users\nagap\OneDrive\Documentos\Maestria\2025S\Phonetics TeamLab\ALC\ses4040,5494040021_h_00.wav,N,0.0,SOBER,021,021
c:\Users\nagap\OneDrive\Documentos\Maestria\2025S\Phonetics TeamLab\ALC\ses4040,5494040022_h_00.wav,N,0.0,SOBER,022,022
c:\Users\nagap\OneDrive\Documentos\Maestria\2025S\Phonetics TeamLab\ALC\ses4040,5494040023_h_00.wav,N,0.0,SOBER,023,023
c:\Users\nagap\OneDrive\Documentos\Maestria\2025S\Phonetics TeamLab\ALC\ses4040,5494040024_h_00.wav,N,0.0,SOBER,024,024
c:\Users\nagap\OneDrive\Documentos\Maestria\2025S\Phonetics TeamLab\ALC\ses4040,5494040025_h_00.wav,N,0.0,SOBER,025,025
c:\Users\nagap\OneDrive\Documentos\Maestria\2025S\Phonetics TeamLab\ALC\ses4040,5494040026_h_00.wav,N,0.0,SOBER,026,026
c:\Users\nagap\OneDrive\Documentos\Maestria\2025S\Phonetics TeamLab\ALC\ses4040,5494040027_h_00.wav,N,0.0,SOBER,027,027
c:\Users\nagap\OneDrive\Documentos\Maestria\2025S\Phonetics TeamLab\ALC\ses4040,5494040028_h_00.wav,N,0.0,SOBER,028,028
c:\Users\nagap\OneDrive\Documentos\Maestria\2025S\Phonetics TeamLab\ALC\ses4040,5494040029_h_00.wav,N,0.0,SOBER,029,029
c:\Users\nagap\OneDrive\Documentos\Maestria\2025S\Phonetics TeamLab\ALC\ses4040,5494040030_h_00.wav,N,0.0,SOBER,030,030
c:\Users\nagap\OneDrive\Documentos\Maestria\2025S\Phonetics TeamLab\ALC\ses4040,5494040031_h_00.wav,N,0.0,SOBER,031,031
c:\Users\nagap\OneDrive\Documentos\Maestria\2025S\Phonetics TeamLab\ALC\ses4040,5494040032_h_00.wav,N,0.0,SOBER,032,032
c:\Users\nagap\OneDrive\Documentos\Maestria\2025S\Phonetics TeamLab\ALC\ses4040,5494040033_h_00.wav,N,0.0,SOBER,033,033
c:\Users\nagap\OneDrive\Documentos\Maestria\2025S\Phonetics TeamLab\ALC\ses4040,5494040034_h_00.wav,N,0.0,SOBER,034,034
c:\Users\nagap\OneDrive\Documentos\Maestria\2025S\Phonetics TeamLab\ALC\ses4040,5494040035_h_00.wav,N,0.0,SOBER,035,035
c:\Users\nagap\OneDrive\Documentos\Maestria\2025S\Phonetics TeamLab\ALC\ses4040,5494040036_h_00.wav,N,0.0,SOBER,036,036
c:\Users\nagap\OneDrive\Documentos\Maestria\2025S\Phonetics TeamLab\ALC\ses4040,5494040037_h_00.wav,N,0.0,SOBER,037,037
c:\Users\nagap\OneDrive\Documentos\Maestria\2025S\Phonetics TeamLab\ALC\ses4040,5494040038_h_00.wav,N,0.0,SOBER,038,038
c:\Users\nagap\OneDrive\Documentos\Maestria\2025S\Phonetics TeamLab\ALC\ses4040,5494040039_h_00.wav,N,0.0,SOBER,039,039
c:\Users\nagap\OneDrive\Documentos\Maestria\2025S\Phonetics TeamLab\ALC\ses4040,5494040040_h_00.wav,N,0.0,SOBER,040,040
c:\Users\nagap\OneDrive\Documentos\Maestria\2025S\Phonetics TeamLab\ALC\ses4040,5494040041_h_00.wav,N,0.0,SOBER,041,041
c:\Users\nagap\OneDrive\Documentos\Maestria\2025S\Phonetics TeamLab\ALC\ses4040,5494040042_h_00.wav,N,0.0,SOBER,042,042
c:\Users\nagap\OneDrive\Documentos\Maestria\2025S\Phonetics TeamLab\ALC\ses4040,5494040043_h_00.wav,N,0.0,SOBER,043,043
c:\Users\nagap\OneDrive\Documentos\Maestria\2025S\Phonetics TeamLab\ALC\ses4040,5494040044_h_00.wav,N,0.0,SOBER,044,044
c:\Users\nagap\OneDrive\Documentos\Maestria\2025S\Phonetics TeamLab\ALC\ses4040,5494040045_h_00.wav,N,0.0,SOBER,045,045
c:\Users\nagap\OneDrive\Documentos\Maestria\2025S\Phonetics TeamLab\ALC\ses4040,5494040046_h_00.wav,N,0.0,SOBER,046,046
c:\Users\nagap\OneDrive\Documentos\Maestria\2025S\Phonetics TeamLab\ALC\ses4040,5494040047_h_00.wav,N,0.0,SOBER,047,047
c:\Users\nagap\OneDrive\Documentos\Maestria\2025S\Phonetics TeamLab\ALC\ses4040,5494040048_h_00.wav,N,0.0,SOBER,048,048
c:\Users\nagap\OneDrive\Documentos\Maestria\2025S\Phonetics TeamLab\ALC\ses4040,5494040049_h_00.wav,N,0.0,SOBER,049,049
c:\Users\nagap\OneDrive\Documentos\Maestria\2025S\Phonetics TeamLab\ALC\ses4040,5494040050_h_00.wav,N,0.0,SOBER,050,050
c:\Users\nagap\OneDrive\Documentos\Maestria\2025S\Phonetics TeamLab\ALC\ses4040,5494040051_h_00.wav,N,0.0,SOBER,051,051
c:\Users\nagap\OneDrive\Documentos\Maestria\2025S\Phonetics TeamLab\ALC\ses4040,5494040052_h_00.wav,N,0.0,SOBER,052,052
c:\Users\nagap\OneDrive\Documentos\Maestria\2025S\Phonetics TeamLab\ALC\ses4040,5494040053_h_00.wav,N,0.0,SOBER,053,053
c:\Users\nagap\OneDrive\Documentos\Maestria\2025S\Phonetics TeamLab\ALC\ses4040,5494040054_h_00.wav,N,0.0,SOBER,054,054
c:\Users\nagap\OneDrive\Documentos\Maestria\2025S\Phonetics TeamLab\ALC\ses4040,5494040055_h_00.wav,N,0.0,SOBER,055,055
c:\Users\nagap\OneDrive\Documentos\Maestria\2025S\Phonetics TeamLab\ALC\ses4040,5494040056_h_00.wav,N,0.0,SOBER,056,056
c:\Users\nagap\OneDrive\Documentos\Maestria\2025S\Phonetics TeamLab\ALC\ses4040,5494040057_h_00.wav,N,0.0,SOBER,057,057
c:\Users\nagap\OneDrive\Documentos\Maestria\2025S\Phonetics TeamLab\ALC\ses4040,5494040058_h_00.wav,N,0.0,SOBER,058,058
c:\Users\nagap\OneDrive\Documentos\Maestria\2025S\Phonetics TeamLab\ALC\ses4040,5494040059_h_00.wav,N,0.0,SOBER,059,059
c:\Users\nagap\OneDrive\Documentos\Maestria\2025S\Phonetics TeamLab\ALC\ses4040,5494040060_h_00.wav,N,0.0,SOBER,060,060
c:\Users\nagap\OneDrive\Documentos\Maestria\2025S\Phonetics TeamLab\ALC\ses1060,0591060001_h_00.wav,N,0.0005,DRUNK,001,001
c:\Users\nagap\OneDrive\Documentos\Maestria\2025S\Phonetics TeamLab\ALC\ses1060,0591060002_h_00.wav,N,0.0005,DRUNK,002,034
c:\Users\nagap\OneDrive\Documentos\Maestria\2025S\Phonetics TeamLab\ALC\ses1060,0591060003_h_00.wav,N,0.0005,DRUNK,003,032
c:\Users\nagap\OneDrive\Documentos\Maestria\2025S\Phonetics TeamLab\ALC\ses1060,0591060004_h_00.wav,N,0.0005,DRUNK,004,061
c:\Users\nagap\OneDrive\Documentos\Maestria\2025S\Phonetics TeamLab\ALC\ses1060,0591060005_h_00.wav,N,0.0005,DRUNK,005,030
c:\Users\nagap\OneDrive\Documentos\Maestria\2025S\Phonetics TeamLab\ALC\ses1060,0591060006_h_00.wav,N,0.0005,DRUNK,006,026
c:\Users\nagap\OneDrive\Documentos\Maestria\2025S\Phonetics TeamLab\ALC\ses1060,0591060007_h_00.wav,N,0.0005,DRUNK,007,023
c:\Users\nagap\OneDrive\Documentos\Maestria\2025S\Phonetics TeamLab\ALC\ses1060,0591060008_h_00.wav,N,0.0005,DRUNK,008,008
c:\Users\nagap\OneDrive\Documentos\Maestria\2025S\Phonetics TeamLab\ALC\ses1060,0591060009_h_00.wav,N,0.0005,DRUNK,009,029
c:\Users\nagap\OneDrive\Documentos\Maestria\2025S\Phonetics TeamLab\ALC\ses1060,0591060010_h_00.wav,N,0.0005,DRUNK,010,010
c:\Users\nagap\OneDrive\Documentos\Maestria\2025S\Phonetics TeamLab\ALC\ses1060,0591060011_h_00.wav,N,0.0005,DRUNK,011,031
c:\Users\nagap\OneDrive\Documentos\Maestria\2025S\Phonetics TeamLab\ALC\ses1060,0591060012_h_00.wav,N,0.0005,DRUNK,012,012
c:\Users\nagap\OneDrive\Documentos\Maestria\2025S\Phonetics TeamLab\ALC\ses1060,0591060013_h_00.wav,N,0.0005,DRUNK,013,013
c:\Users\nagap\OneDrive\Documentos\Maestria\2025S\Phonetics TeamLab\ALC\ses1060,0591060014_h_00.wav,N,0.0005,DRUNK,014,014
c:\Users\nagap\OneDrive\Documentos\Maestria\2025S\Phonetics TeamLab\ALC\ses1060,0591060015_h_00.wav,N,0.0005,DRUNK,015,015
c:\Users\nagap\OneDrive\Documentos\Maestria\2025S\Phonetics TeamLab\ALC\ses1060,0591060016_h_00.wav,N,0.0005,DRUNK,016,036
c:\Users\nagap\OneDrive\Documentos\Maestria\2025S\Phonetics TeamLab\ALC\ses1060,0591060017_h_00.wav,N,0.0005,DRUNK,017,024
c:\Users\nagap\OneDrive\Documentos\Maestria\2025S\Phonetics TeamLab\ALC\ses1060,0591060018_h_00.wav,N,0.0005,DRUNK,018,038
c:\Users\nagap\OneDrive\Documentos\Maestria\2025S\Phonetics TeamLab\ALC\ses1060,0591060019_h_00.wav,N,0.0005,DRUNK,019,019
c:\Users\nagap\OneDrive\Documentos\Maestria\2025S\Phonetics TeamLab\ALC\ses1060,0591060020_h_00.wav,N,0.0005,DRUNK,020,020
c:\Users\nagap\OneDrive\Documentos\Maestria\2025S\Phonetics TeamLab\ALC\ses1060,0591060021_h_00.wav,N,0.0005,DRUNK,021,041
c:\Users\nagap\OneDrive\Documentos\Maestria\2025S\Phonetics TeamLab\ALC\ses1060,0591060022_h_00.wav,N,0.0005,DRUNK,022,042
c:\Users\nagap\OneDrive\Documentos\Maestria\2025S\Phonetics TeamLab\ALC\ses1060,0591060023_h_00.wav,N,0.0005,DRUNK,023,059
c:\Users\nagap\OneDrive\Documentos\Maestria\2025S\Phonetics TeamLab\ALC\ses1060,0591060024_h_00.wav,N,0.0005,DRUNK,024,051
c:\Users\nagap\OneDrive\Documentos\Maestria\2025S\Phonetics TeamLab\ALC\ses1060,0591060025_h_00.wav,N,0.0005,DRUNK,025,046
c:\Users\nagap\OneDrive\Documentos\Maestria\2025S\Phonetics TeamLab\ALC\ses1060,0591060026_h_00.wav,N,0.0005,DRUNK,026,055
c:\Users\nagap\OneDrive\Documentos\Maestria\2025S\Phonetics TeamLab\ALC\ses1060,0591060027_h_00.wav,N,0.0005,DRUNK,027,048
c:\Users\nagap\OneDrive\Documentos\Maestria\2025S\Phonetics TeamLab\ALC\ses1060,0591060028_h_00.wav,N,0.0005,DRUNK,028,049
c:\Users\nagap\OneDrive\Documentos\Maestria\2025S\Phonetics TeamLab\ALC\ses1060,0591060029_h_00.wav,N,0.0005,DRUNK,029,050
c:\Users\nagap\OneDrive\Documentos\Maestria\2025S\Phonetics TeamLab\ALC\ses1060,0591060030_h_00.wav,N,0.0005,DRUNK,030,060
c:\Users\nagap\OneDrive\Documentos\Maestria\2025S\Phonetics TeamLab\ALC\ses2039,0592039001_h_00.wav,N,0.0,SOBER,001,001
c:\Users\nagap\OneDrive\Documentos\Maestria\2025S\Phonetics TeamLab\ALC\ses2039,0592039002_h_00.wav,N,0.0,SOBER,002,002
c:\Users\nagap\OneDrive\Documentos\Maestria\2025S\Phonetics TeamLab\ALC\ses2039,0592039003_h_00.wav,N,0.0,SOBER,003,003
c:\Users\nagap\OneDrive\Documentos\Maestria\2025S\Phonetics TeamLab\ALC\ses2039,0592039004_h_00.wav,N,0.0,SOBER,004,004
c:\Users\nagap\OneDrive\Documentos\Maestria\2025S\Phonetics TeamLab\ALC\ses2039,0592039005_h_00.wav,N,0.0,SOBER,005,005
c:\Users\nagap\OneDrive\Documentos\Maestria\2025S\Phonetics TeamLab\ALC\ses2039,0592039006_h_01.wav,N,0.0,SOBER,006,006
c:\Users\nagap\OneDrive\Documentos\Maestria\2025S\Phonetics TeamLab\ALC\ses2039,0592039007_h_00.wav,N,0.0,SOBER,007,007
c:\Users\nagap\OneDrive\Documentos\Maestria\2025S\Phonetics TeamLab\ALC\ses2039,0592039008_h_00.wav,N,0.0,SOBER,008,008
c:\Users\nagap\OneDrive\Documentos\Maestria\2025S\Phonetics TeamLab\ALC\ses2039,0592039009_h_00.wav,N,0.0,SOBER,009,009
c:\Users\nagap\OneDrive\Documentos\Maestria\2025S\Phonetics TeamLab\ALC\ses2039,0592039010_h_00.wav,N,0.0,SOBER,010,010
c:\Users\nagap\OneDrive\Documentos\Maestria\2025S\Phonetics TeamLab\ALC\ses2039,0592039011_h_00.wav,N,0.0,SOBER,011,011
c:\Users\nagap\OneDrive\Documentos\Maestria\2025S\Phonetics TeamLab\ALC\ses2039,0592039012_h_00.wav,N,0.0,SOBER,012,012
c:\Users\nagap\OneDrive\Documentos\Maestria\2025S\Phonetics TeamLab\ALC\ses2039,0592039013_h_00.wav,N,0.0,SOBER,013,013
c:\Users\nagap\OneDrive\Documentos\Maestria\2025S\Phonetics TeamLab\ALC\ses2039,0592039014_h_00.wav,N,0.0,SOBER,014,014
c:\Users\nagap\OneDrive\Documentos\Maestria\2025S\Phonetics TeamLab\ALC\ses2039,0592039015_h_00.wav,N,0.0,SOBER,015,015
c:\Users\nagap\OneDrive\Documentos\Maestria\2025S\Phonetics TeamLab\ALC\ses2039,0592039016_h_00.wav,N,0.0,SOBER,016,016
c:\Users\nagap\OneDrive\Documentos\Maestria\2025S\Phonetics TeamLab\ALC\ses2039,0592039017_h_00.wav,N,0.0,SOBER,017,017
c:\Users\nagap\OneDrive\Documentos\Maestria\2025S\Phonetics TeamLab\ALC\ses2039,0592039018_h_00.wav,N,0.0,SOBER,018,018
c:\Users\nagap\OneDrive\Documentos\Maestria\2025S\Phonetics TeamLab\ALC\ses2039,0592039019_h_00.wav,N,0.0,SOBER,019,019
c:\Users\nagap\OneDrive\Documentos\Maestria\2025S\Phonetics TeamLab\ALC\ses2039,0592039020_h_00.wav,N,0.0,SOBER,020,020
c:\Users\nagap\OneDrive\Documentos\Maestria\2025S\Phonetics TeamLab\ALC\ses2039,0592039021_h_00.wav,N,0.0,SOBER,021,021
c:\Users\nagap\OneDrive\Documentos\Maestria\2025S\Phonetics TeamLab\ALC\ses2039,0592039022_h_00.wav,N,0.0,SOBER,022,022
c:\Users\nagap\OneDrive\Documentos\Maestria\2025S\Phonetics TeamLab\ALC\ses2039,0592039023_h_00.wav,N,0.0,SOBER,023,023
c:\Users\nagap\OneDrive\Documentos\Maestria\2025S\Phonetics TeamLab\ALC\ses2039,0592039024_h_00.wav,N,0.0,SOBER,024,024
c:\Users\nagap\OneDrive\Documentos\Maestria\2025S\Phonetics TeamLab\ALC\ses2039,0592039025_h_00.wav,N,0.0,SOBER,025,025
c:\Users\nagap\OneDrive\Documentos\Maestria\2025S\Phonetics TeamLab\ALC\ses2039,0592039026_h_00.wav,N,0.0,SOBER,026,026
c:\Users\nagap\OneDrive\Documentos\Maestria\2025S\Phonetics TeamLab\ALC\ses2039,0592039027_h_00.wav,N,0.0,SOBER,027,027
c:\Users\nagap\OneDrive\Documentos\Maestria\2025S\Phonetics TeamLab\ALC\ses2039,0592039028_h_00.wav,N,0.0,SOBER,028,028
c:\Users\nagap\OneDrive\Documentos\Maestria\2025S\Phonetics TeamLab\ALC\ses2039,0592039029_h_00.wav,N,0.0,SOBER,029,029
c:\Users\nagap\OneDrive\Documentos\Maestria\2025S\Phonetics TeamLab\ALC\ses2039,0592039030_h_00.wav,N,0.0,SOBER,030,030
c:\Users\nagap\OneDrive\Documentos\Maestria\2025S\Phonetics TeamLab\ALC\ses2039,0592039031_h_00.wav,N,0.0,SOBER,031,031
c:\Users\nagap\OneDrive\Documentos\Maestria\2025S\Phonetics TeamLab\ALC\ses2039,0592039032_h_00.wav,N,0.0,SOBER,032,032
c:\Users\nagap\OneDrive\Documentos\Maestria\2025S\Phonetics TeamLab\ALC\ses2039,0592039033_h_00.wav,N,0.0,SOBER,033,033
c:\Users\nagap\OneDrive\Documentos\Maestria\2025S\Phonetics TeamLab\ALC\ses2039,0592039034_h_00.wav,N,0.0,SOBER,034,034
c:\Users\nagap\OneDrive\Documentos\Maestria\2025S\Phonetics TeamLab\ALC\ses2039,0592039035_h_00.wav,N,0.0,SOBER,035,035
c:\Users\nagap\OneDrive\Documentos\Maestria\2025S\Phonetics TeamLab\ALC\ses2039,0592039036_h_00.wav,N,0.0,SOBER,036,036
c:\Users\nagap\OneDrive\Documentos\Maestria\2025S\Phonetics TeamLab\ALC\ses2039,0592039037_h_00.wav,N,0.0,SOBER,037,037
c:\Users\nagap\OneDrive\Documentos\Maestria\2025S\Phonetics TeamLab\ALC\ses2039,0592039038_h_00.wav,N,0.0,SOBER,038,038
c:\Users\nagap\OneDrive\Documentos\Maestria\2025S\Phonetics TeamLab\ALC\ses2039,0592039039_h_00.wav,N,0.0,SOBER,039,039
c:\Users\nagap\OneDrive\Documentos\Maestria\2025S\Phonetics TeamLab\ALC\ses2039,0592039040_h_00.wav,N,0.0,SOBER,040,040
c:\Users\nagap\OneDrive\Documentos\Maestria\2025S\Phonetics TeamLab\ALC\ses2039,0592039041_h_00.wav,N,0.0,SOBER,041,041
c:\Users\nagap\OneDrive\Documentos\Maestria\2025S\Phonetics TeamLab\ALC\ses2039,0592039042_h_00.wav,N,0.0,SOBER,042,042
c:\Users\nagap\OneDrive\Documentos\Maestria\2025S\Phonetics TeamLab\ALC\ses2039,0592039043_h_00.wav,N,0.0,SOBER,043,043
c:\Users\nagap\OneDrive\Documentos\Maestria\2025S\Phonetics TeamLab\ALC\ses2039,0592039044_h_00.wav,N,0.0,SOBER,044,044
c:\Users\nagap\OneDrive\Documentos\Maestria\2025S\Phonetics TeamLab\ALC\ses2039,0592039045_h_00.wav,N,0.0,SOBER,045,045
c:\Users\nagap\OneDrive\Documentos\Maestria\2025S\Phonetics TeamLab\ALC\ses2039,0592039046_h_00.wav,N,0.0,SOBER,046,046
c:\Users\nagap\OneDrive\Documentos\Maestria\2025S\Phonetics TeamLab\ALC\ses2039,0592039047_h_00.wav,N,0.0,SOBER,047,047
c:\Users\nagap\OneDrive\Documentos\Maestria\2025S\Phonetics TeamLab\ALC\ses2039,0592039048_h_00.wav,N,0.0,SOBER,048,048
c:\Users\nagap\OneDrive\Documentos\Maestria\2025S\Phonetics TeamLab\ALC\ses2039,0592039049_h_00.wav,N,0.0,SOBER,049,049
c:\Users\nagap\OneDrive\Documentos\Maestria\2025S\Phonetics TeamLab\ALC\ses2039,0592039050_h_00.wav,N,0.0,SOBER,050,050
c:\Users\nagap\OneDrive\Documentos\Maestria\2025S\Phonetics TeamLab\ALC\ses2039,0592039051_h_00.wav,N,0.0,SOBER,051,051
c:\Users\nagap\OneDrive\Documentos\Maestria\2025S\Phonetics TeamLab\ALC\ses2039,0592039052_h_00.wav,N,0.0,SOBER,052,052
c:\Users\nagap\OneDrive\Documentos\Maestria\2025S\Phonetics TeamLab\ALC\ses2039,0592039053_h_00.wav,N,0.0,SOBER,053,053
c:\Users\nagap\OneDrive\Documentos\Maestria\2025S\Phonetics TeamLab\ALC\ses2039,0592039054_h_00.wav,N,0.0,SOBER,054,054
c:\Users\nagap\OneDrive\Documentos\Maestria\2025S\Phonetics TeamLab\ALC\ses2039,0592039055_h_00.wav,N,0.0,SOBER,055,055
c:\Users\nagap\OneDrive\Documentos\Maestria\2025S\Phonetics TeamLab\ALC\ses2039,0592039056_h_00.wav,N,0.0,SOBER,056,056
c:\Users\nagap\OneDrive\Documentos\Maestria\2025S\Phonetics TeamLab\ALC\ses2039,0592039057_h_00.wav,N,0.0,SOBER,057,057
c:\Users\nagap\OneDrive\Documentos\Maestria\2025S\Phonetics TeamLab\ALC\ses2039,0592039058_h_00.wav,N,0.0,SOBER,058,058
c:\Users\nagap\OneDrive\Documentos\Maestria\2025S\Phonetics TeamLab\ALC\ses2039,0592039059_h_00.wav,N,0.0,SOBER,059,059
c:\Users\nagap\OneDrive\Documentos\Maestria\2025S\Phonetics TeamLab\ALC\ses2039,0592039060_h_00.wav,N,0.0,SOBER,060,060
c:\Users\nagap\OneDrive\Documentos\Maestria\2025S\Phonetics TeamLab\ALC\ses1072,0711072001_h_00.wav,A,0.00081,DRUNK,001,001
c:\Users\nagap\OneDrive\Documentos\Maestria\2025S\Phonetics TeamLab\ALC\ses1072,0711072002_h_00.wav,A,0.00081,DRUNK,002,034
c:\Users\nagap\OneDrive\Documentos\Maestria\2025S\Phonetics TeamLab\ALC\ses1072,0711072003_h_00.wav,A,0.00081,DRUNK,003,032
c:\Users\nagap\OneDrive\Documentos\Maestria\2025S\Phonetics TeamLab\ALC\ses1072,0711072004_h_00.wav,A,0.00081,DRUNK,004,061
c:\Users\nagap\OneDrive\Documentos\Maestria\2025S\Phonetics TeamLab\ALC\ses1072,0711072005_h_00.wav,A,0.00081,DRUNK,005,030
c:\Users\nagap\OneDrive\Documentos\Maestria\2025S\Phonetics TeamLab\ALC\ses1072,0711072006_h_00.wav,A,0.00081,DRUNK,006,026
c:\Users\nagap\OneDrive\Documentos\Maestria\2025S\Phonetics TeamLab\ALC\ses1072,0711072007_h_00.wav,A,0.00081,DRUNK,007,023
c:\Users\nagap\OneDrive\Documentos\Maestria\2025S\Phonetics TeamLab\ALC\ses1072,0711072008_h_00.wav,A,0.00081,DRUNK,008,008
c:\Users\nagap\OneDrive\Documentos\Maestria\2025S\Phonetics TeamLab\ALC\ses1072,0711072009_h_00.wav,A,0.00081,DRUNK,009,029
c:\Users\nagap\OneDrive\Documentos\Maestria\2025S\Phonetics TeamLab\ALC\ses1072,0711072010_h_00.wav,A,0.00081,DRUNK,010,010
c:\Users\nagap\OneDrive\Documentos\Maestria\2025S\Phonetics TeamLab\ALC\ses1072,0711072011_h_00.wav,A,0.00081,DRUNK,011,031
c:\Users\nagap\OneDrive\Documentos\Maestria\2025S\Phonetics TeamLab\ALC\ses1072,0711072012_h_00.wav,A,0.00081,DRUNK,012,012
c:\Users\nagap\OneDrive\Documentos\Maestria\2025S\Phonetics TeamLab\ALC\ses1072,0711072013_h_00.wav,A,0.00081,DRUNK,013,013
c:\Users\nagap\OneDrive\Documentos\Maestria\2025S\Phonetics TeamLab\ALC\ses1072,0711072014_h_00.wav,A,0.00081,DRUNK,014,014
c:\Users\nagap\OneDrive\Documentos\Maestria\2025S\Phonetics TeamLab\ALC\ses1072,0711072015_h_00.wav,A,0.00081,DRUNK,015,015
c:\Users\nagap\OneDrive\Documentos\Maestria\2025S\Phonetics TeamLab\ALC\ses1072,0711072016_h_00.wav,A,0.00081,DRUNK,016,036
c:\Users\nagap\OneDrive\Documentos\Maestria\2025S\Phonetics TeamLab\ALC\ses1072,0711072017_h_00.wav,A,0.00081,DRUNK,017,024
c:\Users\nagap\OneDrive\Documentos\Maestria\2025S\Phonetics TeamLab\ALC\ses1072,0711072018_h_00.wav,A,0.00081,DRUNK,018,038
c:\Users\nagap\OneDrive\Documentos\Maestria\2025S\Phonetics TeamLab\ALC\ses1072,0711072019_h_00.wav,A,0.00081,DRUNK,019,019
c:\Users\nagap\OneDrive\Documentos\Maestria\2025S\Phonetics TeamLab\ALC\ses1072,0711072020_h_00.wav,A,0.00081,DRUNK,020,020
c:\Users\nagap\OneDrive\Documentos\Maestria\2025S\Phonetics TeamLab\ALC\ses1072,0711072021_h_00.wav,A,0.00081,DRUNK,021,041
c:\Users\nagap\OneDrive\Documentos\Maestria\2025S\Phonetics TeamLab\ALC\ses1072,0711072022_h_00.wav,A,0.00081,DRUNK,022,042
c:\Users\nagap\OneDrive\Documentos\Maestria\2025S\Phonetics TeamLab\ALC\ses1072,0711072023_h_00.wav,A,0.00081,DRUNK,023,059
c:\Users\nagap\OneDrive\Documentos\Maestria\2025S\Phonetics TeamLab\ALC\ses1072,0711072024_h_00.wav,A,0.00081,DRUNK,024,051
c:\Users\nagap\OneDrive\Documentos\Maestria\2025S\Phonetics TeamLab\ALC\ses1072,0711072025_h_00.wav,A,0.00081,DRUNK,025,046
c:\Users\nagap\OneDrive\Documentos\Maestria\2025S\Phonetics TeamLab\ALC\ses1072,0711072026_h_00.wav,A,0.00081,DRUNK,026,055
c:\Users\nagap\OneDrive\Documentos\Maestria\2025S\Phonetics TeamLab\ALC\ses1072,0711072027_h_00.wav,A,0.00081,DRUNK,027,048
c:\Users\nagap\OneDrive\Documentos\Maestria\2025S\Phonetics TeamLab\ALC\ses1072,0711072028_h_00.wav,A,0.00081,DRUNK,028,049
c:\Users\nagap\OneDrive\Documentos\Maestria\2025S\Phonetics TeamLab\ALC\ses1072,0711072029_h_00.wav,A,0.00081,DRUNK,029,050
c:\Users\nagap\OneDrive\Documentos\Maestria\2025S\Phonetics TeamLab\ALC\ses1072,0711072030_h_00.wav,A,0.00081,DRUNK,030,060
c:\Users\nagap\OneDrive\Documentos\Maestria\2025S\Phonetics TeamLab\ALC\ses2054,0712054001_h_00.wav,N,0.0,SOBER,001,001
c:\Users\nagap\OneDrive\Documentos\Maestria\2025S\Phonetics TeamLab\ALC\ses2054,0712054002_h_00.wav,N,0.0,SOBER,002,002
c:\Users\nagap\OneDrive\Documentos\Maestria\2025S\Phonetics TeamLab\ALC\ses2054,0712054003_h_00.wav,N,0.0,SOBER,003,003
c:\Users\nagap\OneDrive\Documentos\Maestria\2025S\Phonetics TeamLab\ALC\ses2054,0712054004_h_00.wav,N,0.0,SOBER,004,004
c:\Users\nagap\OneDrive\Documentos\Maestria\2025S\Phonetics TeamLab\ALC\ses2054,0712054005_h_00.wav,N,0.0,SOBER,005,005
c:\Users\nagap\OneDrive\Documentos\Maestria\2025S\Phonetics TeamLab\ALC\ses2054,0712054006_h_00.wav,N,0.0,SOBER,006,006
c:\Users\nagap\OneDrive\Documentos\Maestria\2025S\Phonetics TeamLab\ALC\ses2054,0712054007_h_00.wav,N,0.0,SOBER,007,007
c:\Users\nagap\OneDrive\Documentos\Maestria\2025S\Phonetics TeamLab\ALC\ses2054,0712054008_h_00.wav,N,0.0,SOBER,008,008
c:\Users\nagap\OneDrive\Documentos\Maestria\2025S\Phonetics TeamLab\ALC\ses2054,0712054009_h_00.wav,N,0.0,SOBER,009,009
c:\Users\nagap\OneDrive\Documentos\Maestria\2025S\Phonetics TeamLab\ALC\ses2054,0712054010_h_00.wav,N,0.0,SOBER,010,010
c:\Users\nagap\OneDrive\Documentos\Maestria\2025S\Phonetics TeamLab\ALC\ses2054,0712054011_h_00.wav,N,0.0,SOBER,011,011
c:\Users\nagap\OneDrive\Documentos\Maestria\2025S\Phonetics TeamLab\ALC\ses2054,0712054012_h_00.wav,N,0.0,SOBER,012,012
c:\Users\nagap\OneDrive\Documentos\Maestria\2025S\Phonetics TeamLab\ALC\ses2054,0712054013_h_00.wav,N,0.0,SOBER,013,013
c:\Users\nagap\OneDrive\Documentos\Maestria\2025S\Phonetics TeamLab\ALC\ses2054,0712054014_h_00.wav,N,0.0,SOBER,014,014
c:\Users\nagap\OneDrive\Documentos\Maestria\2025S\Phonetics TeamLab\ALC\ses2054,0712054015_h_00.wav,N,0.0,SOBER,015,015
c:\Users\nagap\OneDrive\Documentos\Maestria\2025S\Phonetics TeamLab\ALC\ses2054,0712054016_h_00.wav,N,0.0,SOBER,016,016
c:\Users\nagap\OneDrive\Documentos\Maestria\2025S\Phonetics TeamLab\ALC\ses2054,0712054017_h_00.wav,N,0.0,SOBER,017,017
c:\Users\nagap\OneDrive\Documentos\Maestria\2025S\Phonetics TeamLab\ALC\ses2054,0712054018_h_00.wav,N,0.0,SOBER,018,018
c:\Users\nagap\OneDrive\Documentos\Maestria\2025S\Phonetics TeamLab\ALC\ses2054,0712054019_h_00.wav,N,0.0,SOBER,019,019
c:\Users\nagap\OneDrive\Documentos\Maestria\2025S\Phonetics TeamLab\ALC\ses2054,0712054020_h_00.wav,N,0.0,SOBER,020,020
c:\Users\nagap\OneDrive\Documentos\Maestria\2025S\Phonetics TeamLab\ALC\ses2054,0712054021_h_00.wav,N,0.0,SOBER,021,021
c:\Users\nagap\OneDrive\Documentos\Maestria\2025S\Phonetics TeamLab\ALC\ses2054,0712054022_h_00.wav,N,0.0,SOBER,022,022
c:\Users\nagap\OneDrive\Documentos\Maestria\2025S\Phonetics TeamLab\ALC\ses2054,0712054023_h_00.wav,N,0.0,SOBER,023,023
c:\Users\nagap\OneDrive\Documentos\Maestria\2025S\Phonetics TeamLab\ALC\ses2054,0712054024_h_00.wav,N,0.0,SOBER,024,024
c:\Users\nagap\OneDrive\Documentos\Maestria\2025S\Phonetics TeamLab\ALC\ses2054,0712054025_h_00.wav,N,0.0,SOBER,025,025
c:\Users\nagap\OneDrive\Documentos\Maestria\2025S\Phonetics TeamLab\ALC\ses2054,0712054026_h_00.wav,N,0.0,SOBER,026,026
c:\Users\nagap\OneDrive\Documentos\Maestria\2025S\Phonetics TeamLab\ALC\ses2054,0712054027_h_00.wav,N,0.0,SOBER,027,027
c:\Users\nagap\OneDrive\Documentos\Maestria\2025S\Phonetics TeamLab\ALC\ses2054,0712054028_h_00.wav,N,0.0,SOBER,028,028
c:\Users\nagap\OneDrive\Documentos\Maestria\2025S\Phonetics TeamLab\ALC\ses2054,0712054029_h_00.wav,N,0.0,SOBER,029,029
c:\Users\nagap\OneDrive\Documentos\Maestria\2025S\Phonetics TeamLab\ALC\ses2054,0712054030_h_00.wav,N,0.0,SOBER,030,030
c:\Users\nagap\OneDrive\Documentos\Maestria\2025S\Phonetics TeamLab\ALC\ses2054,0712054031_h_00.wav,N,0.0,SOBER,031,031
c:\Users\nagap\OneDrive\Documentos\Maestria\2025S\Phonetics TeamLab\ALC\ses2054,0712054032_h_00.wav,N,0.0,SOBER,032,032
c:\Users\nagap\OneDrive\Documentos\Maestria\2025S\Phonetics TeamLab\ALC\ses2054,0712054033_h_00.wav,N,0.0,SOBER,033,033
c:\Users\nagap\OneDrive\Documentos\Maestria\2025S\Phonetics TeamLab\ALC\ses2054,0712054034_h_00.wav,N,0.0,SOBER,034,034
c:\Users\nagap\OneDrive\Documentos\Maestria\2025S\Phonetics TeamLab\ALC\ses2054,0712054035_h_00.wav,N,0.0,SOBER,035,035
c:\Users\nagap\OneDrive\Documentos\Maestria\2025S\Phonetics TeamLab\ALC\ses2054,0712054036_h_00.wav,N,0.0,SOBER,036,036
c:\Users\nagap\OneDrive\Documentos\Maestria\2025S\Phonetics TeamLab\ALC\ses2054,0712054037_h_00.wav,N,0.0,SOBER,037,037
c:\Users\nagap\OneDrive\Documentos\Maestria\2025S\Phonetics TeamLab\ALC\ses2054,0712054038_h_00.wav,N,0.0,SOBER,038,038
c:\Users\nagap\OneDrive\Documentos\Maestria\2025S\Phonetics TeamLab\ALC\ses2054,0712054039_h_00.wav,N,0.0,SOBER,039,039
c:\Users\nagap\OneDrive\Documentos\Maestria\2025S\Phonetics TeamLab\ALC\ses2054,0712054040_h_00.wav,N,0.0,SOBER,040,040
c:\Users\nagap\OneDrive\Documentos\Maestria\2025S\Phonetics TeamLab\ALC\ses2054,0712054041_h_00.wav,N,0.0,SOBER,041,041
c:\Users\nagap\OneDrive\Documentos\Maestria\2025S\Phonetics TeamLab\ALC\ses2054,0712054042_h_00.wav,N,0.0,SOBER,042,042
c:\Users\nagap\OneDrive\Documentos\Maestria\2025S\Phonetics TeamLab\ALC\ses2054,0712054043_h_00.wav,N,0.0,SOBER,043,043
c:\Users\nagap\OneDrive\Documentos\Maestria\2025S\Phonetics TeamLab\ALC\ses2054,0712054044_h_00.wav,N,0.0,SOBER,044,044
c:\Users\nagap\OneDrive\Documentos\Maestria\2025S\Phonetics TeamLab\ALC\ses2054,0712054045_h_00.wav,N,0.0,SOBER,045,045
c:\Users\nagap\OneDrive\Documentos\Maestria\2025S\Phonetics TeamLab\ALC\ses2054,0712054046_h_00.wav,N,0.0,SOBER,046,046
c:\Users\nagap\OneDrive\Documentos\Maestria\2025S\Phonetics TeamLab\ALC\ses2054,0712054047_h_00.wav,N,0.0,SOBER,047,047
c:\Users\nagap\OneDrive\Documentos\Maestria\2025S\Phonetics TeamLab\ALC\ses2054,0712054048_h_00.wav,N,0.0,SOBER,048,048
c:\Users\nagap\OneDrive\Documentos\Maestria\2025S\Phonetics TeamLab\ALC\ses2054,0712054049_h_00.wav,N,0.0,SOBER,049,049
c:\Users\nagap\OneDrive\Documentos\Maestria\2025S\Phonetics TeamLab\ALC\ses2054,0712054050_h_00.wav,N,0.0,SOBER,050,050
c:\Users\nagap\OneDrive\Documentos\Maestria\2025S\Phonetics TeamLab\ALC\ses2054,0712054051_h_00.wav,N,0.0,SOBER,051,051
c:\Users\nagap\OneDrive\Documentos\Maestria\2025S\Phonetics TeamLab\ALC\ses2054,0712054052_h_00.wav,N,0.0,SOBER,052,052
c:\Users\nagap\OneDrive\Documentos\Maestria\2025S\Phonetics TeamLab\ALC\ses2054,0712054053_h_00.wav,N,0.0,SOBER,053,053
c:\Users\nagap\OneDrive\Documentos\Maestria\2025S\Phonetics TeamLab\ALC\ses2054,0712054054_h_00.wav,N,0.0,SOBER,054,054
c:\Users\nagap\OneDrive\Documentos\Maestria\2025S\Phonetics TeamLab\ALC\ses2054,0712054055_h_00.wav,N,0.0,SOBER,055,055
c:\Users\nagap\OneDrive\Documentos\Maestria\2025S\Phonetics TeamLab\ALC\ses2054,0712054056_h_00.wav,N,0.0,SOBER,056,056
c:\Users\nagap\OneDrive\Documentos\Maestria\2025S\Phonetics TeamLab\ALC\ses2054,0712054057_h_00.wav,N,0.0,SOBER,057,057
c:\Users\nagap\OneDrive\Documentos\Maestria\2025S\Phonetics TeamLab\ALC\ses2054,0712054058_h_00.wav,N,0.0,SOBER,058,058
c:\Users\nagap\OneDrive\Documentos\Maestria\2025S\Phonetics TeamLab\ALC\ses2054,0712054059_h_00.wav,N,0.0,SOBER,059,059
c:\Users\nagap\OneDrive\Documentos\Maestria\2025S\Phonetics TeamLab\ALC\ses2054,0712054060_h_00.wav,N,0.0,SOBER,060,060
c:\Users\nagap\OneDrive\Documentos\Maestria\2025S\Phonetics TeamLab\ALC\ses1101,1001101001_h_00.wav,A,0.00063,DRUNK,001,001
c:\Users\nagap\OneDrive\Documentos\Maestria\2025S\Phonetics TeamLab\ALC\ses1101,1001101002_h_00.wav,A,0.00063,DRUNK,002,034
c:\Users\nagap\OneDrive\Documentos\Maestria\2025S\Phonetics TeamLab\ALC\ses1101,1001101003_h_00.wav,A,0.00063,DRUNK,003,032
c:\Users\nagap\OneDrive\Documentos\Maestria\2025S\Phonetics TeamLab\ALC\ses1101,1001101004_h_00.wav,A,0.00063,DRUNK,004,061
c:\Users\nagap\OneDrive\Documentos\Maestria\2025S\Phonetics TeamLab\ALC\ses1101,1001101005_h_00.wav,A,0.00063,DRUNK,005,030
c:\Users\nagap\OneDrive\Documentos\Maestria\2025S\Phonetics TeamLab\ALC\ses1101,1001101006_h_00.wav,A,0.00063,DRUNK,006,026
c:\Users\nagap\OneDrive\Documentos\Maestria\2025S\Phonetics TeamLab\ALC\ses1101,1001101007_h_00.wav,A,0.00063,DRUNK,007,023
c:\Users\nagap\OneDrive\Documentos\Maestria\2025S\Phonetics TeamLab\ALC\ses1101,1001101008_h_00.wav,A,0.00063,DRUNK,008,008
c:\Users\nagap\OneDrive\Documentos\Maestria\2025S\Phonetics TeamLab\ALC\ses1101,1001101009_h_00.wav,A,0.00063,DRUNK,009,029
c:\Users\nagap\OneDrive\Documentos\Maestria\2025S\Phonetics TeamLab\ALC\ses1101,1001101010_h_00.wav,A,0.00063,DRUNK,010,010
c:\Users\nagap\OneDrive\Documentos\Maestria\2025S\Phonetics TeamLab\ALC\ses1101,1001101011_h_00.wav,A,0.00063,DRUNK,011,031
c:\Users\nagap\OneDrive\Documentos\Maestria\2025S\Phonetics TeamLab\ALC\ses1101,1001101012_h_00.wav,A,0.00063,DRUNK,012,012
c:\Users\nagap\OneDrive\Documentos\Maestria\2025S\Phonetics TeamLab\ALC\ses1101,1001101013_h_00.wav,A,0.00063,DRUNK,013,013
c:\Users\nagap\OneDrive\Documentos\Maestria\2025S\Phonetics TeamLab\ALC\ses1101,1001101014_h_01.wav,A,0.00063,DRUNK,014,014
c:\Users\nagap\OneDrive\Documentos\Maestria\2025S\Phonetics TeamLab\ALC\ses1101,1001101015_h_00.wav,A,0.00063,DRUNK,015,015
c:\Users\nagap\OneDrive\Documentos\Maestria\2025S\Phonetics TeamLab\ALC\ses1101,1001101016_h_00.wav,A,0.00063,DRUNK,016,036
c:\Users\nagap\OneDrive\Documentos\Maestria\2025S\Phonetics TeamLab\ALC\ses1101,1001101017_h_00.wav,A,0.00063,DRUNK,017,024
c:\Users\nagap\OneDrive\Documentos\Maestria\2025S\Phonetics TeamLab\ALC\ses1101,1001101018_h_00.wav,A,0.00063,DRUNK,018,038
c:\Users\nagap\OneDrive\Documentos\Maestria\2025S\Phonetics TeamLab\ALC\ses1101,1001101019_h_00.wav,A,0.00063,DRUNK,019,019
c:\Users\nagap\OneDrive\Documentos\Maestria\2025S\Phonetics TeamLab\ALC\ses1101,1001101020_h_00.wav,A,0.00063,DRUNK,020,020
c:\Users\nagap\OneDrive\Documentos\Maestria\2025S\Phonetics TeamLab\ALC\ses1101,1001101021_h_00.wav,A,0.00063,DRUNK,021,041
c:\Users\nagap\OneDrive\Documentos\Maestria\2025S\Phonetics TeamLab\ALC\ses1101,1001101022_h_00.wav,A,0.00063,DRUNK,022,042
c:\Users\nagap\OneDrive\Documentos\Maestria\2025S\Phonetics TeamLab\ALC\ses1101,1001101023_h_00.wav,A,0.00063,DRUNK,023,059
c:\Users\nagap\OneDrive\Documentos\Maestria\2025S\Phonetics TeamLab\ALC\ses1101,1001101024_h_00.wav,A,0.00063,DRUNK,024,051
c:\Users\nagap\OneDrive\Documentos\Maestria\2025S\Phonetics TeamLab\ALC\ses1101,1001101025_h_00.wav,A,0.00063,DRUNK,025,046
c:\Users\nagap\OneDrive\Documentos\Maestria\2025S\Phonetics TeamLab\ALC\ses1101,1001101026_h_00.wav,A,0.00063,DRUNK,026,055
c:\Users\nagap\OneDrive\Documentos\Maestria\2025S\Phonetics TeamLab\ALC\ses1101,1001101027_h_00.wav,A,0.00063,DRUNK,027,048
c:\Users\nagap\OneDrive\Documentos\Maestria\2025S\Phonetics TeamLab\ALC\ses1101,1001101028_h_00.wav,A,0.00063,DRUNK,028,049
c:\Users\nagap\OneDrive\Documentos\Maestria\2025S\Phonetics TeamLab\ALC\ses1101,1001101029_h_00.wav,A,0.00063,DRUNK,029,050
c:\Users\nagap\OneDrive\Documentos\Maestria\2025S\Phonetics TeamLab\ALC\ses1101,1001101030_h_00.wav,A,0.00063,DRUNK,030,060
c:\Users\nagap\OneDrive\Documentos\Maestria\2025S\Phonetics TeamLab\ALC\ses2088,1002088001_h_00.wav,N,0.0,SOBER,001,001
c:\Users\nagap\OneDrive\Documentos\Maestria\2025S\Phonetics TeamLab\ALC\ses2088,1002088002_h_00.wav,N,0.0,SOBER,002,002
c:\Users\nagap\OneDrive\Documentos\Maestria\2025S\Phonetics TeamLab\ALC\ses2088,1002088003_h_00.wav,N,0.0,SOBER,003,003
c:\Users\nagap\OneDrive\Documentos\Maestria\2025S\Phonetics TeamLab\ALC\ses2088,1002088004_h_00.wav,N,0.0,SOBER,004,004
c:\Users\nagap\OneDrive\Documentos\Maestria\2025S\Phonetics TeamLab\ALC\ses2088,1002088005_h_00.wav,N,0.0,SOBER,005,005
c:\Users\nagap\OneDrive\Documentos\Maestria\2025S\Phonetics TeamLab\ALC\ses2088,1002088006_h_00.wav,N,0.0,SOBER,006,006
c:\Users\nagap\OneDrive\Documentos\Maestria\2025S\Phonetics TeamLab\ALC\ses2088,1002088007_h_00.wav,N,0.0,SOBER,007,007
c:\Users\nagap\OneDrive\Documentos\Maestria\2025S\Phonetics TeamLab\ALC\ses2088,1002088008_h_00.wav,N,0.0,SOBER,008,008
c:\Users\nagap\OneDrive\Documentos\Maestria\2025S\Phonetics TeamLab\ALC\ses2088,1002088009_h_00.wav,N,0.0,SOBER,009,009
c:\Users\nagap\OneDrive\Documentos\Maestria\2025S\Phonetics TeamLab\ALC\ses2088,1002088010_h_00.wav,N,0.0,SOBER,010,010
c:\Users\nagap\OneDrive\Documentos\Maestria\2025S\Phonetics TeamLab\ALC\ses2088,1002088011_h_00.wav,N,0.0,SOBER,011,011
c:\Users\nagap\OneDrive\Documentos\Maestria\2025S\Phonetics TeamLab\ALC\ses2088,1002088012_h_00.wav,N,0.0,SOBER,012,012
c:\Users\nagap\OneDrive\Documentos\Maestria\2025S\Phonetics TeamLab\ALC\ses2088,1002088013_h_00.wav,N,0.0,SOBER,013,013
c:\Users\nagap\OneDrive\Documentos\Maestria\2025S\Phonetics TeamLab\ALC\ses2088,1002088014_h_00.wav,N,0.0,SOBER,014,014
c:\Users\nagap\OneDrive\Documentos\Maestria\2025S\Phonetics TeamLab\ALC\ses2088,1002088015_h_00.wav,N,0.0,SOBER,015,015
c:\Users\nagap\OneDrive\Documentos\Maestria\2025S\Phonetics TeamLab\ALC\ses2088,1002088016_h_00.wav,N,0.0,SOBER,016,016
c:\Users\nagap\OneDrive\Documentos\Maestria\2025S\Phonetics TeamLab\ALC\ses2088,1002088017_h_00.wav,N,0.0,SOBER,017,017
c:\Users\nagap\OneDrive\Documentos\Maestria\2025S\Phonetics TeamLab\ALC\ses2088,1002088018_h_00.wav,N,0.0,SOBER,018,018
c:\Users\nagap\OneDrive\Documentos\Maestria\2025S\Phonetics TeamLab\ALC\ses2088,1002088019_h_00.wav,N,0.0,SOBER,019,019
c:\Users\nagap\OneDrive\Documentos\Maestria\2025S\Phonetics TeamLab\ALC\ses2088,1002088020_h_00.wav,N,0.0,SOBER,020,020
c:\Users\nagap\OneDrive\Documentos\Maestria\2025S\Phonetics TeamLab\ALC\ses2088,1002088021_h_00.wav,N,0.0,SOBER,021,021
c:\Users\nagap\OneDrive\Documentos\Maestria\2025S\Phonetics TeamLab\ALC\ses2088,1002088022_h_00.wav,N,0.0,SOBER,022,022
c:\Users\nagap\OneDrive\Documentos\Maestria\2025S\Phonetics TeamLab\ALC\ses2088,1002088023_h_00.wav,N,0.0,SOBER,023,023
c:\Users\nagap\OneDrive\Documentos\Maestria\2025S\Phonetics TeamLab\ALC\ses2088,1002088024_h_00.wav,N,0.0,SOBER,024,024
c:\Users\nagap\OneDrive\Documentos\Maestria\2025S\Phonetics TeamLab\ALC\ses2088,1002088025_h_00.wav,N,0.0,SOBER,025,025
c:\Users\nagap\OneDrive\Documentos\Maestria\2025S\Phonetics TeamLab\ALC\ses2088,1002088026_h_00.wav,N,0.0,SOBER,026,026
c:\Users\nagap\OneDrive\Documentos\Maestria\2025S\Phonetics TeamLab\ALC\ses2088,1002088027_h_00.wav,N,0.0,SOBER,027,027
c:\Users\nagap\OneDrive\Documentos\Maestria\2025S\Phonetics TeamLab\ALC\ses2088,1002088028_h_00.wav,N,0.0,SOBER,028,028
c:\Users\nagap\OneDrive\Documentos\Maestria\2025S\Phonetics TeamLab\ALC\ses2088,1002088029_h_00.wav,N,0.0,SOBER,029,029
c:\Users\nagap\OneDrive\Documentos\Maestria\2025S\Phonetics TeamLab\ALC\ses2088,1002088030_h_00.wav,N,0.0,SOBER,030,030
c:\Users\nagap\OneDrive\Documentos\Maestria\2025S\Phonetics TeamLab\ALC\ses2088,1002088031_h_00.wav,N,0.0,SOBER,031,031
c:\Users\nagap\OneDrive\Documentos\Maestria\2025S\Phonetics TeamLab\ALC\ses2088,1002088032_h_00.wav,N,0.0,SOBER,032,032
c:\Users\nagap\OneDrive\Documentos\Maestria\2025S\Phonetics TeamLab\ALC\ses2088,1002088033_h_00.wav,N,0.0,SOBER,033,033
c:\Users\nagap\OneDrive\Documentos\Maestria\2025S\Phonetics TeamLab\ALC\ses2088,1002088034_h_00.wav,N,0.0,SOBER,034,034
c:\Users\nagap\OneDrive\Documentos\Maestria\2025S\Phonetics TeamLab\ALC\ses2088,1002088035_h_00.wav,N,0.0,SOBER,035,035
c:\Users\nagap\OneDrive\Documentos\Maestria\2025S\Phonetics TeamLab\ALC\ses2088,1002088036_h_00.wav,N,0.0,SOBER,036,036
c:\Users\nagap\OneDrive\Documentos\Maestria\2025S\Phonetics TeamLab\ALC\ses2088,1002088037_h_00.wav,N,0.0,SOBER,037,037
c:\Users\nagap\OneDrive\Documentos\Maestria\2025S\Phonetics TeamLab\ALC\ses2088,1002088038_h_00.wav,N,0.0,SOBER,038,038
c:\Users\nagap\OneDrive\Documentos\Maestria\2025S\Phonetics TeamLab\ALC\ses2088,1002088039_h_00.wav,N,0.0,SOBER,039,039
c:\Users\nagap\OneDrive\Documentos\Maestria\2025S\Phonetics TeamLab\ALC\ses2088,1002088040_h_00.wav,N,0.0,SOBER,040,040
c:\Users\nagap\OneDrive\Documentos\Maestria\2025S\Phonetics TeamLab\ALC\ses2088,1002088041_h_00.wav,N,0.0,SOBER,041,041
c:\Users\nagap\OneDrive\Documentos\Maestria\2025S\Phonetics TeamLab\ALC\ses2088,1002088042_h_00.wav,N,0.0,SOBER,042,042
c:\Users\nagap\OneDrive\Documentos\Maestria\2025S\Phonetics TeamLab\ALC\ses2088,1002088043_h_00.wav,N,0.0,SOBER,043,043
c:\Users\nagap\OneDrive\Documentos\Maestria\2025S\Phonetics TeamLab\ALC\ses2088,1002088044_h_00.wav,N,0.0,SOBER,044,044
c:\Users\nagap\OneDrive\Documentos\Maestria\2025S\Phonetics TeamLab\ALC\ses2088,1002088045_h_00.wav,N,0.0,SOBER,045,045
c:\Users\nagap\OneDrive\Documentos\Maestria\2025S\Phonetics TeamLab\ALC\ses2088,1002088046_h_00.wav,N,0.0,SOBER,046,046
c:\Users\nagap\OneDrive\Documentos\Maestria\2025S\Phonetics TeamLab\ALC\ses2088,1002088047_h_00.wav,N,0.0,SOBER,047,047
c:\Users\nagap\OneDrive\Documentos\Maestria\2025S\Phonetics TeamLab\ALC\ses2088,1002088048_h_00.wav,N,0.0,SOBER,048,048
c:\Users\nagap\OneDrive\Documentos\Maestria\2025S\Phonetics TeamLab\ALC\ses2088,1002088049_h_00.wav,N,0.0,SOBER,049,049
c:\Users\nagap\OneDrive\Documentos\Maestria\2025S\Phonetics TeamLab\ALC\ses2088,1002088050_h_00.wav,N,0.0,SOBER,050,050
c:\Users\nagap\OneDrive\Documentos\Maestria\2025S\Phonetics TeamLab\ALC\ses2088,1002088051_h_00.wav,N,0.0,SOBER,051,051
c:\Users\nagap\OneDrive\Documentos\Maestria\2025S\Phonetics TeamLab\ALC\ses2088,1002088052_h_00.wav,N,0.0,SOBER,052,052
c:\Users\nagap\OneDrive\Documentos\Maestria\2025S\Phonetics TeamLab\ALC\ses2088,1002088053_h_00.wav,N,0.0,SOBER,053,053
c:\Users\nagap\OneDrive\Documentos\Maestria\2025S\Phonetics TeamLab\ALC\ses2088,1002088054_h_00.wav,N,0.0,SOBER,054,054
c:\Users\nagap\OneDrive\Documentos\Maestria\2025S\Phonetics TeamLab\ALC\ses2088,1002088055_h_00.wav,N,0.0,SOBER,055,055
c:\Users\nagap\OneDrive\Documentos\Maestria\2025S\Phonetics TeamLab\ALC\ses2088,1002088056_h_00.wav,N,0.0,SOBER,056,056
c:\Users\nagap\OneDrive\Documentos\Maestria\2025S\Phonetics TeamLab\ALC\ses2088,1002088057_h_00.wav,N,0.0,SOBER,057,057
c:\Users\nagap\OneDrive\Documentos\Maestria\2025S\Phonetics TeamLab\ALC\ses2088,1002088058_h_00.wav,N,0.0,SOBER,058,058
c:\Users\nagap\OneDrive\Documentos\Maestria\2025S\Phonetics TeamLab\ALC\ses2088,1002088059_h_00.wav,N,0.0,SOBER,059,059
c:\Users\nagap\OneDrive\Documentos\Maestria\2025S\Phonetics TeamLab\ALC\ses2088,1002088060_h_01.wav,N,0.0,SOBER,060,060
c:\Users\nagap\OneDrive\Documentos\Maestria\2025S\Phonetics TeamLab\ALC\ses3032,5313032001_h_00.wav,A,0.00087,DRUNK,001,001
c:\Users\nagap\OneDrive\Documentos\Maestria\2025S\Phonetics TeamLab\ALC\ses3032,5313032002_h_00.wav,A,0.00087,DRUNK,002,034
c:\Users\nagap\OneDrive\Documentos\Maestria\2025S\Phonetics TeamLab\ALC\ses3032,5313032003_h_00.wav,A,0.00087,DRUNK,003,032
c:\Users\nagap\OneDrive\Documentos\Maestria\2025S\Phonetics TeamLab\ALC\ses3032,5313032004_h_00.wav,A,0.00087,DRUNK,004,061
c:\Users\nagap\OneDrive\Documentos\Maestria\2025S\Phonetics TeamLab\ALC\ses3032,5313032005_h_00.wav,A,0.00087,DRUNK,005,030
c:\Users\nagap\OneDrive\Documentos\Maestria\2025S\Phonetics TeamLab\ALC\ses3032,5313032006_h_00.wav,A,0.00087,DRUNK,006,026
c:\Users\nagap\OneDrive\Documentos\Maestria\2025S\Phonetics TeamLab\ALC\ses3032,5313032007_h_00.wav,A,0.00087,DRUNK,007,023
c:\Users\nagap\OneDrive\Documentos\Maestria\2025S\Phonetics TeamLab\ALC\ses3032,5313032008_h_00.wav,A,0.00087,DRUNK,008,008
c:\Users\nagap\OneDrive\Documentos\Maestria\2025S\Phonetics TeamLab\ALC\ses3032,5313032009_h_00.wav,A,0.00087,DRUNK,009,029
c:\Users\nagap\OneDrive\Documentos\Maestria\2025S\Phonetics TeamLab\ALC\ses3032,5313032010_h_00.wav,A,0.00087,DRUNK,010,010
c:\Users\nagap\OneDrive\Documentos\Maestria\2025S\Phonetics TeamLab\ALC\ses3032,5313032011_h_00.wav,A,0.00087,DRUNK,011,031
c:\Users\nagap\OneDrive\Documentos\Maestria\2025S\Phonetics TeamLab\ALC\ses3032,5313032012_h_00.wav,A,0.00087,DRUNK,012,012
c:\Users\nagap\OneDrive\Documentos\Maestria\2025S\Phonetics TeamLab\ALC\ses3032,5313032013_h_00.wav,A,0.00087,DRUNK,013,013
c:\Users\nagap\OneDrive\Documentos\Maestria\2025S\Phonetics TeamLab\ALC\ses3032,5313032014_h_00.wav,A,0.00087,DRUNK,014,014
c:\Users\nagap\OneDrive\Documentos\Maestria\2025S\Phonetics TeamLab\ALC\ses3032,5313032015_h_00.wav,A,0.00087,DRUNK,015,015
c:\Users\nagap\OneDrive\Documentos\Maestria\2025S\Phonetics TeamLab\ALC\ses3032,5313032016_h_00.wav,A,0.00087,DRUNK,016,036
c:\Users\nagap\OneDrive\Documentos\Maestria\2025S\Phonetics TeamLab\ALC\ses3032,5313032017_h_00.wav,A,0.00087,DRUNK,017,024
c:\Users\nagap\OneDrive\Documentos\Maestria\2025S\Phonetics TeamLab\ALC\ses3032,5313032018_h_00.wav,A,0.00087,DRUNK,018,038
c:\Users\nagap\OneDrive\Documentos\Maestria\2025S\Phonetics TeamLab\ALC\ses3032,5313032019_h_00.wav,A,0.00087,DRUNK,019,019
c:\Users\nagap\OneDrive\Documentos\Maestria\2025S\Phonetics TeamLab\ALC\ses3032,5313032020_h_00.wav,A,0.00087,DRUNK,020,020
c:\Users\nagap\OneDrive\Documentos\Maestria\2025S\Phonetics TeamLab\ALC\ses3032,5313032021_h_00.wav,A,0.00087,DRUNK,021,041
c:\Users\nagap\OneDrive\Documentos\Maestria\2025S\Phonetics TeamLab\ALC\ses3032,5313032022_h_00.wav,A,0.00087,DRUNK,022,042
c:\Users\nagap\OneDrive\Documentos\Maestria\2025S\Phonetics TeamLab\ALC\ses3032,5313032023_h_00.wav,A,0.00087,DRUNK,023,059
c:\Users\nagap\OneDrive\Documentos\Maestria\2025S\Phonetics TeamLab\ALC\ses3032,5313032024_h_00.wav,A,0.00087,DRUNK,024,051
c:\Users\nagap\OneDrive\Documentos\Maestria\2025S\Phonetics TeamLab\ALC\ses3032,5313032025_h_00.wav,A,0.00087,DRUNK,025,046
c:\Users\nagap\OneDrive\Documentos\Maestria\2025S\Phonetics TeamLab\ALC\ses3032,5313032026_h_00.wav,A,0.00087,DRUNK,026,055
c:\Users\nagap\OneDrive\Documentos\Maestria\2025S\Phonetics TeamLab\ALC\ses3032,5313032027_h_00.wav,A,0.00087,DRUNK,027,048
c:\Users\nagap\OneDrive\Documentos\Maestria\2025S\Phonetics TeamLab\ALC\ses3032,5313032028_h_00.wav,A,0.00087,DRUNK,028,049
c:\Users\nagap\OneDrive\Documentos\Maestria\2025S\Phonetics TeamLab\ALC\ses3032,5313032029_h_00.wav,A,0.00087,DRUNK,029,050
c:\Users\nagap\OneDrive\Documentos\Maestria\2025S\Phonetics TeamLab\ALC\ses3032,5313032030_h_00.wav,A,0.00087,DRUNK,030,060
c:\Users\nagap\OneDrive\Documentos\Maestria\2025S\Phonetics TeamLab\ALC\ses4026,5314026001_h_00.wav,N,0.0,SOBER,001,001
c:\Users\nagap\OneDrive\Documentos\Maestria\2025S\Phonetics TeamLab\ALC\ses4026,5314026002_h_00.wav,N,0.0,SOBER,002,002
c:\Users\nagap\OneDrive\Documentos\Maestria\2025S\Phonetics TeamLab\ALC\ses4026,5314026003_h_00.wav,N,0.0,SOBER,003,003
c:\Users\nagap\OneDrive\Documentos\Maestria\2025S\Phonetics TeamLab\ALC\ses4026,5314026004_h_00.wav,N,0.0,SOBER,004,004
c:\Users\nagap\OneDrive\Documentos\Maestria\2025S\Phonetics TeamLab\ALC\ses4026,5314026005_h_00.wav,N,0.0,SOBER,005,005
c:\Users\nagap\OneDrive\Documentos\Maestria\2025S\Phonetics TeamLab\ALC\ses4026,5314026006_h_00.wav,N,0.0,SOBER,006,006
c:\Users\nagap\OneDrive\Documentos\Maestria\2025S\Phonetics TeamLab\ALC\ses4026,5314026007_h_00.wav,N,0.0,SOBER,007,007
c:\Users\nagap\OneDrive\Documentos\Maestria\2025S\Phonetics TeamLab\ALC\ses4026,5314026008_h_00.wav,N,0.0,SOBER,008,008
c:\Users\nagap\OneDrive\Documentos\Maestria\2025S\Phonetics TeamLab\ALC\ses4026,5314026009_h_00.wav,N,0.0,SOBER,009,009
c:\Users\nagap\OneDrive\Documentos\Maestria\2025S\Phonetics TeamLab\ALC\ses4026,5314026010_h_00.wav,N,0.0,SOBER,010,010
c:\Users\nagap\OneDrive\Documentos\Maestria\2025S\Phonetics TeamLab\ALC\ses4026,5314026011_h_00.wav,N,0.0,SOBER,011,011
c:\Users\nagap\OneDrive\Documentos\Maestria\2025S\Phonetics TeamLab\ALC\ses4026,5314026012_h_00.wav,N,0.0,SOBER,012,012
c:\Users\nagap\OneDrive\Documentos\Maestria\2025S\Phonetics TeamLab\ALC\ses4026,5314026013_h_00.wav,N,0.0,SOBER,013,013
c:\Users\nagap\OneDrive\Documentos\Maestria\2025S\Phonetics TeamLab\ALC\ses4026,5314026014_h_00.wav,N,0.0,SOBER,014,014
c:\Users\nagap\OneDrive\Documentos\Maestria\2025S\Phonetics TeamLab\ALC\ses4026,5314026015_h_00.wav,N,0.0,SOBER,015,015
c:\Users\nagap\OneDrive\Documentos\Maestria\2025S\Phonetics TeamLab\ALC\ses4026,5314026016_h_00.wav,N,0.0,SOBER,016,016
c:\Users\nagap\OneDrive\Documentos\Maestria\2025S\Phonetics TeamLab\ALC\ses4026,5314026017_h_00.wav,N,0.0,SOBER,017,017
c:\Users\nagap\OneDrive\Documentos\Maestria\2025S\Phonetics TeamLab\ALC\ses4026,5314026018_h_00.wav,N,0.0,SOBER,018,018
c:\Users\nagap\OneDrive\Documentos\Maestria\2025S\Phonetics TeamLab\ALC\ses4026,5314026019_h_00.wav,N,0.0,SOBER,019,019
c:\Users\nagap\OneDrive\Documentos\Maestria\2025S\Phonetics TeamLab\ALC\ses4026,5314026020_h_00.wav,N,0.0,SOBER,020,020
c:\Users\nagap\OneDrive\Documentos\Maestria\2025S\Phonetics TeamLab\ALC\ses4026,5314026021_h_00.wav,N,0.0,SOBER,021,021
c:\Users\nagap\OneDrive\Documentos\Maestria\2025S\Phonetics TeamLab\ALC\ses4026,5314026022_h_00.wav,N,0.0,SOBER,022,022
c:\Users\nagap\OneDrive\Documentos\Maestria\2025S\Phonetics TeamLab\ALC\ses4026,5314026023_h_00.wav,N,0.0,SOBER,023,023
c:\Users\nagap\OneDrive\Documentos\Maestria\2025S\Phonetics TeamLab\ALC\ses4026,5314026024_h_00.wav,N,0.0,SOBER,024,024
c:\Users\nagap\OneDrive\Documentos\Maestria\2025S\Phonetics TeamLab\ALC\ses4026,5314026025_h_00.wav,N,0.0,SOBER,025,025
c:\Users\nagap\OneDrive\Documentos\Maestria\2025S\Phonetics TeamLab\ALC\ses4026,5314026026_h_00.wav,N,0.0,SOBER,026,026
c:\Users\nagap\OneDrive\Documentos\Maestria\2025S\Phonetics TeamLab\ALC\ses4026,5314026027_h_00.wav,N,0.0,SOBER,027,027
c:\Users\nagap\OneDrive\Documentos\Maestria\2025S\Phonetics TeamLab\ALC\ses4026,5314026028_h_00.wav,N,0.0,SOBER,028,028
c:\Users\nagap\OneDrive\Documentos\Maestria\2025S\Phonetics TeamLab\ALC\ses4026,5314026029_h_00.wav,N,0.0,SOBER,029,029
c:\Users\nagap\OneDrive\Documentos\Maestria\2025S\Phonetics TeamLab\ALC\ses4026,5314026030_h_00.wav,N,0.0,SOBER,030,030
c:\Users\nagap\OneDrive\Documentos\Maestria\2025S\Phonetics TeamLab\ALC\ses4026,5314026031_h_00.wav,N,0.0,SOBER,031,031
c:\Users\nagap\OneDrive\Documentos\Maestria\2025S\Phonetics TeamLab\ALC\ses4026,5314026032_h_00.wav,N,0.0,SOBER,032,032
c:\Users\nagap\OneDrive\Documentos\Maestria\2025S\Phonetics TeamLab\ALC\ses4026,5314026033_h_00.wav,N,0.0,SOBER,033,033
c:\Users\nagap\OneDrive\Documentos\Maestria\2025S\Phonetics TeamLab\ALC\ses4026,5314026034_h_00.wav,N,0.0,SOBER,034,034
c:\Users\nagap\OneDrive\Documentos\Maestria\2025S\Phonetics TeamLab\ALC\ses4026,5314026035_h_00.wav,N,0.0,SOBER,035,035
c:\Users\nagap\OneDrive\Documentos\Maestria\2025S\Phonetics TeamLab\ALC\ses4026,5314026036_h_00.wav,N,0.0,SOBER,036,036
c:\Users\nagap\OneDrive\Documentos\Maestria\2025S\Phonetics TeamLab\ALC\ses4026,5314026037_h_00.wav,N,0.0,SOBER,037,037
c:\Users\nagap\OneDrive\Documentos\Maestria\2025S\Phonetics TeamLab\ALC\ses4026,5314026038_h_00.wav,N,0.0,SOBER,038,038
c:\Users\nagap\OneDrive\Documentos\Maestria\2025S\Phonetics TeamLab\ALC\ses4026,5314026039_h_00.wav,N,0.0,SOBER,039,039
c:\Users\nagap\OneDrive\Documentos\Maestria\2025S\Phonetics TeamLab\ALC\ses4026,5314026040_h_00.wav,N,0.0,SOBER,040,040
c:\Users\nagap\OneDrive\Documentos\Maestria\2025S\Phonetics TeamLab\ALC\ses4026,5314026041_h_00.wav,N,0.0,SOBER,041,041
c:\Users\nagap\OneDrive\Documentos\Maestria\2025S\Phonetics TeamLab\ALC\ses4026,5314026042_h_00.wav,N,0.0,SOBER,042,042
c:\Users\nagap\OneDrive\Documentos\Maestria\2025S\Phonetics TeamLab\ALC\ses4026,5314026043_h_00.wav,N,0.0,SOBER,043,043
c:\Users\nagap\OneDrive\Documentos\Maestria\2025S\Phonetics TeamLab\ALC\ses4026,5314026044_h_00.wav,N,0.0,SOBER,044,044
c:\Users\nagap\OneDrive\Documentos\Maestria\2025S\Phonetics TeamLab\ALC\ses4026,5314026045_h_00.wav,N,0.0,SOBER,045,045
c:\Users\nagap\OneDrive\Documentos\Maestria\2025S\Phonetics TeamLab\ALC\ses4026,5314026046_h_00.wav,N,0.0,SOBER,046,046
c:\Users\nagap\OneDrive\Documentos\Maestria\2025S\Phonetics TeamLab\ALC\ses4026,5314026047_h_00.wav,N,0.0,SOBER,047,047
c:\Users\nagap\OneDrive\Documentos\Maestria\2025S\Phonetics TeamLab\ALC\ses4026,5314026048_h_00.wav,N,0.0,SOBER,048,048
c:\Users\nagap\OneDrive\Documentos\Maestria\2025S\Phonetics TeamLab\ALC\ses4026,5314026049_h_00.wav,N,0.0,SOBER,049,049
c:\Users\nagap\OneDrive\Documentos\Maestria\2025S\Phonetics TeamLab\ALC\ses4026,5314026050_h_00.wav,N,0.0,SOBER,050,050
c:\Users\nagap\OneDrive\Documentos\Maestria\2025S\Phonetics TeamLab\ALC\ses4026,5314026051_h_00.wav,N,0.0,SOBER,051,051
c:\Users\nagap\OneDrive\Documentos\Maestria\2025S\Phonetics TeamLab\ALC\ses4026,5314026052_h_00.wav,N,0.0,SOBER,052,052
c:\Users\nagap\OneDrive\Documentos\Maestria\2025S\Phonetics TeamLab\ALC\ses4026,5314026053_h_00.wav,N,0.0,SOBER,053,053
c:\Users\nagap\OneDrive\Documentos\Maestria\2025S\Phonetics TeamLab\ALC\ses4026,5314026054_h_00.wav,N,0.0,SOBER,054,054
c:\Users\nagap\OneDrive\Documentos\Maestria\2025S\Phonetics TeamLab\ALC\ses4026,5314026055_h_00.wav,N,0.0,SOBER,055,055
c:\Users\nagap\OneDrive\Documentos\Maestria\2025S\Phonetics TeamLab\ALC\ses4026,5314026056_h_00.wav,N,0.0,SOBER,056,056
c:\Users\nagap\OneDrive\Documentos\Maestria\2025S\Phonetics TeamLab\ALC\ses4026,5314026057_h_00.wav,N,0.0,SOBER,057,057
c:\Users\nagap\OneDrive\Documentos\Maestria\2025S\Phonetics TeamLab\ALC\ses4026,5314026058_h_00.wav,N,0.0,SOBER,058,058
c:\Users\nagap\OneDrive\Documentos\Maestria\2025S\Phonetics TeamLab\ALC\ses4026,5314026059_h_00.wav,N,0.0,SOBER,059,059
c:\Users\nagap\OneDrive\Documentos\Maestria\2025S\Phonetics TeamLab\ALC\ses4026,5314026060_h_00.wav,N,0.0,SOBER,060,060
c:\Users\nagap\OneDrive\Documentos\Maestria\2025S\Phonetics TeamLab\ALC\ses3053,5523053001_h_00.wav,A,0.00091,DRUNK,001,001
c:\Users\nagap\OneDrive\Documentos\Maestria\2025S\Phonetics TeamLab\ALC\ses3053,5523053002_h_00.wav,A,0.00091,DRUNK,002,034
c:\Users\nagap\OneDrive\Documentos\Maestria\2025S\Phonetics TeamLab\ALC\ses3053,5523053003_h_00.wav,A,0.00091,DRUNK,003,032
c:\Users\nagap\OneDrive\Documentos\Maestria\2025S\Phonetics TeamLab\ALC\ses3053,5523053004_h_00.wav,A,0.00091,DRUNK,004,061
c:\Users\nagap\OneDrive\Documentos\Maestria\2025S\Phonetics TeamLab\ALC\ses3053,5523053005_h_00.wav,A,0.00091,DRUNK,005,030
c:\Users\nagap\OneDrive\Documentos\Maestria\2025S\Phonetics TeamLab\ALC\ses3053,5523053006_h_00.wav,A,0.00091,DRUNK,006,026
c:\Users\nagap\OneDrive\Documentos\Maestria\2025S\Phonetics TeamLab\ALC\ses3053,5523053007_h_00.wav,A,0.00091,DRUNK,007,023
c:\Users\nagap\OneDrive\Documentos\Maestria\2025S\Phonetics TeamLab\ALC\ses3053,5523053008_h_00.wav,A,0.00091,DRUNK,008,008
c:\Users\nagap\OneDrive\Documentos\Maestria\2025S\Phonetics TeamLab\ALC\ses3053,5523053009_h_00.wav,A,0.00091,DRUNK,009,029
c:\Users\nagap\OneDrive\Documentos\Maestria\2025S\Phonetics TeamLab\ALC\ses3053,5523053010_h_00.wav,A,0.00091,DRUNK,010,010
c:\Users\nagap\OneDrive\Documentos\Maestria\2025S\Phonetics TeamLab\ALC\ses3053,5523053011_h_00.wav,A,0.00091,DRUNK,011,031
c:\Users\nagap\OneDrive\Documentos\Maestria\2025S\Phonetics TeamLab\ALC\ses3053,5523053012_h_00.wav,A,0.00091,DRUNK,012,012
c:\Users\nagap\OneDrive\Documentos\Maestria\2025S\Phonetics TeamLab\ALC\ses3053,5523053013_h_00.wav,A,0.00091,DRUNK,013,013
c:\Users\nagap\OneDrive\Documentos\Maestria\2025S\Phonetics TeamLab\ALC\ses3053,5523053014_h_00.wav,A,0.00091,DRUNK,014,014
c:\Users\nagap\OneDrive\Documentos\Maestria\2025S\Phonetics TeamLab\ALC\ses3053,5523053015_h_00.wav,A,0.00091,DRUNK,015,015
c:\Users\nagap\OneDrive\Documentos\Maestria\2025S\Phonetics TeamLab\ALC\ses3053,5523053016_h_00.wav,A,0.00091,DRUNK,016,036
c:\Users\nagap\OneDrive\Documentos\Maestria\2025S\Phonetics TeamLab\ALC\ses3053,5523053017_h_00.wav,A,0.00091,DRUNK,017,024
c:\Users\nagap\OneDrive\Documentos\Maestria\2025S\Phonetics TeamLab\ALC\ses3053,5523053018_h_00.wav,A,0.00091,DRUNK,018,038
c:\Users\nagap\OneDrive\Documentos\Maestria\2025S\Phonetics TeamLab\ALC\ses3053,5523053019_h_00.wav,A,0.00091,DRUNK,019,019
c:\Users\nagap\OneDrive\Documentos\Maestria\2025S\Phonetics TeamLab\ALC\ses3053,5523053020_h_00.wav,A,0.00091,DRUNK,020,020
c:\Users\nagap\OneDrive\Documentos\Maestria\2025S\Phonetics TeamLab\ALC\ses3053,5523053021_h_00.wav,A,0.00091,DRUNK,021,041
c:\Users\nagap\OneDrive\Documentos\Maestria\2025S\Phonetics TeamLab\ALC\ses3053,5523053022_h_00.wav,A,0.00091,DRUNK,022,042
c:\Users\nagap\OneDrive\Documentos\Maestria\2025S\Phonetics TeamLab\ALC\ses3053,5523053023_h_00.wav,A,0.00091,DRUNK,023,059
c:\Users\nagap\OneDrive\Documentos\Maestria\2025S\Phonetics TeamLab\ALC\ses3053,5523053024_h_00.wav,A,0.00091,DRUNK,024,051
c:\Users\nagap\OneDrive\Documentos\Maestria\2025S\Phonetics TeamLab\ALC\ses3053,5523053025_h_00.wav,A,0.00091,DRUNK,025,046
c:\Users\nagap\OneDrive\Documentos\Maestria\2025S\Phonetics TeamLab\ALC\ses3053,5523053026_h_00.wav,A,0.00091,DRUNK,026,055
c:\Users\nagap\OneDrive\Documentos\Maestria\2025S\Phonetics TeamLab\ALC\ses3053,5523053027_h_00.wav,A,0.00091,DRUNK,027,048
c:\Users\nagap\OneDrive\Documentos\Maestria\2025S\Phonetics TeamLab\ALC\ses3053,5523053028_h_00.wav,A,0.00091,DRUNK,028,049
c:\Users\nagap\OneDrive\Documentos\Maestria\2025S\Phonetics TeamLab\ALC\ses3053,5523053029_h_00.wav,A,0.00091,DRUNK,029,050
c:\Users\nagap\OneDrive\Documentos\Maestria\2025S\Phonetics TeamLab\ALC\ses3053,5523053030_h_00.wav,A,0.00091,DRUNK,030,060
c:\Users\nagap\OneDrive\Documentos\Maestria\2025S\Phonetics TeamLab\ALC\ses4031,5524031001_h_00.wav,N,0.0,SOBER,001,001
c:\Users\nagap\OneDrive\Documentos\Maestria\2025S\Phonetics TeamLab\ALC\ses4031,5524031002_h_00.wav,N,0.0,SOBER,002,002
c:\Users\nagap\OneDrive\Documentos\Maestria\2025S\Phonetics TeamLab\ALC\ses4031,5524031003_h_00.wav,N,0.0,SOBER,003,003
c:\Users\nagap\OneDrive\Documentos\Maestria\2025S\Phonetics TeamLab\ALC\ses4031,5524031004_h_00.wav,N,0.0,SOBER,004,004
c:\Users\nagap\OneDrive\Documentos\Maestria\2025S\Phonetics TeamLab\ALC\ses4031,5524031005_h_00.wav,N,0.0,SOBER,005,005
c:\Users\nagap\OneDrive\Documentos\Maestria\2025S\Phonetics TeamLab\ALC\ses4031,5524031006_h_00.wav,N,0.0,SOBER,006,006
c:\Users\nagap\OneDrive\Documentos\Maestria\2025S\Phonetics TeamLab\ALC\ses4031,5524031007_h_00.wav,N,0.0,SOBER,007,007
c:\Users\nagap\OneDrive\Documentos\Maestria\2025S\Phonetics TeamLab\ALC\ses4031,5524031008_h_00.wav,N,0.0,SOBER,008,008
c:\Users\nagap\OneDrive\Documentos\Maestria\2025S\Phonetics TeamLab\ALC\ses4031,5524031009_h_00.wav,N,0.0,SOBER,009,009
c:\Users\nagap\OneDrive\Documentos\Maestria\2025S\Phonetics TeamLab\ALC\ses4031,5524031010_h_00.wav,N,0.0,SOBER,010,010
c:\Users\nagap\OneDrive\Documentos\Maestria\2025S\Phonetics TeamLab\ALC\ses4031,5524031011_h_00.wav,N,0.0,SOBER,011,011
c:\Users\nagap\OneDrive\Documentos\Maestria\2025S\Phonetics TeamLab\ALC\ses4031,5524031012_h_00.wav,N,0.0,SOBER,012,012
c:\Users\nagap\OneDrive\Documentos\Maestria\2025S\Phonetics TeamLab\ALC\ses4031,5524031013_h_00.wav,N,0.0,SOBER,013,013
c:\Users\nagap\OneDrive\Documentos\Maestria\2025S\Phonetics TeamLab\ALC\ses4031,5524031014_h_00.wav,N,0.0,SOBER,014,014
c:\Users\nagap\OneDrive\Documentos\Maestria\2025S\Phonetics TeamLab\ALC\ses4031,5524031015_h_00.wav,N,0.0,SOBER,015,015
c:\Users\nagap\OneDrive\Documentos\Maestria\2025S\Phonetics TeamLab\ALC\ses4031,5524031016_h_00.wav,N,0.0,SOBER,016,016
c:\Users\nagap\OneDrive\Documentos\Maestria\2025S\Phonetics TeamLab\ALC\ses4031,5524031017_h_00.wav,N,0.0,SOBER,017,017
c:\Users\nagap\OneDrive\Documentos\Maestria\2025S\Phonetics TeamLab\ALC\ses4031,5524031018_h_00.wav,N,0.0,SOBER,018,018
c:\Users\nagap\OneDrive\Documentos\Maestria\2025S\Phonetics TeamLab\ALC\ses4031,5524031019_h_00.wav,N,0.0,SOBER,019,019
c:\Users\nagap\OneDrive\Documentos\Maestria\2025S\Phonetics TeamLab\ALC\ses4031,5524031020_h_00.wav,N,0.0,SOBER,020,020
c:\Users\nagap\OneDrive\Documentos\Maestria\2025S\Phonetics TeamLab\ALC\ses4031,5524031021_h_00.wav,N,0.0,SOBER,021,021
c:\Users\nagap\OneDrive\Documentos\Maestria\2025S\Phonetics TeamLab\ALC\ses4031,5524031022_h_00.wav,N,0.0,SOBER,022,022
c:\Users\nagap\OneDrive\Documentos\Maestria\2025S\Phonetics TeamLab\ALC\ses4031,5524031023_h_00.wav,N,0.0,SOBER,023,023
c:\Users\nagap\OneDrive\Documentos\Maestria\2025S\Phonetics TeamLab\ALC\ses4031,5524031024_h_00.wav,N,0.0,SOBER,024,024
c:\Users\nagap\OneDrive\Documentos\Maestria\2025S\Phonetics TeamLab\ALC\ses4031,5524031025_h_00.wav,N,0.0,SOBER,025,025
c:\Users\nagap\OneDrive\Documentos\Maestria\2025S\Phonetics TeamLab\ALC\ses4031,5524031026_h_00.wav,N,0.0,SOBER,026,026
c:\Users\nagap\OneDrive\Documentos\Maestria\2025S\Phonetics TeamLab\ALC\ses4031,5524031027_h_00.wav,N,0.0,SOBER,027,027
c:\Users\nagap\OneDrive\Documentos\Maestria\2025S\Phonetics TeamLab\ALC\ses4031,5524031028_h_00.wav,N,0.0,SOBER,028,028
c:\Users\nagap\OneDrive\Documentos\Maestria\2025S\Phonetics TeamLab\ALC\ses4031,5524031029_h_00.wav,N,0.0,SOBER,029,029
c:\Users\nagap\OneDrive\Documentos\Maestria\2025S\Phonetics TeamLab\ALC\ses4031,5524031030_h_00.wav,N,0.0,SOBER,030,030
c:\Users\nagap\OneDrive\Documentos\Maestria\2025S\Phonetics TeamLab\ALC\ses4031,5524031031_h_00.wav,N,0.0,SOBER,031,031
c:\Users\nagap\OneDrive\Documentos\Maestria\2025S\Phonetics TeamLab\ALC\ses4031,5524031032_h_00.wav,N,0.0,SOBER,032,032
c:\Users\nagap\OneDrive\Documentos\Maestria\2025S\Phonetics TeamLab\ALC\ses4031,5524031033_h_00.wav,N,0.0,SOBER,033,033
c:\Users\nagap\OneDrive\Documentos\Maestria\2025S\Phonetics TeamLab\ALC\ses4031,5524031034_h_00.wav,N,0.0,SOBER,034,034
c:\Users\nagap\OneDrive\Documentos\Maestria\2025S\Phonetics TeamLab\ALC\ses4031,5524031035_h_00.wav,N,0.0,SOBER,035,035
c:\Users\nagap\OneDrive\Documentos\Maestria\2025S\Phonetics TeamLab\ALC\ses4031,5524031036_h_00.wav,N,0.0,SOBER,036,036
c:\Users\nagap\OneDrive\Documentos\Maestria\2025S\Phonetics TeamLab\ALC\ses4031,5524031037_h_00.wav,N,0.0,SOBER,037,037
c:\Users\nagap\OneDrive\Documentos\Maestria\2025S\Phonetics TeamLab\ALC\ses4031,5524031038_h_00.wav,N,0.0,SOBER,038,038
c:\Users\nagap\OneDrive\Documentos\Maestria\2025S\Phonetics TeamLab\ALC\ses4031,5524031039_h_00.wav,N,0.0,SOBER,039,039
c:\Users\nagap\OneDrive\Documentos\Maestria\2025S\Phonetics TeamLab\ALC\ses4031,5524031040_h_00.wav,N,0.0,SOBER,040,040
c:\Users\nagap\OneDrive\Documentos\Maestria\2025S\Phonetics TeamLab\ALC\ses4031,5524031041_h_00.wav,N,0.0,SOBER,041,041
c:\Users\nagap\OneDrive\Documentos\Maestria\2025S\Phonetics TeamLab\ALC\ses4031,5524031042_h_00.wav,N,0.0,SOBER,042,042
c:\Users\nagap\OneDrive\Documentos\Maestria\2025S\Phonetics TeamLab\ALC\ses4031,5524031043_h_00.wav,N,0.0,SOBER,043,043
c:\Users\nagap\OneDrive\Documentos\Maestria\2025S\Phonetics TeamLab\ALC\ses4031,5524031044_h_00.wav,N,0.0,SOBER,044,044
c:\Users\nagap\OneDrive\Documentos\Maestria\2025S\Phonetics TeamLab\ALC\ses4031,5524031045_h_00.wav,N,0.0,SOBER,045,045
c:\Users\nagap\OneDrive\Documentos\Maestria\2025S\Phonetics TeamLab\ALC\ses4031,5524031046_h_00.wav,N,0.0,SOBER,046,046
c:\Users\nagap\OneDrive\Documentos\Maestria\2025S\Phonetics TeamLab\ALC\ses4031,5524031047_h_00.wav,N,0.0,SOBER,047,047
c:\Users\nagap\OneDrive\Documentos\Maestria\2025S\Phonetics TeamLab\ALC\ses4031,5524031048_h_00.wav,N,0.0,SOBER,048,048
c:\Users\nagap\OneDrive\Documentos\Maestria\2025S\Phonetics TeamLab\ALC\ses4031,5524031049_h_00.wav,N,0.0,SOBER,049,049
c:\Users\nagap\OneDrive\Documentos\Maestria\2025S\Phonetics TeamLab\ALC\ses4031,5524031050_h_00.wav,N,0.0,SOBER,050,050
c:\Users\nagap\OneDrive\Documentos\Maestria\2025S\Phonetics TeamLab\ALC\ses4031,5524031051_h_00.wav,N,0.0,SOBER,051,051
c:\Users\nagap\OneDrive\Documentos\Maestria\2025S\Phonetics TeamLab\ALC\ses4031,5524031052_h_00.wav,N,0.0,SOBER,052,052
c:\Users\nagap\OneDrive\Documentos\Maestria\2025S\Phonetics TeamLab\ALC\ses4031,5524031053_h_00.wav,N,0.0,SOBER,053,053
c:\Users\nagap\OneDrive\Documentos\Maestria\2025S\Phonetics TeamLab\ALC\ses4031,5524031054_h_00.wav,N,0.0,SOBER,054,054
c:\Users\nagap\OneDrive\Documentos\Maestria\2025S\Phonetics TeamLab\ALC\ses4031,5524031055_h_00.wav,N,0.0,SOBER,055,055
c:\Users\nagap\OneDrive\Documentos\Maestria\2025S\Phonetics TeamLab\ALC\ses4031,5524031056_h_00.wav,N,0.0,SOBER,056,056
c:\Users\nagap\OneDrive\Documentos\Maestria\2025S\Phonetics TeamLab\ALC\ses4031,5524031057_h_00.wav,N,0.0,SOBER,057,057
c:\Users\nagap\OneDrive\Documentos\Maestria\2025S\Phonetics TeamLab\ALC\ses4031,5524031058_h_00.wav,N,0.0,SOBER,058,058
c:\Users\nagap\OneDrive\Documentos\Maestria\2025S\Phonetics TeamLab\ALC\ses4031,5524031059_h_00.wav,N,0.0,SOBER,059,059
c:\Users\nagap\OneDrive\Documentos\Maestria\2025S\Phonetics TeamLab\ALC\ses4031,5524031060_h_00.wav,N,0.0,SOBER,060,060
c:\Users\nagap\OneDrive\Documentos\Maestria\2025S\Phonetics TeamLab\ALC\ses1058,0571058001_h_00.wav,A,0.00059,DRUNK,001,001
c:\Users\nagap\OneDrive\Documentos\Maestria\2025S\Phonetics TeamLab\ALC\ses1058,0571058002_h_02.wav,A,0.00059,DRUNK,002,034
c:\Users\nagap\OneDrive\Documentos\Maestria\2025S\Phonetics TeamLab\ALC\ses1058,0571058003_h_00.wav,A,0.00059,DRUNK,003,032
c:\Users\nagap\OneDrive\Documentos\Maestria\2025S\Phonetics TeamLab\ALC\ses1058,0571058004_h_00.wav,A,0.00059,DRUNK,004,061
c:\Users\nagap\OneDrive\Documentos\Maestria\2025S\Phonetics TeamLab\ALC\ses1058,0571058005_h_00.wav,A,0.00059,DRUNK,005,030
c:\Users\nagap\OneDrive\Documentos\Maestria\2025S\Phonetics TeamLab\ALC\ses1058,0571058006_h_00.wav,A,0.00059,DRUNK,006,026
c:\Users\nagap\OneDrive\Documentos\Maestria\2025S\Phonetics TeamLab\ALC\ses1058,0571058007_h_00.wav,A,0.00059,DRUNK,007,023
c:\Users\nagap\OneDrive\Documentos\Maestria\2025S\Phonetics TeamLab\ALC\ses1058,0571058008_h_00.wav,A,0.00059,DRUNK,008,008
c:\Users\nagap\OneDrive\Documentos\Maestria\2025S\Phonetics TeamLab\ALC\ses1058,0571058009_h_00.wav,A,0.00059,DRUNK,009,029
c:\Users\nagap\OneDrive\Documentos\Maestria\2025S\Phonetics TeamLab\ALC\ses1058,0571058010_h_00.wav,A,0.00059,DRUNK,010,010
c:\Users\nagap\OneDrive\Documentos\Maestria\2025S\Phonetics TeamLab\ALC\ses1058,0571058011_h_00.wav,A,0.00059,DRUNK,011,031
c:\Users\nagap\OneDrive\Documentos\Maestria\2025S\Phonetics TeamLab\ALC\ses1058,0571058012_h_00.wav,A,0.00059,DRUNK,012,012
c:\Users\nagap\OneDrive\Documentos\Maestria\2025S\Phonetics TeamLab\ALC\ses1058,0571058013_h_00.wav,A,0.00059,DRUNK,013,013
c:\Users\nagap\OneDrive\Documentos\Maestria\2025S\Phonetics TeamLab\ALC\ses1058,0571058014_h_00.wav,A,0.00059,DRUNK,014,014
c:\Users\nagap\OneDrive\Documentos\Maestria\2025S\Phonetics TeamLab\ALC\ses1058,0571058015_h_00.wav,A,0.00059,DRUNK,015,015
c:\Users\nagap\OneDrive\Documentos\Maestria\2025S\Phonetics TeamLab\ALC\ses1058,0571058016_h_00.wav,A,0.00059,DRUNK,016,036
c:\Users\nagap\OneDrive\Documentos\Maestria\2025S\Phonetics TeamLab\ALC\ses1058,0571058017_h_00.wav,A,0.00059,DRUNK,017,024
c:\Users\nagap\OneDrive\Documentos\Maestria\2025S\Phonetics TeamLab\ALC\ses1058,0571058018_h_00.wav,A,0.00059,DRUNK,018,038
c:\Users\nagap\OneDrive\Documentos\Maestria\2025S\Phonetics TeamLab\ALC\ses1058,0571058019_h_00.wav,A,0.00059,DRUNK,019,019
c:\Users\nagap\OneDrive\Documentos\Maestria\2025S\Phonetics TeamLab\ALC\ses1058,0571058020_h_00.wav,A,0.00059,DRUNK,020,020
c:\Users\nagap\OneDrive\Documentos\Maestria\2025S\Phonetics TeamLab\ALC\ses1058,0571058021_h_00.wav,A,0.00059,DRUNK,021,041
c:\Users\nagap\OneDrive\Documentos\Maestria\2025S\Phonetics TeamLab\ALC\ses1058,0571058022_h_00.wav,A,0.00059,DRUNK,022,042
c:\Users\nagap\OneDrive\Documentos\Maestria\2025S\Phonetics TeamLab\ALC\ses1058,0571058023_h_00.wav,A,0.00059,DRUNK,023,059
c:\Users\nagap\OneDrive\Documentos\Maestria\2025S\Phonetics TeamLab\ALC\ses1058,0571058024_h_00.wav,A,0.00059,DRUNK,024,051
c:\Users\nagap\OneDrive\Documentos\Maestria\2025S\Phonetics TeamLab\ALC\ses1058,0571058025_h_00.wav,A,0.00059,DRUNK,025,046
c:\Users\nagap\OneDrive\Documentos\Maestria\2025S\Phonetics TeamLab\ALC\ses1058,0571058026_h_00.wav,A,0.00059,DRUNK,026,055
c:\Users\nagap\OneDrive\Documentos\Maestria\2025S\Phonetics TeamLab\ALC\ses1058,0571058027_h_00.wav,A,0.00059,DRUNK,027,048
c:\Users\nagap\OneDrive\Documentos\Maestria\2025S\Phonetics TeamLab\ALC\ses1058,0571058028_h_00.wav,A,0.00059,DRUNK,028,049
c:\Users\nagap\OneDrive\Documentos\Maestria\2025S\Phonetics TeamLab\ALC\ses1058,0571058029_h_00.wav,A,0.00059,DRUNK,029,050
c:\Users\nagap\OneDrive\Documentos\Maestria\2025S\Phonetics TeamLab\ALC\ses1058,0571058030_h_01.wav,A,0.00059,DRUNK,030,060
c:\Users\nagap\OneDrive\Documentos\Maestria\2025S\Phonetics TeamLab\ALC\ses2067,0572067001_h_00.wav,N,0.0,SOBER,001,001
c:\Users\nagap\OneDrive\Documentos\Maestria\2025S\Phonetics TeamLab\ALC\ses2067,0572067002_h_01.wav,N,0.0,SOBER,002,002
c:\Users\nagap\OneDrive\Documentos\Maestria\2025S\Phonetics TeamLab\ALC\ses2067,0572067003_h_00.wav,N,0.0,SOBER,003,003
c:\Users\nagap\OneDrive\Documentos\Maestria\2025S\Phonetics TeamLab\ALC\ses2067,0572067004_h_00.wav,N,0.0,SOBER,004,004
c:\Users\nagap\OneDrive\Documentos\Maestria\2025S\Phonetics TeamLab\ALC\ses2067,0572067005_h_00.wav,N,0.0,SOBER,005,005
c:\Users\nagap\OneDrive\Documentos\Maestria\2025S\Phonetics TeamLab\ALC\ses2067,0572067006_h_00.wav,N,0.0,SOBER,006,006
c:\Users\nagap\OneDrive\Documentos\Maestria\2025S\Phonetics TeamLab\ALC\ses2067,0572067007_h_00.wav,N,0.0,SOBER,007,007
c:\Users\nagap\OneDrive\Documentos\Maestria\2025S\Phonetics TeamLab\ALC\ses2067,0572067008_h_00.wav,N,0.0,SOBER,008,008
c:\Users\nagap\OneDrive\Documentos\Maestria\2025S\Phonetics TeamLab\ALC\ses2067,0572067009_h_00.wav,N,0.0,SOBER,009,009
c:\Users\nagap\OneDrive\Documentos\Maestria\2025S\Phonetics TeamLab\ALC\ses2067,0572067010_h_00.wav,N,0.0,SOBER,010,010
c:\Users\nagap\OneDrive\Documentos\Maestria\2025S\Phonetics TeamLab\ALC\ses2067,0572067011_h_00.wav,N,0.0,SOBER,011,011
c:\Users\nagap\OneDrive\Documentos\Maestria\2025S\Phonetics TeamLab\ALC\ses2067,0572067012_h_00.wav,N,0.0,SOBER,012,012
c:\Users\nagap\OneDrive\Documentos\Maestria\2025S\Phonetics TeamLab\ALC\ses2067,0572067013_h_00.wav,N,0.0,SOBER,013,013
c:\Users\nagap\OneDrive\Documentos\Maestria\2025S\Phonetics TeamLab\ALC\ses2067,0572067014_h_00.wav,N,0.0,SOBER,014,014
c:\Users\nagap\OneDrive\Documentos\Maestria\2025S\Phonetics TeamLab\ALC\ses2067,0572067015_h_00.wav,N,0.0,SOBER,015,015
c:\Users\nagap\OneDrive\Documentos\Maestria\2025S\Phonetics TeamLab\ALC\ses2067,0572067016_h_00.wav,N,0.0,SOBER,016,016
c:\Users\nagap\OneDrive\Documentos\Maestria\2025S\Phonetics TeamLab\ALC\ses2067,0572067017_h_00.wav,N,0.0,SOBER,017,017
c:\Users\nagap\OneDrive\Documentos\Maestria\2025S\Phonetics TeamLab\ALC\ses2067,0572067018_h_00.wav,N,0.0,SOBER,018,018
c:\Users\nagap\OneDrive\Documentos\Maestria\2025S\Phonetics TeamLab\ALC\ses2067,0572067019_h_00.wav,N,0.0,SOBER,019,019
c:\Users\nagap\OneDrive\Documentos\Maestria\2025S\Phonetics TeamLab\ALC\ses2067,0572067020_h_00.wav,N,0.0,SOBER,020,020
c:\Users\nagap\OneDrive\Documentos\Maestria\2025S\Phonetics TeamLab\ALC\ses2067,0572067021_h_00.wav,N,0.0,SOBER,021,021
c:\Users\nagap\OneDrive\Documentos\Maestria\2025S\Phonetics TeamLab\ALC\ses2067,0572067022_h_00.wav,N,0.0,SOBER,022,022
c:\Users\nagap\OneDrive\Documentos\Maestria\2025S\Phonetics TeamLab\ALC\ses2067,0572067023_h_00.wav,N,0.0,SOBER,023,023
c:\Users\nagap\OneDrive\Documentos\Maestria\2025S\Phonetics TeamLab\ALC\ses2067,0572067024_h_00.wav,N,0.0,SOBER,024,024
c:\Users\nagap\OneDrive\Documentos\Maestria\2025S\Phonetics TeamLab\ALC\ses2067,0572067025_h_00.wav,N,0.0,SOBER,025,025
c:\Users\nagap\OneDrive\Documentos\Maestria\2025S\Phonetics TeamLab\ALC\ses2067,0572067026_h_00.wav,N,0.0,SOBER,026,026
c:\Users\nagap\OneDrive\Documentos\Maestria\2025S\Phonetics TeamLab\ALC\ses2067,0572067027_h_00.wav,N,0.0,SOBER,027,027
c:\Users\nagap\OneDrive\Documentos\Maestria\2025S\Phonetics TeamLab\ALC\ses2067,0572067028_h_00.wav,N,0.0,SOBER,028,028
c:\Users\nagap\OneDrive\Documentos\Maestria\2025S\Phonetics TeamLab\ALC\ses2067,0572067029_h_00.wav,N,0.0,SOBER,029,029
c:\Users\nagap\OneDrive\Documentos\Maestria\2025S\Phonetics TeamLab\ALC\ses2067,0572067030_h_00.wav,N,0.0,SOBER,030,030
c:\Users\nagap\OneDrive\Documentos\Maestria\2025S\Phonetics TeamLab\ALC\ses2067,0572067031_h_00.wav,N,0.0,SOBER,031,031
c:\Users\nagap\OneDrive\Documentos\Maestria\2025S\Phonetics TeamLab\ALC\ses2067,0572067032_h_00.wav,N,0.0,SOBER,032,032
c:\Users\nagap\OneDrive\Documentos\Maestria\2025S\Phonetics TeamLab\ALC\ses2067,0572067033_h_00.wav,N,0.0,SOBER,033,033
c:\Users\nagap\OneDrive\Documentos\Maestria\2025S\Phonetics TeamLab\ALC\ses2067,0572067034_h_00.wav,N,0.0,SOBER,034,034
c:\Users\nagap\OneDrive\Documentos\Maestria\2025S\Phonetics TeamLab\ALC\ses2067,0572067035_h_00.wav,N,0.0,SOBER,035,035
c:\Users\nagap\OneDrive\Documentos\Maestria\2025S\Phonetics TeamLab\ALC\ses2067,0572067036_h_00.wav,N,0.0,SOBER,036,036
c:\Users\nagap\OneDrive\Documentos\Maestria\2025S\Phonetics TeamLab\ALC\ses2067,0572067037_h_00.wav,N,0.0,SOBER,037,037
c:\Users\nagap\OneDrive\Documentos\Maestria\2025S\Phonetics TeamLab\ALC\ses2067,0572067038_h_00.wav,N,0.0,SOBER,038,038
c:\Users\nagap\OneDrive\Documentos\Maestria\2025S\Phonetics TeamLab\ALC\ses2067,0572067039_h_00.wav,N,0.0,SOBER,039,039
c:\Users\nagap\OneDrive\Documentos\Maestria\2025S\Phonetics TeamLab\ALC\ses2067,0572067040_h_00.wav,N,0.0,SOBER,040,040
c:\Users\nagap\OneDrive\Documentos\Maestria\2025S\Phonetics TeamLab\ALC\ses2067,0572067041_h_00.wav,N,0.0,SOBER,041,041
c:\Users\nagap\OneDrive\Documentos\Maestria\2025S\Phonetics TeamLab\ALC\ses2067,0572067042_h_00.wav,N,0.0,SOBER,042,042
c:\Users\nagap\OneDrive\Documentos\Maestria\2025S\Phonetics TeamLab\ALC\ses2067,0572067043_h_00.wav,N,0.0,SOBER,043,043
c:\Users\nagap\OneDrive\Documentos\Maestria\2025S\Phonetics TeamLab\ALC\ses2067,0572067044_h_00.wav,N,0.0,SOBER,044,044
c:\Users\nagap\OneDrive\Documentos\Maestria\2025S\Phonetics TeamLab\ALC\ses2067,0572067045_h_00.wav,N,0.0,SOBER,045,045
c:\Users\nagap\OneDrive\Documentos\Maestria\2025S\Phonetics TeamLab\ALC\ses2067,0572067046_h_00.wav,N,0.0,SOBER,046,046
c:\Users\nagap\OneDrive\Documentos\Maestria\2025S\Phonetics TeamLab\ALC\ses2067,0572067047_h_00.wav,N,0.0,SOBER,047,047
c:\Users\nagap\OneDrive\Documentos\Maestria\2025S\Phonetics TeamLab\ALC\ses2067,0572067048_h_00.wav,N,0.0,SOBER,048,048
c:\Users\nagap\OneDrive\Documentos\Maestria\2025S\Phonetics TeamLab\ALC\ses2067,0572067049_h_00.wav,N,0.0,SOBER,049,049
c:\Users\nagap\OneDrive\Documentos\Maestria\2025S\Phonetics TeamLab\ALC\ses2067,0572067050_h_00.wav,N,0.0,SOBER,050,050
c:\Users\nagap\OneDrive\Documentos\Maestria\2025S\Phonetics TeamLab\ALC\ses2067,0572067051_h_00.wav,N,0.0,SOBER,051,051
c:\Users\nagap\OneDrive\Documentos\Maestria\2025S\Phonetics TeamLab\ALC\ses2067,0572067052_h_00.wav,N,0.0,SOBER,052,052
c:\Users\nagap\OneDrive\Documentos\Maestria\2025S\Phonetics TeamLab\ALC\ses2067,0572067053_h_00.wav,N,0.0,SOBER,053,053
c:\Users\nagap\OneDrive\Documentos\Maestria\2025S\Phonetics TeamLab\ALC\ses2067,0572067054_h_00.wav,N,0.0,SOBER,054,054
c:\Users\nagap\OneDrive\Documentos\Maestria\2025S\Phonetics TeamLab\ALC\ses2067,0572067055_h_00.wav,N,0.0,SOBER,055,055
c:\Users\nagap\OneDrive\Documentos\Maestria\2025S\Phonetics TeamLab\ALC\ses2067,0572067056_h_00.wav,N,0.0,SOBER,056,056
c:\Users\nagap\OneDrive\Documentos\Maestria\2025S\Phonetics TeamLab\ALC\ses2067,0572067057_h_00.wav,N,0.0,SOBER,057,057
c:\Users\nagap\OneDrive\Documentos\Maestria\2025S\Phonetics TeamLab\ALC\ses2067,0572067058_h_00.wav,N,0.0,SOBER,058,058
c:\Users\nagap\OneDrive\Documentos\Maestria\2025S\Phonetics TeamLab\ALC\ses2067,0572067059_h_00.wav,N,0.0,SOBER,059,059
c:\Users\nagap\OneDrive\Documentos\Maestria\2025S\Phonetics TeamLab\ALC\ses2067,0572067060_h_00.wav,N,0.0,SOBER,060,060
c:\Users\nagap\OneDrive\Documentos\Maestria\2025S\Phonetics TeamLab\ALC\ses3055,5543055001_h_00.wav,A,0.00062,DRUNK,001,001
c:\Users\nagap\OneDrive\Documentos\Maestria\2025S\Phonetics TeamLab\ALC\ses3055,5543055002_h_00.wav,A,0.00062,DRUNK,002,034
c:\Users\nagap\OneDrive\Documentos\Maestria\2025S\Phonetics TeamLab\ALC\ses3055,5543055003_h_00.wav,A,0.00062,DRUNK,003,032
c:\Users\nagap\OneDrive\Documentos\Maestria\2025S\Phonetics TeamLab\ALC\ses3055,5543055004_h_00.wav,A,0.00062,DRUNK,004,061
c:\Users\nagap\OneDrive\Documentos\Maestria\2025S\Phonetics TeamLab\ALC\ses3055,5543055005_h_00.wav,A,0.00062,DRUNK,005,030
c:\Users\nagap\OneDrive\Documentos\Maestria\2025S\Phonetics TeamLab\ALC\ses3055,5543055006_h_00.wav,A,0.00062,DRUNK,006,026
c:\Users\nagap\OneDrive\Documentos\Maestria\2025S\Phonetics TeamLab\ALC\ses3055,5543055007_h_00.wav,A,0.00062,DRUNK,007,023
c:\Users\nagap\OneDrive\Documentos\Maestria\2025S\Phonetics TeamLab\ALC\ses3055,5543055008_h_00.wav,A,0.00062,DRUNK,008,008
c:\Users\nagap\OneDrive\Documentos\Maestria\2025S\Phonetics TeamLab\ALC\ses3055,5543055009_h_00.wav,A,0.00062,DRUNK,009,029
c:\Users\nagap\OneDrive\Documentos\Maestria\2025S\Phonetics TeamLab\ALC\ses3055,5543055010_h_00.wav,A,0.00062,DRUNK,010,010
c:\Users\nagap\OneDrive\Documentos\Maestria\2025S\Phonetics TeamLab\ALC\ses3055,5543055011_h_00.wav,A,0.00062,DRUNK,011,031
c:\Users\nagap\OneDrive\Documentos\Maestria\2025S\Phonetics TeamLab\ALC\ses3055,5543055012_h_00.wav,A,0.00062,DRUNK,012,012
c:\Users\nagap\OneDrive\Documentos\Maestria\2025S\Phonetics TeamLab\ALC\ses3055,5543055013_h_00.wav,A,0.00062,DRUNK,013,013
c:\Users\nagap\OneDrive\Documentos\Maestria\2025S\Phonetics TeamLab\ALC\ses3055,5543055014_h_00.wav,A,0.00062,DRUNK,014,014
c:\Users\nagap\OneDrive\Documentos\Maestria\2025S\Phonetics TeamLab\ALC\ses3055,5543055015_h_00.wav,A,0.00062,DRUNK,015,015
c:\Users\nagap\OneDrive\Documentos\Maestria\2025S\Phonetics TeamLab\ALC\ses3055,5543055016_h_00.wav,A,0.00062,DRUNK,016,036
c:\Users\nagap\OneDrive\Documentos\Maestria\2025S\Phonetics TeamLab\ALC\ses3055,5543055017_h_00.wav,A,0.00062,DRUNK,017,024
c:\Users\nagap\OneDrive\Documentos\Maestria\2025S\Phonetics TeamLab\ALC\ses3055,5543055018_h_00.wav,A,0.00062,DRUNK,018,038
c:\Users\nagap\OneDrive\Documentos\Maestria\2025S\Phonetics TeamLab\ALC\ses3055,5543055019_h_00.wav,A,0.00062,DRUNK,019,019
c:\Users\nagap\OneDrive\Documentos\Maestria\2025S\Phonetics TeamLab\ALC\ses3055,5543055020_h_00.wav,A,0.00062,DRUNK,020,020
c:\Users\nagap\OneDrive\Documentos\Maestria\2025S\Phonetics TeamLab\ALC\ses3055,5543055021_h_00.wav,A,0.00062,DRUNK,021,041
c:\Users\nagap\OneDrive\Documentos\Maestria\2025S\Phonetics TeamLab\ALC\ses3055,5543055022_h_00.wav,A,0.00062,DRUNK,022,042
c:\Users\nagap\OneDrive\Documentos\Maestria\2025S\Phonetics TeamLab\ALC\ses3055,5543055023_h_00.wav,A,0.00062,DRUNK,023,059
c:\Users\nagap\OneDrive\Documentos\Maestria\2025S\Phonetics TeamLab\ALC\ses3055,5543055024_h_00.wav,A,0.00062,DRUNK,024,051
c:\Users\nagap\OneDrive\Documentos\Maestria\2025S\Phonetics TeamLab\ALC\ses3055,5543055025_h_00.wav,A,0.00062,DRUNK,025,046
c:\Users\nagap\OneDrive\Documentos\Maestria\2025S\Phonetics TeamLab\ALC\ses3055,5543055026_h_00.wav,A,0.00062,DRUNK,026,055
c:\Users\nagap\OneDrive\Documentos\Maestria\2025S\Phonetics TeamLab\ALC\ses3055,5543055027_h_00.wav,A,0.00062,DRUNK,027,048
c:\Users\nagap\OneDrive\Documentos\Maestria\2025S\Phonetics TeamLab\ALC\ses3055,5543055028_h_00.wav,A,0.00062,DRUNK,028,049
c:\Users\nagap\OneDrive\Documentos\Maestria\2025S\Phonetics TeamLab\ALC\ses3055,5543055029_h_00.wav,A,0.00062,DRUNK,029,050
c:\Users\nagap\OneDrive\Documentos\Maestria\2025S\Phonetics TeamLab\ALC\ses3055,5543055030_h_00.wav,A,0.00062,DRUNK,030,060
c:\Users\nagap\OneDrive\Documentos\Maestria\2025S\Phonetics TeamLab\ALC\ses4062,5544062001_h_00.wav,N,0.0,SOBER,001,001
c:\Users\nagap\OneDrive\Documentos\Maestria\2025S\Phonetics TeamLab\ALC\ses4062,5544062002_h_00.wav,N,0.0,SOBER,002,002
c:\Users\nagap\OneDrive\Documentos\Maestria\2025S\Phonetics TeamLab\ALC\ses4062,5544062003_h_00.wav,N,0.0,SOBER,003,003
c:\Users\nagap\OneDrive\Documentos\Maestria\2025S\Phonetics TeamLab\ALC\ses4062,5544062004_h_00.wav,N,0.0,SOBER,004,004
c:\Users\nagap\OneDrive\Documentos\Maestria\2025S\Phonetics TeamLab\ALC\ses4062,5544062005_h_00.wav,N,0.0,SOBER,005,005
c:\Users\nagap\OneDrive\Documentos\Maestria\2025S\Phonetics TeamLab\ALC\ses4062,5544062006_h_00.wav,N,0.0,SOBER,006,006
c:\Users\nagap\OneDrive\Documentos\Maestria\2025S\Phonetics TeamLab\ALC\ses4062,5544062007_h_02.wav,N,0.0,SOBER,007,007
c:\Users\nagap\OneDrive\Documentos\Maestria\2025S\Phonetics TeamLab\ALC\ses4062,5544062008_h_00.wav,N,0.0,SOBER,008,008
c:\Users\nagap\OneDrive\Documentos\Maestria\2025S\Phonetics TeamLab\ALC\ses4062,5544062009_h_00.wav,N,0.0,SOBER,009,009
c:\Users\nagap\OneDrive\Documentos\Maestria\2025S\Phonetics TeamLab\ALC\ses4062,5544062010_h_00.wav,N,0.0,SOBER,010,010
c:\Users\nagap\OneDrive\Documentos\Maestria\2025S\Phonetics TeamLab\ALC\ses4062,5544062011_h_00.wav,N,0.0,SOBER,011,011
c:\Users\nagap\OneDrive\Documentos\Maestria\2025S\Phonetics TeamLab\ALC\ses4062,5544062012_h_00.wav,N,0.0,SOBER,012,012
c:\Users\nagap\OneDrive\Documentos\Maestria\2025S\Phonetics TeamLab\ALC\ses4062,5544062013_h_00.wav,N,0.0,SOBER,013,013
c:\Users\nagap\OneDrive\Documentos\Maestria\2025S\Phonetics TeamLab\ALC\ses4062,5544062014_h_00.wav,N,0.0,SOBER,014,014
c:\Users\nagap\OneDrive\Documentos\Maestria\2025S\Phonetics TeamLab\ALC\ses4062,5544062015_h_00.wav,N,0.0,SOBER,015,015
c:\Users\nagap\OneDrive\Documentos\Maestria\2025S\Phonetics TeamLab\ALC\ses4062,5544062016_h_00.wav,N,0.0,SOBER,016,016
c:\Users\nagap\OneDrive\Documentos\Maestria\2025S\Phonetics TeamLab\ALC\ses4062,5544062017_h_00.wav,N,0.0,SOBER,017,017
c:\Users\nagap\OneDrive\Documentos\Maestria\2025S\Phonetics TeamLab\ALC\ses4062,5544062018_h_00.wav,N,0.0,SOBER,018,018
c:\Users\nagap\OneDrive\Documentos\Maestria\2025S\Phonetics TeamLab\ALC\ses4062,5544062019_h_00.wav,N,0.0,SOBER,019,019
c:\Users\nagap\OneDrive\Documentos\Maestria\2025S\Phonetics TeamLab\ALC\ses4062,5544062020_h_00.wav,N,0.0,SOBER,020,020
c:\Users\nagap\OneDrive\Documentos\Maestria\2025S\Phonetics TeamLab\ALC\ses4062,5544062021_h_00.wav,N,0.0,SOBER,021,021
c:\Users\nagap\OneDrive\Documentos\Maestria\2025S\Phonetics TeamLab\ALC\ses4062,5544062022_h_00.wav,N,0.0,SOBER,022,022
c:\Users\nagap\OneDrive\Documentos\Maestria\2025S\Phonetics TeamLab\ALC\ses4062,5544062023_h_00.wav,N,0.0,SOBER,023,023
c:\Users\nagap\OneDrive\Documentos\Maestria\2025S\Phonetics TeamLab\ALC\ses4062,5544062024_h_00.wav,N,0.0,SOBER,024,024
c:\Users\nagap\OneDrive\Documentos\Maestria\2025S\Phonetics TeamLab\ALC\ses4062,5544062025_h_00.wav,N,0.0,SOBER,025,025
c:\Users\nagap\OneDrive\Documentos\Maestria\2025S\Phonetics TeamLab\ALC\ses4062,5544062026_h_00.wav,N,0.0,SOBER,026,026
c:\Users\nagap\OneDrive\Documentos\Maestria\2025S\Phonetics TeamLab\ALC\ses4062,5544062027_h_00.wav,N,0.0,SOBER,027,027
c:\Users\nagap\OneDrive\Documentos\Maestria\2025S\Phonetics TeamLab\ALC\ses4062,5544062028_h_00.wav,N,0.0,SOBER,028,028
c:\Users\nagap\OneDrive\Documentos\Maestria\2025S\Phonetics TeamLab\ALC\ses4062,5544062029_h_00.wav,N,0.0,SOBER,029,029
c:\Users\nagap\OneDrive\Documentos\Maestria\2025S\Phonetics TeamLab\ALC\ses4062,5544062030_h_00.wav,N,0.0,SOBER,030,030
c:\Users\nagap\OneDrive\Documentos\Maestria\2025S\Phonetics TeamLab\ALC\ses4062,5544062031_h_00.wav,N,0.0,SOBER,031,031
c:\Users\nagap\OneDrive\Documentos\Maestria\2025S\Phonetics TeamLab\ALC\ses4062,5544062032_h_00.wav,N,0.0,SOBER,032,032
c:\Users\nagap\OneDrive\Documentos\Maestria\2025S\Phonetics TeamLab\ALC\ses4062,5544062033_h_00.wav,N,0.0,SOBER,033,033
c:\Users\nagap\OneDrive\Documentos\Maestria\2025S\Phonetics TeamLab\ALC\ses4062,5544062034_h_00.wav,N,0.0,SOBER,034,034
c:\Users\nagap\OneDrive\Documentos\Maestria\2025S\Phonetics TeamLab\ALC\ses4062,5544062035_h_00.wav,N,0.0,SOBER,035,035
c:\Users\nagap\OneDrive\Documentos\Maestria\2025S\Phonetics TeamLab\ALC\ses4062,5544062036_h_00.wav,N,0.0,SOBER,036,036
c:\Users\nagap\OneDrive\Documentos\Maestria\2025S\Phonetics TeamLab\ALC\ses4062,5544062037_h_00.wav,N,0.0,SOBER,037,037
c:\Users\nagap\OneDrive\Documentos\Maestria\2025S\Phonetics TeamLab\ALC\ses4062,5544062038_h_00.wav,N,0.0,SOBER,038,038
c:\Users\nagap\OneDrive\Documentos\Maestria\2025S\Phonetics TeamLab\ALC\ses4062,5544062039_h_00.wav,N,0.0,SOBER,039,039
c:\Users\nagap\OneDrive\Documentos\Maestria\2025S\Phonetics TeamLab\ALC\ses4062,5544062040_h_00.wav,N,0.0,SOBER,040,040
c:\Users\nagap\OneDrive\Documentos\Maestria\2025S\Phonetics TeamLab\ALC\ses4062,5544062041_h_00.wav,N,0.0,SOBER,041,041
c:\Users\nagap\OneDrive\Documentos\Maestria\2025S\Phonetics TeamLab\ALC\ses4062,5544062042_h_00.wav,N,0.0,SOBER,042,042
c:\Users\nagap\OneDrive\Documentos\Maestria\2025S\Phonetics TeamLab\ALC\ses4062,5544062043_h_00.wav,N,0.0,SOBER,043,043
c:\Users\nagap\OneDrive\Documentos\Maestria\2025S\Phonetics TeamLab\ALC\ses4062,5544062044_h_00.wav,N,0.0,SOBER,044,044
c:\Users\nagap\OneDrive\Documentos\Maestria\2025S\Phonetics TeamLab\ALC\ses4062,5544062045_h_00.wav,N,0.0,SOBER,045,045
c:\Users\nagap\OneDrive\Documentos\Maestria\2025S\Phonetics TeamLab\ALC\ses4062,5544062046_h_00.wav,N,0.0,SOBER,046,046
c:\Users\nagap\OneDrive\Documentos\Maestria\2025S\Phonetics TeamLab\ALC\ses4062,5544062047_h_00.wav,N,0.0,SOBER,047,047
c:\Users\nagap\OneDrive\Documentos\Maestria\2025S\Phonetics TeamLab\ALC\ses4062,5544062048_h_00.wav,N,0.0,SOBER,048,048
c:\Users\nagap\OneDrive\Documentos\Maestria\2025S\Phonetics TeamLab\ALC\ses4062,5544062049_h_00.wav,N,0.0,SOBER,049,049
c:\Users\nagap\OneDrive\Documentos\Maestria\2025S\Phonetics TeamLab\ALC\ses4062,5544062050_h_00.wav,N,0.0,SOBER,050,050
c:\Users\nagap\OneDrive\Documentos\Maestria\2025S\Phonetics TeamLab\ALC\ses4062,5544062051_h_00.wav,N,0.0,SOBER,051,051
c:\Users\nagap\OneDrive\Documentos\Maestria\2025S\Phonetics TeamLab\ALC\ses4062,5544062052_h_00.wav,N,0.0,SOBER,052,052
c:\Users\nagap\OneDrive\Documentos\Maestria\2025S\Phonetics TeamLab\ALC\ses4062,5544062053_h_00.wav,N,0.0,SOBER,053,053
c:\Users\nagap\OneDrive\Documentos\Maestria\2025S\Phonetics TeamLab\ALC\ses4062,5544062054_h_00.wav,N,0.0,SOBER,054,054
c:\Users\nagap\OneDrive\Documentos\Maestria\2025S\Phonetics TeamLab\ALC\ses4062,5544062055_h_00.wav,N,0.0,SOBER,055,055
c:\Users\nagap\OneDrive\Documentos\Maestria\2025S\Phonetics TeamLab\ALC\ses4062,5544062056_h_00.wav,N,0.0,SOBER,056,056
c:\Users\nagap\OneDrive\Documentos\Maestria\2025S\Phonetics TeamLab\ALC\ses4062,5544062057_h_00.wav,N,0.0,SOBER,057,057
c:\Users\nagap\OneDrive\Documentos\Maestria\2025S\Phonetics TeamLab\ALC\ses4062,5544062058_h_00.wav,N,0.0,SOBER,058,058
c:\Users\nagap\OneDrive\Documentos\Maestria\2025S\Phonetics TeamLab\ALC\ses4062,5544062059_h_00.wav,N,0.0,SOBER,059,059
c:\Users\nagap\OneDrive\Documentos\Maestria\2025S\Phonetics TeamLab\ALC\ses4062,5544062060_h_00.wav,N,0.0,SOBER,060,060
c:\Users\nagap\OneDrive\Documentos\Maestria\2025S\Phonetics TeamLab\ALC\ses1008,0081008001_h_00.wav,A,0.00059,DRUNK,001,001
c:\Users\nagap\OneDrive\Documentos\Maestria\2025S\Phonetics TeamLab\ALC\ses1008,0081008002_h_00.wav,A,0.00059,DRUNK,002,034
c:\Users\nagap\OneDrive\Documentos\Maestria\2025S\Phonetics TeamLab\ALC\ses1008,0081008003_h_00.wav,A,0.00059,DRUNK,003,032
c:\Users\nagap\OneDrive\Documentos\Maestria\2025S\Phonetics TeamLab\ALC\ses1008,0081008004_h_00.wav,A,0.00059,DRUNK,004,061
c:\Users\nagap\OneDrive\Documentos\Maestria\2025S\Phonetics TeamLab\ALC\ses1008,0081008005_h_00.wav,A,0.00059,DRUNK,005,030
c:\Users\nagap\OneDrive\Documentos\Maestria\2025S\Phonetics TeamLab\ALC\ses1008,0081008006_h_00.wav,A,0.00059,DRUNK,006,026
c:\Users\nagap\OneDrive\Documentos\Maestria\2025S\Phonetics TeamLab\ALC\ses1008,0081008007_h_00.wav,A,0.00059,DRUNK,007,023
c:\Users\nagap\OneDrive\Documentos\Maestria\2025S\Phonetics TeamLab\ALC\ses1008,0081008008_h_00.wav,A,0.00059,DRUNK,008,008
c:\Users\nagap\OneDrive\Documentos\Maestria\2025S\Phonetics TeamLab\ALC\ses1008,0081008009_h_00.wav,A,0.00059,DRUNK,009,029
c:\Users\nagap\OneDrive\Documentos\Maestria\2025S\Phonetics TeamLab\ALC\ses1008,0081008010_h_00.wav,A,0.00059,DRUNK,010,010
c:\Users\nagap\OneDrive\Documentos\Maestria\2025S\Phonetics TeamLab\ALC\ses1008,0081008011_h_00.wav,A,0.00059,DRUNK,011,031
c:\Users\nagap\OneDrive\Documentos\Maestria\2025S\Phonetics TeamLab\ALC\ses1008,0081008012_h_00.wav,A,0.00059,DRUNK,012,012
c:\Users\nagap\OneDrive\Documentos\Maestria\2025S\Phonetics TeamLab\ALC\ses1008,0081008013_h_00.wav,A,0.00059,DRUNK,013,013
c:\Users\nagap\OneDrive\Documentos\Maestria\2025S\Phonetics TeamLab\ALC\ses1008,0081008014_h_00.wav,A,0.00059,DRUNK,014,014
c:\Users\nagap\OneDrive\Documentos\Maestria\2025S\Phonetics TeamLab\ALC\ses1008,0081008015_h_00.wav,A,0.00059,DRUNK,015,015
c:\Users\nagap\OneDrive\Documentos\Maestria\2025S\Phonetics TeamLab\ALC\ses1008,0081008016_h_00.wav,A,0.00059,DRUNK,016,036
c:\Users\nagap\OneDrive\Documentos\Maestria\2025S\Phonetics TeamLab\ALC\ses1008,0081008017_h_00.wav,A,0.00059,DRUNK,017,024
c:\Users\nagap\OneDrive\Documentos\Maestria\2025S\Phonetics TeamLab\ALC\ses1008,0081008018_h_00.wav,A,0.00059,DRUNK,018,038
c:\Users\nagap\OneDrive\Documentos\Maestria\2025S\Phonetics TeamLab\ALC\ses1008,0081008019_h_00.wav,A,0.00059,DRUNK,019,019
c:\Users\nagap\OneDrive\Documentos\Maestria\2025S\Phonetics TeamLab\ALC\ses1008,0081008020_h_00.wav,A,0.00059,DRUNK,020,020
c:\Users\nagap\OneDrive\Documentos\Maestria\2025S\Phonetics TeamLab\ALC\ses1008,0081008021_h_00.wav,A,0.00059,DRUNK,021,041
c:\Users\nagap\OneDrive\Documentos\Maestria\2025S\Phonetics TeamLab\ALC\ses1008,0081008022_h_00.wav,A,0.00059,DRUNK,022,042
c:\Users\nagap\OneDrive\Documentos\Maestria\2025S\Phonetics TeamLab\ALC\ses1008,0081008023_h_00.wav,A,0.00059,DRUNK,023,059
c:\Users\nagap\OneDrive\Documentos\Maestria\2025S\Phonetics TeamLab\ALC\ses1008,0081008024_h_00.wav,A,0.00059,DRUNK,024,051
c:\Users\nagap\OneDrive\Documentos\Maestria\2025S\Phonetics TeamLab\ALC\ses1008,0081008025_h_00.wav,A,0.00059,DRUNK,025,046
c:\Users\nagap\OneDrive\Documentos\Maestria\2025S\Phonetics TeamLab\ALC\ses1008,0081008026_h_00.wav,A,0.00059,DRUNK,026,055
c:\Users\nagap\OneDrive\Documentos\Maestria\2025S\Phonetics TeamLab\ALC\ses1008,0081008027_h_00.wav,A,0.00059,DRUNK,027,048
c:\Users\nagap\OneDrive\Documentos\Maestria\2025S\Phonetics TeamLab\ALC\ses1008,0081008028_h_00.wav,A,0.00059,DRUNK,028,049
c:\Users\nagap\OneDrive\Documentos\Maestria\2025S\Phonetics TeamLab\ALC\ses1008,0081008029_h_00.wav,A,0.00059,DRUNK,029,050
c:\Users\nagap\OneDrive\Documentos\Maestria\2025S\Phonetics TeamLab\ALC\ses1008,0081008030_h_00.wav,A,0.00059,DRUNK,030,060
c:\Users\nagap\OneDrive\Documentos\Maestria\2025S\Phonetics TeamLab\ALC\ses2006,0082006001_h_00.wav,N,0.0,SOBER,001,001
c:\Users\nagap\OneDrive\Documentos\Maestria\2025S\Phonetics TeamLab\ALC\ses2006,0082006002_h_00.wav,N,0.0,SOBER,002,002
c:\Users\nagap\OneDrive\Documentos\Maestria\2025S\Phonetics TeamLab\ALC\ses2006,0082006003_h_00.wav,N,0.0,SOBER,003,003
c:\Users\nagap\OneDrive\Documentos\Maestria\2025S\Phonetics TeamLab\ALC\ses2006,0082006004_h_00.wav,N,0.0,SOBER,004,004
c:\Users\nagap\OneDrive\Documentos\Maestria\2025S\Phonetics TeamLab\ALC\ses2006,0082006005_h_00.wav,N,0.0,SOBER,005,005
c:\Users\nagap\OneDrive\Documentos\Maestria\2025S\Phonetics TeamLab\ALC\ses2006,0082006006_h_00.wav,N,0.0,SOBER,006,006
c:\Users\nagap\OneDrive\Documentos\Maestria\2025S\Phonetics TeamLab\ALC\ses2006,0082006007_h_00.wav,N,0.0,SOBER,007,007
c:\Users\nagap\OneDrive\Documentos\Maestria\2025S\Phonetics TeamLab\ALC\ses2006,0082006008_h_00.wav,N,0.0,SOBER,008,008
c:\Users\nagap\OneDrive\Documentos\Maestria\2025S\Phonetics TeamLab\ALC\ses2006,0082006009_h_00.wav,N,0.0,SOBER,009,009
c:\Users\nagap\OneDrive\Documentos\Maestria\2025S\Phonetics TeamLab\ALC\ses2006,0082006010_h_00.wav,N,0.0,SOBER,010,010
c:\Users\nagap\OneDrive\Documentos\Maestria\2025S\Phonetics TeamLab\ALC\ses2006,0082006011_h_00.wav,N,0.0,SOBER,011,011
c:\Users\nagap\OneDrive\Documentos\Maestria\2025S\Phonetics TeamLab\ALC\ses2006,0082006012_h_00.wav,N,0.0,SOBER,012,012
c:\Users\nagap\OneDrive\Documentos\Maestria\2025S\Phonetics TeamLab\ALC\ses2006,0082006013_h_00.wav,N,0.0,SOBER,013,013
c:\Users\nagap\OneDrive\Documentos\Maestria\2025S\Phonetics TeamLab\ALC\ses2006,0082006014_h_00.wav,N,0.0,SOBER,014,014
c:\Users\nagap\OneDrive\Documentos\Maestria\2025S\Phonetics TeamLab\ALC\ses2006,0082006015_h_00.wav,N,0.0,SOBER,015,015
c:\Users\nagap\OneDrive\Documentos\Maestria\2025S\Phonetics TeamLab\ALC\ses2006,0082006016_h_00.wav,N,0.0,SOBER,016,016
c:\Users\nagap\OneDrive\Documentos\Maestria\2025S\Phonetics TeamLab\ALC\ses2006,0082006017_h_00.wav,N,0.0,SOBER,017,017
c:\Users\nagap\OneDrive\Documentos\Maestria\2025S\Phonetics TeamLab\ALC\ses2006,0082006018_h_00.wav,N,0.0,SOBER,018,018
c:\Users\nagap\OneDrive\Documentos\Maestria\2025S\Phonetics TeamLab\ALC\ses2006,0082006019_h_00.wav,N,0.0,SOBER,019,019
c:\Users\nagap\OneDrive\Documentos\Maestria\2025S\Phonetics TeamLab\ALC\ses2006,0082006020_h_00.wav,N,0.0,SOBER,020,020
c:\Users\nagap\OneDrive\Documentos\Maestria\2025S\Phonetics TeamLab\ALC\ses2006,0082006021_h_00.wav,N,0.0,SOBER,021,021
c:\Users\nagap\OneDrive\Documentos\Maestria\2025S\Phonetics TeamLab\ALC\ses2006,0082006022_h_00.wav,N,0.0,SOBER,022,022
c:\Users\nagap\OneDrive\Documentos\Maestria\2025S\Phonetics TeamLab\ALC\ses2006,0082006023_h_00.wav,N,0.0,SOBER,023,023
c:\Users\nagap\OneDrive\Documentos\Maestria\2025S\Phonetics TeamLab\ALC\ses2006,0082006024_h_00.wav,N,0.0,SOBER,024,024
c:\Users\nagap\OneDrive\Documentos\Maestria\2025S\Phonetics TeamLab\ALC\ses2006,0082006025_h_00.wav,N,0.0,SOBER,025,025
c:\Users\nagap\OneDrive\Documentos\Maestria\2025S\Phonetics TeamLab\ALC\ses2006,0082006026_h_00.wav,N,0.0,SOBER,026,026
c:\Users\nagap\OneDrive\Documentos\Maestria\2025S\Phonetics TeamLab\ALC\ses2006,0082006027_h_00.wav,N,0.0,SOBER,027,027
c:\Users\nagap\OneDrive\Documentos\Maestria\2025S\Phonetics TeamLab\ALC\ses2006,0082006028_h_00.wav,N,0.0,SOBER,028,028
c:\Users\nagap\OneDrive\Documentos\Maestria\2025S\Phonetics TeamLab\ALC\ses2006,0082006029_h_00.wav,N,0.0,SOBER,029,029
c:\Users\nagap\OneDrive\Documentos\Maestria\2025S\Phonetics TeamLab\ALC\ses2006,0082006030_h_00.wav,N,0.0,SOBER,030,030
c:\Users\nagap\OneDrive\Documentos\Maestria\2025S\Phonetics TeamLab\ALC\ses2006,0082006031_h_00.wav,N,0.0,SOBER,031,031
c:\Users\nagap\OneDrive\Documentos\Maestria\2025S\Phonetics TeamLab\ALC\ses2006,0082006032_h_00.wav,N,0.0,SOBER,032,032
c:\Users\nagap\OneDrive\Documentos\Maestria\2025S\Phonetics TeamLab\ALC\ses2006,0082006033_h_00.wav,N,0.0,SOBER,033,033
c:\Users\nagap\OneDrive\Documentos\Maestria\2025S\Phonetics TeamLab\ALC\ses2006,0082006034_h_00.wav,N,0.0,SOBER,034,034
c:\Users\nagap\OneDrive\Documentos\Maestria\2025S\Phonetics TeamLab\ALC\ses2006,0082006035_h_00.wav,N,0.0,SOBER,035,035
c:\Users\nagap\OneDrive\Documentos\Maestria\2025S\Phonetics TeamLab\ALC\ses2006,0082006036_h_00.wav,N,0.0,SOBER,036,036
c:\Users\nagap\OneDrive\Documentos\Maestria\2025S\Phonetics TeamLab\ALC\ses2006,0082006037_h_00.wav,N,0.0,SOBER,037,037
c:\Users\nagap\OneDrive\Documentos\Maestria\2025S\Phonetics TeamLab\ALC\ses2006,0082006038_h_00.wav,N,0.0,SOBER,038,038
c:\Users\nagap\OneDrive\Documentos\Maestria\2025S\Phonetics TeamLab\ALC\ses2006,0082006039_h_00.wav,N,0.0,SOBER,039,039
c:\Users\nagap\OneDrive\Documentos\Maestria\2025S\Phonetics TeamLab\ALC\ses2006,0082006040_h_00.wav,N,0.0,SOBER,040,040
c:\Users\nagap\OneDrive\Documentos\Maestria\2025S\Phonetics TeamLab\ALC\ses2006,0082006041_h_00.wav,N,0.0,SOBER,041,041
c:\Users\nagap\OneDrive\Documentos\Maestria\2025S\Phonetics TeamLab\ALC\ses2006,0082006042_h_00.wav,N,0.0,SOBER,042,042
c:\Users\nagap\OneDrive\Documentos\Maestria\2025S\Phonetics TeamLab\ALC\ses2006,0082006043_h_00.wav,N,0.0,SOBER,043,043
c:\Users\nagap\OneDrive\Documentos\Maestria\2025S\Phonetics TeamLab\ALC\ses2006,0082006044_h_00.wav,N,0.0,SOBER,044,044
c:\Users\nagap\OneDrive\Documentos\Maestria\2025S\Phonetics TeamLab\ALC\ses2006,0082006045_h_00.wav,N,0.0,SOBER,045,045
c:\Users\nagap\OneDrive\Documentos\Maestria\2025S\Phonetics TeamLab\ALC\ses2006,0082006046_h_00.wav,N,0.0,SOBER,046,046
c:\Users\nagap\OneDrive\Documentos\Maestria\2025S\Phonetics TeamLab\ALC\ses2006,0082006047_h_00.wav,N,0.0,SOBER,047,047
c:\Users\nagap\OneDrive\Documentos\Maestria\2025S\Phonetics TeamLab\ALC\ses2006,0082006048_h_00.wav,N,0.0,SOBER,048,048
c:\Users\nagap\OneDrive\Documentos\Maestria\2025S\Phonetics TeamLab\ALC\ses2006,0082006049_h_00.wav,N,0.0,SOBER,049,049
c:\Users\nagap\OneDrive\Documentos\Maestria\2025S\Phonetics TeamLab\ALC\ses2006,0082006050_h_00.wav,N,0.0,SOBER,050,050
c:\Users\nagap\OneDrive\Documentos\Maestria\2025S\Phonetics TeamLab\ALC\ses2006,0082006051_h_00.wav,N,0.0,SOBER,051,051
c:\Users\nagap\OneDrive\Documentos\Maestria\2025S\Phonetics TeamLab\ALC\ses2006,0082006052_h_00.wav,N,0.0,SOBER,052,052
c:\Users\nagap\OneDrive\Documentos\Maestria\2025S\Phonetics TeamLab\ALC\ses2006,0082006053_h_00.wav,N,0.0,SOBER,053,053
c:\Users\nagap\OneDrive\Documentos\Maestria\2025S\Phonetics TeamLab\ALC\ses2006,0082006054_h_00.wav,N,0.0,SOBER,054,054
c:\Users\nagap\OneDrive\Documentos\Maestria\2025S\Phonetics TeamLab\ALC\ses2006,0082006055_h_00.wav,N,0.0,SOBER,055,055
c:\Users\nagap\OneDrive\Documentos\Maestria\2025S\Phonetics TeamLab\ALC\ses2006,0082006056_h_00.wav,N,0.0,SOBER,056,056
c:\Users\nagap\OneDrive\Documentos\Maestria\2025S\Phonetics TeamLab\ALC\ses2006,0082006057_h_00.wav,N,0.0,SOBER,057,057
c:\Users\nagap\OneDrive\Documentos\Maestria\2025S\Phonetics TeamLab\ALC\ses2006,0082006058_h_00.wav,N,0.0,SOBER,058,058
c:\Users\nagap\OneDrive\Documentos\Maestria\2025S\Phonetics TeamLab\ALC\ses2006,0082006059_h_00.wav,N,0.0,SOBER,059,059
c:\Users\nagap\OneDrive\Documentos\Maestria\2025S\Phonetics TeamLab\ALC\ses2006,0082006060_h_00.wav,N,0.0,SOBER,060,060
c:\Users\nagap\OneDrive\Documentos\Maestria\2025S\Phonetics TeamLab\ALC\ses3075,5743075001_h_00.wav,A,0.00093,DRUNK,001,001
c:\Users\nagap\OneDrive\Documentos\Maestria\2025S\Phonetics TeamLab\ALC\ses3075,5743075002_h_00.wav,A,0.00093,DRUNK,002,034
c:\Users\nagap\OneDrive\Documentos\Maestria\2025S\Phonetics TeamLab\ALC\ses3075,5743075003_h_00.wav,A,0.00093,DRUNK,003,032
c:\Users\nagap\OneDrive\Documentos\Maestria\2025S\Phonetics TeamLab\ALC\ses3075,5743075004_h_00.wav,A,0.00093,DRUNK,004,061
c:\Users\nagap\OneDrive\Documentos\Maestria\2025S\Phonetics TeamLab\ALC\ses3075,5743075005_h_00.wav,A,0.00093,DRUNK,005,030
c:\Users\nagap\OneDrive\Documentos\Maestria\2025S\Phonetics TeamLab\ALC\ses3075,5743075006_h_00.wav,A,0.00093,DRUNK,006,026
c:\Users\nagap\OneDrive\Documentos\Maestria\2025S\Phonetics TeamLab\ALC\ses3075,5743075007_h_00.wav,A,0.00093,DRUNK,007,023
c:\Users\nagap\OneDrive\Documentos\Maestria\2025S\Phonetics TeamLab\ALC\ses3075,5743075008_h_00.wav,A,0.00093,DRUNK,008,008
c:\Users\nagap\OneDrive\Documentos\Maestria\2025S\Phonetics TeamLab\ALC\ses3075,5743075009_h_00.wav,A,0.00093,DRUNK,009,029
c:\Users\nagap\OneDrive\Documentos\Maestria\2025S\Phonetics TeamLab\ALC\ses3075,5743075010_h_00.wav,A,0.00093,DRUNK,010,010
c:\Users\nagap\OneDrive\Documentos\Maestria\2025S\Phonetics TeamLab\ALC\ses3075,5743075011_h_00.wav,A,0.00093,DRUNK,011,031
c:\Users\nagap\OneDrive\Documentos\Maestria\2025S\Phonetics TeamLab\ALC\ses3075,5743075012_h_00.wav,A,0.00093,DRUNK,012,012
c:\Users\nagap\OneDrive\Documentos\Maestria\2025S\Phonetics TeamLab\ALC\ses3075,5743075013_h_00.wav,A,0.00093,DRUNK,013,013
c:\Users\nagap\OneDrive\Documentos\Maestria\2025S\Phonetics TeamLab\ALC\ses3075,5743075014_h_00.wav,A,0.00093,DRUNK,014,014
c:\Users\nagap\OneDrive\Documentos\Maestria\2025S\Phonetics TeamLab\ALC\ses3075,5743075015_h_00.wav,A,0.00093,DRUNK,015,015
c:\Users\nagap\OneDrive\Documentos\Maestria\2025S\Phonetics TeamLab\ALC\ses3075,5743075016_h_00.wav,A,0.00093,DRUNK,016,036
c:\Users\nagap\OneDrive\Documentos\Maestria\2025S\Phonetics TeamLab\ALC\ses3075,5743075017_h_00.wav,A,0.00093,DRUNK,017,024
c:\Users\nagap\OneDrive\Documentos\Maestria\2025S\Phonetics TeamLab\ALC\ses3075,5743075018_h_00.wav,A,0.00093,DRUNK,018,038
c:\Users\nagap\OneDrive\Documentos\Maestria\2025S\Phonetics TeamLab\ALC\ses3075,5743075019_h_00.wav,A,0.00093,DRUNK,019,019
c:\Users\nagap\OneDrive\Documentos\Maestria\2025S\Phonetics TeamLab\ALC\ses3075,5743075020_h_00.wav,A,0.00093,DRUNK,020,020
c:\Users\nagap\OneDrive\Documentos\Maestria\2025S\Phonetics TeamLab\ALC\ses3075,5743075021_h_00.wav,A,0.00093,DRUNK,021,041
c:\Users\nagap\OneDrive\Documentos\Maestria\2025S\Phonetics TeamLab\ALC\ses3075,5743075022_h_00.wav,A,0.00093,DRUNK,022,042
c:\Users\nagap\OneDrive\Documentos\Maestria\2025S\Phonetics TeamLab\ALC\ses3075,5743075023_h_00.wav,A,0.00093,DRUNK,023,059
c:\Users\nagap\OneDrive\Documentos\Maestria\2025S\Phonetics TeamLab\ALC\ses3075,5743075024_h_00.wav,A,0.00093,DRUNK,024,051
c:\Users\nagap\OneDrive\Documentos\Maestria\2025S\Phonetics TeamLab\ALC\ses3075,5743075025_h_00.wav,A,0.00093,DRUNK,025,046
c:\Users\nagap\OneDrive\Documentos\Maestria\2025S\Phonetics TeamLab\ALC\ses3075,5743075026_h_00.wav,A,0.00093,DRUNK,026,055
c:\Users\nagap\OneDrive\Documentos\Maestria\2025S\Phonetics TeamLab\ALC\ses3075,5743075027_h_00.wav,A,0.00093,DRUNK,027,048
c:\Users\nagap\OneDrive\Documentos\Maestria\2025S\Phonetics TeamLab\ALC\ses3075,5743075028_h_00.wav,A,0.00093,DRUNK,028,049
c:\Users\nagap\OneDrive\Documentos\Maestria\2025S\Phonetics TeamLab\ALC\ses3075,5743075029_h_00.wav,A,0.00093,DRUNK,029,050
c:\Users\nagap\OneDrive\Documentos\Maestria\2025S\Phonetics TeamLab\ALC\ses3075,5743075030_h_00.wav,A,0.00093,DRUNK,030,060
c:\Users\nagap\OneDrive\Documentos\Maestria\2025S\Phonetics TeamLab\ALC\ses4056,5744056001_h_00.wav,N,0.0,SOBER,001,001
c:\Users\nagap\OneDrive\Documentos\Maestria\2025S\Phonetics TeamLab\ALC\ses4056,5744056002_h_00.wav,N,0.0,SOBER,002,002
c:\Users\nagap\OneDrive\Documentos\Maestria\2025S\Phonetics TeamLab\ALC\ses4056,5744056003_h_00.wav,N,0.0,SOBER,003,003
c:\Users\nagap\OneDrive\Documentos\Maestria\2025S\Phonetics TeamLab\ALC\ses4056,5744056004_h_00.wav,N,0.0,SOBER,004,004
c:\Users\nagap\OneDrive\Documentos\Maestria\2025S\Phonetics TeamLab\ALC\ses4056,5744056005_h_00.wav,N,0.0,SOBER,005,005
c:\Users\nagap\OneDrive\Documentos\Maestria\2025S\Phonetics TeamLab\ALC\ses4056,5744056006_h_00.wav,N,0.0,SOBER,006,006
c:\Users\nagap\OneDrive\Documentos\Maestria\2025S\Phonetics TeamLab\ALC\ses4056,5744056007_h_00.wav,N,0.0,SOBER,007,007
c:\Users\nagap\OneDrive\Documentos\Maestria\2025S\Phonetics TeamLab\ALC\ses4056,5744056008_h_00.wav,N,0.0,SOBER,008,008
c:\Users\nagap\OneDrive\Documentos\Maestria\2025S\Phonetics TeamLab\ALC\ses4056,5744056009_h_00.wav,N,0.0,SOBER,009,009
c:\Users\nagap\OneDrive\Documentos\Maestria\2025S\Phonetics TeamLab\ALC\ses4056,5744056010_h_00.wav,N,0.0,SOBER,010,010
c:\Users\nagap\OneDrive\Documentos\Maestria\2025S\Phonetics TeamLab\ALC\ses4056,5744056011_h_00.wav,N,0.0,SOBER,011,011
c:\Users\nagap\OneDrive\Documentos\Maestria\2025S\Phonetics TeamLab\ALC\ses4056,5744056012_h_00.wav,N,0.0,SOBER,012,012
c:\Users\nagap\OneDrive\Documentos\Maestria\2025S\Phonetics TeamLab\ALC\ses4056,5744056013_h_00.wav,N,0.0,SOBER,013,013
c:\Users\nagap\OneDrive\Documentos\Maestria\2025S\Phonetics TeamLab\ALC\ses4056,5744056014_h_00.wav,N,0.0,SOBER,014,014
c:\Users\nagap\OneDrive\Documentos\Maestria\2025S\Phonetics TeamLab\ALC\ses4056,5744056015_h_00.wav,N,0.0,SOBER,015,015
c:\Users\nagap\OneDrive\Documentos\Maestria\2025S\Phonetics TeamLab\ALC\ses4056,5744056016_h_00.wav,N,0.0,SOBER,016,016
c:\Users\nagap\OneDrive\Documentos\Maestria\2025S\Phonetics TeamLab\ALC\ses4056,5744056017_h_00.wav,N,0.0,SOBER,017,017
c:\Users\nagap\OneDrive\Documentos\Maestria\2025S\Phonetics TeamLab\ALC\ses4056,5744056018_h_00.wav,N,0.0,SOBER,018,018
c:\Users\nagap\OneDrive\Documentos\Maestria\2025S\Phonetics TeamLab\ALC\ses4056,5744056019_h_00.wav,N,0.0,SOBER,019,019
c:\Users\nagap\OneDrive\Documentos\Maestria\2025S\Phonetics TeamLab\ALC\ses4056,5744056020_h_00.wav,N,0.0,SOBER,020,020
c:\Users\nagap\OneDrive\Documentos\Maestria\2025S\Phonetics TeamLab\ALC\ses4056,5744056021_h_00.wav,N,0.0,SOBER,021,021
c:\Users\nagap\OneDrive\Documentos\Maestria\2025S\Phonetics TeamLab\ALC\ses4056,5744056022_h_00.wav,N,0.0,SOBER,022,022
c:\Users\nagap\OneDrive\Documentos\Maestria\2025S\Phonetics TeamLab\ALC\ses4056,5744056023_h_00.wav,N,0.0,SOBER,023,023
c:\Users\nagap\OneDrive\Documentos\Maestria\2025S\Phonetics TeamLab\ALC\ses4056,5744056024_h_00.wav,N,0.0,SOBER,024,024
c:\Users\nagap\OneDrive\Documentos\Maestria\2025S\Phonetics TeamLab\ALC\ses4056,5744056025_h_00.wav,N,0.0,SOBER,025,025
c:\Users\nagap\OneDrive\Documentos\Maestria\2025S\Phonetics TeamLab\ALC\ses4056,5744056026_h_00.wav,N,0.0,SOBER,026,026
c:\Users\nagap\OneDrive\Documentos\Maestria\2025S\Phonetics TeamLab\ALC\ses4056,5744056027_h_00.wav,N,0.0,SOBER,027,027
c:\Users\nagap\OneDrive\Documentos\Maestria\2025S\Phonetics TeamLab\ALC\ses4056,5744056028_h_00.wav,N,0.0,SOBER,028,028
c:\Users\nagap\OneDrive\Documentos\Maestria\2025S\Phonetics TeamLab\ALC\ses4056,5744056029_h_00.wav,N,0.0,SOBER,029,029
c:\Users\nagap\OneDrive\Documentos\Maestria\2025S\Phonetics TeamLab\ALC\ses4056,5744056030_h_00.wav,N,0.0,SOBER,030,030
c:\Users\nagap\OneDrive\Documentos\Maestria\2025S\Phonetics TeamLab\ALC\ses4056,5744056031_h_00.wav,N,0.0,SOBER,031,031
c:\Users\nagap\OneDrive\Documentos\Maestria\2025S\Phonetics TeamLab\ALC\ses4056,5744056032_h_00.wav,N,0.0,SOBER,032,032
c:\Users\nagap\OneDrive\Documentos\Maestria\2025S\Phonetics TeamLab\ALC\ses4056,5744056033_h_00.wav,N,0.0,SOBER,033,033
c:\Users\nagap\OneDrive\Documentos\Maestria\2025S\Phonetics TeamLab\ALC\ses4056,5744056034_h_00.wav,N,0.0,SOBER,034,034
c:\Users\nagap\OneDrive\Documentos\Maestria\2025S\Phonetics TeamLab\ALC\ses4056,5744056035_h_00.wav,N,0.0,SOBER,035,035
c:\Users\nagap\OneDrive\Documentos\Maestria\2025S\Phonetics TeamLab\ALC\ses4056,5744056036_h_00.wav,N,0.0,SOBER,036,036
c:\Users\nagap\OneDrive\Documentos\Maestria\2025S\Phonetics TeamLab\ALC\ses4056,5744056037_h_00.wav,N,0.0,SOBER,037,037
c:\Users\nagap\OneDrive\Documentos\Maestria\2025S\Phonetics TeamLab\ALC\ses4056,5744056038_h_00.wav,N,0.0,SOBER,038,038
c:\Users\nagap\OneDrive\Documentos\Maestria\2025S\Phonetics TeamLab\ALC\ses4056,5744056039_h_00.wav,N,0.0,SOBER,039,039
c:\Users\nagap\OneDrive\Documentos\Maestria\2025S\Phonetics TeamLab\ALC\ses4056,5744056040_h_00.wav,N,0.0,SOBER,040,040
c:\Users\nagap\OneDrive\Documentos\Maestria\2025S\Phonetics TeamLab\ALC\ses4056,5744056041_h_00.wav,N,0.0,SOBER,041,041
c:\Users\nagap\OneDrive\Documentos\Maestria\2025S\Phonetics TeamLab\ALC\ses4056,5744056042_h_00.wav,N,0.0,SOBER,042,042
c:\Users\nagap\OneDrive\Documentos\Maestria\2025S\Phonetics TeamLab\ALC\ses4056,5744056043_h_00.wav,N,0.0,SOBER,043,043
c:\Users\nagap\OneDrive\Documentos\Maestria\2025S\Phonetics TeamLab\ALC\ses4056,5744056044_h_00.wav,N,0.0,SOBER,044,044
c:\Users\nagap\OneDrive\Documentos\Maestria\2025S\Phonetics TeamLab\ALC\ses4056,5744056045_h_00.wav,N,0.0,SOBER,045,045
c:\Users\nagap\OneDrive\Documentos\Maestria\2025S\Phonetics TeamLab\ALC\ses4056,5744056046_h_00.wav,N,0.0,SOBER,046,046
c:\Users\nagap\OneDrive\Documentos\Maestria\2025S\Phonetics TeamLab\ALC\ses4056,5744056047_h_00.wav,N,0.0,SOBER,047,047
c:\Users\nagap\OneDrive\Documentos\Maestria\2025S\Phonetics TeamLab\ALC\ses4056,5744056048_h_00.wav,N,0.0,SOBER,048,048
c:\Users\nagap\OneDrive\Documentos\Maestria\2025S\Phonetics TeamLab\ALC\ses4056,5744056049_h_00.wav,N,0.0,SOBER,049,049
c:\Users\nagap\OneDrive\Documentos\Maestria\2025S\Phonetics TeamLab\ALC\ses4056,5744056050_h_00.wav,N,0.0,SOBER,050,050
c:\Users\nagap\OneDrive\Documentos\Maestria\2025S\Phonetics TeamLab\ALC\ses4056,5744056051_h_00.wav,N,0.0,SOBER,051,051
c:\Users\nagap\OneDrive\Documentos\Maestria\2025S\Phonetics TeamLab\ALC\ses4056,5744056052_h_00.wav,N,0.0,SOBER,052,052
c:\Users\nagap\OneDrive\Documentos\Maestria\2025S\Phonetics TeamLab\ALC\ses4056,5744056053_h_00.wav,N,0.0,SOBER,053,053
c:\Users\nagap\OneDrive\Documentos\Maestria\2025S\Phonetics TeamLab\ALC\ses4056,5744056054_h_00.wav,N,0.0,SOBER,054,054
c:\Users\nagap\OneDrive\Documentos\Maestria\2025S\Phonetics TeamLab\ALC\ses4056,5744056055_h_00.wav,N,0.0,SOBER,055,055
c:\Users\nagap\OneDrive\Documentos\Maestria\2025S\Phonetics TeamLab\ALC\ses4056,5744056056_h_00.wav,N,0.0,SOBER,056,056
c:\Users\nagap\OneDrive\Documentos\Maestria\2025S\Phonetics TeamLab\ALC\ses4056,5744056057_h_00.wav,N,0.0,SOBER,057,057
c:\Users\nagap\OneDrive\Documentos\Maestria\2025S\Phonetics TeamLab\ALC\ses4056,5744056058_h_00.wav,N,0.0,SOBER,058,058
c:\Users\nagap\OneDrive\Documentos\Maestria\2025S\Phonetics TeamLab\ALC\ses4056,5744056059_h_00.wav,N,0.0,SOBER,059,059
c:\Users\nagap\OneDrive\Documentos\Maestria\2025S\Phonetics TeamLab\ALC\ses4056,5744056060_h_00.wav,N,0.0,SOBER,060,060
c:\Users\nagap\OneDrive\Documentos\Maestria\2025S\Phonetics TeamLab\ALC\ses1054,0531054001_h_00.wav,A,0.00076,DRUNK,001,001
c:\Users\nagap\OneDrive\Documentos\Maestria\2025S\Phonetics TeamLab\ALC\ses1054,0531054002_h_00.wav,A,0.00076,DRUNK,002,034
c:\Users\nagap\OneDrive\Documentos\Maestria\2025S\Phonetics TeamLab\ALC\ses1054,0531054003_h_00.wav,A,0.00076,DRUNK,003,032
c:\Users\nagap\OneDrive\Documentos\Maestria\2025S\Phonetics TeamLab\ALC\ses1054,0531054004_h_00.wav,A,0.00076,DRUNK,004,061
c:\Users\nagap\OneDrive\Documentos\Maestria\2025S\Phonetics TeamLab\ALC\ses1054,0531054005_h_00.wav,A,0.00076,DRUNK,005,030
c:\Users\nagap\OneDrive\Documentos\Maestria\2025S\Phonetics TeamLab\ALC\ses1054,0531054006_h_00.wav,A,0.00076,DRUNK,006,026
c:\Users\nagap\OneDrive\Documentos\Maestria\2025S\Phonetics TeamLab\ALC\ses1054,0531054007_h_00.wav,A,0.00076,DRUNK,007,023
c:\Users\nagap\OneDrive\Documentos\Maestria\2025S\Phonetics TeamLab\ALC\ses1054,0531054008_h_00.wav,A,0.00076,DRUNK,008,008
c:\Users\nagap\OneDrive\Documentos\Maestria\2025S\Phonetics TeamLab\ALC\ses1054,0531054009_h_00.wav,A,0.00076,DRUNK,009,029
c:\Users\nagap\OneDrive\Documentos\Maestria\2025S\Phonetics TeamLab\ALC\ses1054,0531054010_h_00.wav,A,0.00076,DRUNK,010,010
c:\Users\nagap\OneDrive\Documentos\Maestria\2025S\Phonetics TeamLab\ALC\ses1054,0531054011_h_00.wav,A,0.00076,DRUNK,011,031
c:\Users\nagap\OneDrive\Documentos\Maestria\2025S\Phonetics TeamLab\ALC\ses1054,0531054012_h_00.wav,A,0.00076,DRUNK,012,012
c:\Users\nagap\OneDrive\Documentos\Maestria\2025S\Phonetics TeamLab\ALC\ses1054,0531054013_h_00.wav,A,0.00076,DRUNK,013,013
c:\Users\nagap\OneDrive\Documentos\Maestria\2025S\Phonetics TeamLab\ALC\ses1054,0531054014_h_00.wav,A,0.00076,DRUNK,014,014
c:\Users\nagap\OneDrive\Documentos\Maestria\2025S\Phonetics TeamLab\ALC\ses1054,0531054015_h_00.wav,A,0.00076,DRUNK,015,015
c:\Users\nagap\OneDrive\Documentos\Maestria\2025S\Phonetics TeamLab\ALC\ses1054,0531054016_h_00.wav,A,0.00076,DRUNK,016,036
c:\Users\nagap\OneDrive\Documentos\Maestria\2025S\Phonetics TeamLab\ALC\ses1054,0531054017_h_00.wav,A,0.00076,DRUNK,017,024
c:\Users\nagap\OneDrive\Documentos\Maestria\2025S\Phonetics TeamLab\ALC\ses1054,0531054018_h_00.wav,A,0.00076,DRUNK,018,038
c:\Users\nagap\OneDrive\Documentos\Maestria\2025S\Phonetics TeamLab\ALC\ses1054,0531054019_h_00.wav,A,0.00076,DRUNK,019,019
c:\Users\nagap\OneDrive\Documentos\Maestria\2025S\Phonetics TeamLab\ALC\ses1054,0531054020_h_00.wav,A,0.00076,DRUNK,020,020
c:\Users\nagap\OneDrive\Documentos\Maestria\2025S\Phonetics TeamLab\ALC\ses1054,0531054021_h_00.wav,A,0.00076,DRUNK,021,041
c:\Users\nagap\OneDrive\Documentos\Maestria\2025S\Phonetics TeamLab\ALC\ses1054,0531054022_h_00.wav,A,0.00076,DRUNK,022,042
c:\Users\nagap\OneDrive\Documentos\Maestria\2025S\Phonetics TeamLab\ALC\ses1054,0531054023_h_00.wav,A,0.00076,DRUNK,023,059
c:\Users\nagap\OneDrive\Documentos\Maestria\2025S\Phonetics TeamLab\ALC\ses1054,0531054024_h_00.wav,A,0.00076,DRUNK,024,051
c:\Users\nagap\OneDrive\Documentos\Maestria\2025S\Phonetics TeamLab\ALC\ses1054,0531054025_h_00.wav,A,0.00076,DRUNK,025,046
c:\Users\nagap\OneDrive\Documentos\Maestria\2025S\Phonetics TeamLab\ALC\ses1054,0531054026_h_00.wav,A,0.00076,DRUNK,026,055
c:\Users\nagap\OneDrive\Documentos\Maestria\2025S\Phonetics TeamLab\ALC\ses1054,0531054027_h_00.wav,A,0.00076,DRUNK,027,048
c:\Users\nagap\OneDrive\Documentos\Maestria\2025S\Phonetics TeamLab\ALC\ses1054,0531054028_h_00.wav,A,0.00076,DRUNK,028,049
c:\Users\nagap\OneDrive\Documentos\Maestria\2025S\Phonetics TeamLab\ALC\ses1054,0531054029_h_00.wav,A,0.00076,DRUNK,029,050
c:\Users\nagap\OneDrive\Documentos\Maestria\2025S\Phonetics TeamLab\ALC\ses1054,0531054030_h_00.wav,A,0.00076,DRUNK,030,060
c:\Users\nagap\OneDrive\Documentos\Maestria\2025S\Phonetics TeamLab\ALC\ses2038,0532038001_h_00.wav,N,0.0,SOBER,001,001
c:\Users\nagap\OneDrive\Documentos\Maestria\2025S\Phonetics TeamLab\ALC\ses2038,0532038002_h_00.wav,N,0.0,SOBER,002,002
c:\Users\nagap\OneDrive\Documentos\Maestria\2025S\Phonetics TeamLab\ALC\ses2038,0532038003_h_00.wav,N,0.0,SOBER,003,003
c:\Users\nagap\OneDrive\Documentos\Maestria\2025S\Phonetics TeamLab\ALC\ses2038,0532038004_h_00.wav,N,0.0,SOBER,004,004
c:\Users\nagap\OneDrive\Documentos\Maestria\2025S\Phonetics TeamLab\ALC\ses2038,0532038005_h_00.wav,N,0.0,SOBER,005,005
c:\Users\nagap\OneDrive\Documentos\Maestria\2025S\Phonetics TeamLab\ALC\ses2038,0532038006_h_00.wav,N,0.0,SOBER,006,006
c:\Users\nagap\OneDrive\Documentos\Maestria\2025S\Phonetics TeamLab\ALC\ses2038,0532038007_h_00.wav,N,0.0,SOBER,007,007
c:\Users\nagap\OneDrive\Documentos\Maestria\2025S\Phonetics TeamLab\ALC\ses2038,0532038008_h_00.wav,N,0.0,SOBER,008,008
c:\Users\nagap\OneDrive\Documentos\Maestria\2025S\Phonetics TeamLab\ALC\ses2038,0532038009_h_00.wav,N,0.0,SOBER,009,009
c:\Users\nagap\OneDrive\Documentos\Maestria\2025S\Phonetics TeamLab\ALC\ses2038,0532038010_h_00.wav,N,0.0,SOBER,010,010
c:\Users\nagap\OneDrive\Documentos\Maestria\2025S\Phonetics TeamLab\ALC\ses2038,0532038011_h_00.wav,N,0.0,SOBER,011,011
c:\Users\nagap\OneDrive\Documentos\Maestria\2025S\Phonetics TeamLab\ALC\ses2038,0532038012_h_00.wav,N,0.0,SOBER,012,012
c:\Users\nagap\OneDrive\Documentos\Maestria\2025S\Phonetics TeamLab\ALC\ses2038,0532038013_h_00.wav,N,0.0,SOBER,013,013
c:\Users\nagap\OneDrive\Documentos\Maestria\2025S\Phonetics TeamLab\ALC\ses2038,0532038014_h_00.wav,N,0.0,SOBER,014,014
c:\Users\nagap\OneDrive\Documentos\Maestria\2025S\Phonetics TeamLab\ALC\ses2038,0532038015_h_00.wav,N,0.0,SOBER,015,015
c:\Users\nagap\OneDrive\Documentos\Maestria\2025S\Phonetics TeamLab\ALC\ses2038,0532038016_h_00.wav,N,0.0,SOBER,016,016
c:\Users\nagap\OneDrive\Documentos\Maestria\2025S\Phonetics TeamLab\ALC\ses2038,0532038017_h_00.wav,N,0.0,SOBER,017,017
c:\Users\nagap\OneDrive\Documentos\Maestria\2025S\Phonetics TeamLab\ALC\ses2038,0532038018_h_00.wav,N,0.0,SOBER,018,018
c:\Users\nagap\OneDrive\Documentos\Maestria\2025S\Phonetics TeamLab\ALC\ses2038,0532038019_h_00.wav,N,0.0,SOBER,019,019
c:\Users\nagap\OneDrive\Documentos\Maestria\2025S\Phonetics TeamLab\ALC\ses2038,0532038020_h_00.wav,N,0.0,SOBER,020,020
c:\Users\nagap\OneDrive\Documentos\Maestria\2025S\Phonetics TeamLab\ALC\ses2038,0532038021_h_00.wav,N,0.0,SOBER,021,021
c:\Users\nagap\OneDrive\Documentos\Maestria\2025S\Phonetics TeamLab\ALC\ses2038,0532038022_h_00.wav,N,0.0,SOBER,022,022
c:\Users\nagap\OneDrive\Documentos\Maestria\2025S\Phonetics TeamLab\ALC\ses2038,0532038023_h_00.wav,N,0.0,SOBER,023,023
c:\Users\nagap\OneDrive\Documentos\Maestria\2025S\Phonetics TeamLab\ALC\ses2038,0532038024_h_00.wav,N,0.0,SOBER,024,024
c:\Users\nagap\OneDrive\Documentos\Maestria\2025S\Phonetics TeamLab\ALC\ses2038,0532038025_h_00.wav,N,0.0,SOBER,025,025
c:\Users\nagap\OneDrive\Documentos\Maestria\2025S\Phonetics TeamLab\ALC\ses2038,0532038026_h_00.wav,N,0.0,SOBER,026,026
c:\Users\nagap\OneDrive\Documentos\Maestria\2025S\Phonetics TeamLab\ALC\ses2038,0532038027_h_00.wav,N,0.0,SOBER,027,027
c:\Users\nagap\OneDrive\Documentos\Maestria\2025S\Phonetics TeamLab\ALC\ses2038,0532038028_h_00.wav,N,0.0,SOBER,028,028
c:\Users\nagap\OneDrive\Documentos\Maestria\2025S\Phonetics TeamLab\ALC\ses2038,0532038029_h_00.wav,N,0.0,SOBER,029,029
c:\Users\nagap\OneDrive\Documentos\Maestria\2025S\Phonetics TeamLab\ALC\ses2038,0532038030_h_00.wav,N,0.0,SOBER,030,030
c:\Users\nagap\OneDrive\Documentos\Maestria\2025S\Phonetics TeamLab\ALC\ses2038,0532038031_h_00.wav,N,0.0,SOBER,031,031
c:\Users\nagap\OneDrive\Documentos\Maestria\2025S\Phonetics TeamLab\ALC\ses2038,0532038032_h_00.wav,N,0.0,SOBER,032,032
c:\Users\nagap\OneDrive\Documentos\Maestria\2025S\Phonetics TeamLab\ALC\ses2038,0532038033_h_00.wav,N,0.0,SOBER,033,033
c:\Users\nagap\OneDrive\Documentos\Maestria\2025S\Phonetics TeamLab\ALC\ses2038,0532038034_h_00.wav,N,0.0,SOBER,034,034
c:\Users\nagap\OneDrive\Documentos\Maestria\2025S\Phonetics TeamLab\ALC\ses2038,0532038035_h_00.wav,N,0.0,SOBER,035,035
c:\Users\nagap\OneDrive\Documentos\Maestria\2025S\Phonetics TeamLab\ALC\ses2038,0532038036_h_00.wav,N,0.0,SOBER,036,036
c:\Users\nagap\OneDrive\Documentos\Maestria\2025S\Phonetics TeamLab\ALC\ses2038,0532038037_h_00.wav,N,0.0,SOBER,037,037
c:\Users\nagap\OneDrive\Documentos\Maestria\2025S\Phonetics TeamLab\ALC\ses2038,0532038038_h_00.wav,N,0.0,SOBER,038,038
c:\Users\nagap\OneDrive\Documentos\Maestria\2025S\Phonetics TeamLab\ALC\ses2038,0532038039_h_00.wav,N,0.0,SOBER,039,039
c:\Users\nagap\OneDrive\Documentos\Maestria\2025S\Phonetics TeamLab\ALC\ses2038,0532038040_h_00.wav,N,0.0,SOBER,040,040
c:\Users\nagap\OneDrive\Documentos\Maestria\2025S\Phonetics TeamLab\ALC\ses2038,0532038041_h_00.wav,N,0.0,SOBER,041,041
c:\Users\nagap\OneDrive\Documentos\Maestria\2025S\Phonetics TeamLab\ALC\ses2038,0532038042_h_00.wav,N,0.0,SOBER,042,042
c:\Users\nagap\OneDrive\Documentos\Maestria\2025S\Phonetics TeamLab\ALC\ses2038,0532038043_h_00.wav,N,0.0,SOBER,043,043
c:\Users\nagap\OneDrive\Documentos\Maestria\2025S\Phonetics TeamLab\ALC\ses2038,0532038044_h_00.wav,N,0.0,SOBER,044,044
c:\Users\nagap\OneDrive\Documentos\Maestria\2025S\Phonetics TeamLab\ALC\ses2038,0532038045_h_00.wav,N,0.0,SOBER,045,045
c:\Users\nagap\OneDrive\Documentos\Maestria\2025S\Phonetics TeamLab\ALC\ses2038,0532038046_h_00.wav,N,0.0,SOBER,046,046
c:\Users\nagap\OneDrive\Documentos\Maestria\2025S\Phonetics TeamLab\ALC\ses2038,0532038047_h_00.wav,N,0.0,SOBER,047,047
c:\Users\nagap\OneDrive\Documentos\Maestria\2025S\Phonetics TeamLab\ALC\ses2038,0532038048_h_00.wav,N,0.0,SOBER,048,048
c:\Users\nagap\OneDrive\Documentos\Maestria\2025S\Phonetics TeamLab\ALC\ses2038,0532038049_h_00.wav,N,0.0,SOBER,049,049
c:\Users\nagap\OneDrive\Documentos\Maestria\2025S\Phonetics TeamLab\ALC\ses2038,0532038050_h_00.wav,N,0.0,SOBER,050,050
c:\Users\nagap\OneDrive\Documentos\Maestria\2025S\Phonetics TeamLab\ALC\ses2038,0532038051_h_00.wav,N,0.0,SOBER,051,051
c:\Users\nagap\OneDrive\Documentos\Maestria\2025S\Phonetics TeamLab\ALC\ses2038,0532038052_h_00.wav,N,0.0,SOBER,052,052
c:\Users\nagap\OneDrive\Documentos\Maestria\2025S\Phonetics TeamLab\ALC\ses2038,0532038053_h_00.wav,N,0.0,SOBER,053,053
c:\Users\nagap\OneDrive\Documentos\Maestria\2025S\Phonetics TeamLab\ALC\ses2038,0532038054_h_00.wav,N,0.0,SOBER,054,054
c:\Users\nagap\OneDrive\Documentos\Maestria\2025S\Phonetics TeamLab\ALC\ses2038,0532038055_h_00.wav,N,0.0,SOBER,055,055
c:\Users\nagap\OneDrive\Documentos\Maestria\2025S\Phonetics TeamLab\ALC\ses2038,0532038056_h_00.wav,N,0.0,SOBER,056,056
c:\Users\nagap\OneDrive\Documentos\Maestria\2025S\Phonetics TeamLab\ALC\ses2038,0532038057_h_00.wav,N,0.0,SOBER,057,057
c:\Users\nagap\OneDrive\Documentos\Maestria\2025S\Phonetics TeamLab\ALC\ses2038,0532038058_h_00.wav,N,0.0,SOBER,058,058
c:\Users\nagap\OneDrive\Documentos\Maestria\2025S\Phonetics TeamLab\ALC\ses2038,0532038059_h_00.wav,N,0.0,SOBER,059,059
c:\Users\nagap\OneDrive\Documentos\Maestria\2025S\Phonetics TeamLab\ALC\ses2038,0532038060_h_00.wav,N,0.0,SOBER,060,060
c:\Users\nagap\OneDrive\Documentos\Maestria\2025S\Phonetics TeamLab\ALC\ses1030,0291030001_h_00.wav,A,0.00147,DRUNK,001,001
c:\Users\nagap\OneDrive\Documentos\Maestria\2025S\Phonetics TeamLab\ALC\ses1030,0291030002_h_00.wav,A,0.00147,DRUNK,002,034
c:\Users\nagap\OneDrive\Documentos\Maestria\2025S\Phonetics TeamLab\ALC\ses1030,0291030003_h_00.wav,A,0.00147,DRUNK,003,032
c:\Users\nagap\OneDrive\Documentos\Maestria\2025S\Phonetics TeamLab\ALC\ses1030,0291030004_h_00.wav,A,0.00147,DRUNK,004,061
c:\Users\nagap\OneDrive\Documentos\Maestria\2025S\Phonetics TeamLab\ALC\ses1030,0291030005_h_00.wav,A,0.00147,DRUNK,005,030
c:\Users\nagap\OneDrive\Documentos\Maestria\2025S\Phonetics TeamLab\ALC\ses1030,0291030006_h_00.wav,A,0.00147,DRUNK,006,026
c:\Users\nagap\OneDrive\Documentos\Maestria\2025S\Phonetics TeamLab\ALC\ses1030,0291030007_h_00.wav,A,0.00147,DRUNK,007,023
c:\Users\nagap\OneDrive\Documentos\Maestria\2025S\Phonetics TeamLab\ALC\ses1030,0291030008_h_00.wav,A,0.00147,DRUNK,008,008
c:\Users\nagap\OneDrive\Documentos\Maestria\2025S\Phonetics TeamLab\ALC\ses1030,0291030009_h_00.wav,A,0.00147,DRUNK,009,029
c:\Users\nagap\OneDrive\Documentos\Maestria\2025S\Phonetics TeamLab\ALC\ses1030,0291030010_h_00.wav,A,0.00147,DRUNK,010,010
c:\Users\nagap\OneDrive\Documentos\Maestria\2025S\Phonetics TeamLab\ALC\ses1030,0291030011_h_00.wav,A,0.00147,DRUNK,011,031
c:\Users\nagap\OneDrive\Documentos\Maestria\2025S\Phonetics TeamLab\ALC\ses1030,0291030012_h_00.wav,A,0.00147,DRUNK,012,012
c:\Users\nagap\OneDrive\Documentos\Maestria\2025S\Phonetics TeamLab\ALC\ses1030,0291030013_h_00.wav,A,0.00147,DRUNK,013,013
c:\Users\nagap\OneDrive\Documentos\Maestria\2025S\Phonetics TeamLab\ALC\ses1030,0291030014_h_00.wav,A,0.00147,DRUNK,014,014
c:\Users\nagap\OneDrive\Documentos\Maestria\2025S\Phonetics TeamLab\ALC\ses1030,0291030015_h_00.wav,A,0.00147,DRUNK,015,015
c:\Users\nagap\OneDrive\Documentos\Maestria\2025S\Phonetics TeamLab\ALC\ses1030,0291030016_h_00.wav,A,0.00147,DRUNK,016,036
c:\Users\nagap\OneDrive\Documentos\Maestria\2025S\Phonetics TeamLab\ALC\ses1030,0291030017_h_00.wav,A,0.00147,DRUNK,017,024
c:\Users\nagap\OneDrive\Documentos\Maestria\2025S\Phonetics TeamLab\ALC\ses1030,0291030018_h_00.wav,A,0.00147,DRUNK,018,038
c:\Users\nagap\OneDrive\Documentos\Maestria\2025S\Phonetics TeamLab\ALC\ses1030,0291030019_h_00.wav,A,0.00147,DRUNK,019,019
c:\Users\nagap\OneDrive\Documentos\Maestria\2025S\Phonetics TeamLab\ALC\ses1030,0291030020_h_00.wav,A,0.00147,DRUNK,020,020
c:\Users\nagap\OneDrive\Documentos\Maestria\2025S\Phonetics TeamLab\ALC\ses1030,0291030021_h_00.wav,A,0.00147,DRUNK,021,041
c:\Users\nagap\OneDrive\Documentos\Maestria\2025S\Phonetics TeamLab\ALC\ses1030,0291030022_h_00.wav,A,0.00147,DRUNK,022,042
c:\Users\nagap\OneDrive\Documentos\Maestria\2025S\Phonetics TeamLab\ALC\ses1030,0291030023_h_00.wav,A,0.00147,DRUNK,023,059
c:\Users\nagap\OneDrive\Documentos\Maestria\2025S\Phonetics TeamLab\ALC\ses1030,0291030024_h_00.wav,A,0.00147,DRUNK,024,051
c:\Users\nagap\OneDrive\Documentos\Maestria\2025S\Phonetics TeamLab\ALC\ses1030,0291030025_h_00.wav,A,0.00147,DRUNK,025,046
c:\Users\nagap\OneDrive\Documentos\Maestria\2025S\Phonetics TeamLab\ALC\ses1030,0291030026_h_00.wav,A,0.00147,DRUNK,026,055
c:\Users\nagap\OneDrive\Documentos\Maestria\2025S\Phonetics TeamLab\ALC\ses1030,0291030027_h_00.wav,A,0.00147,DRUNK,027,048
c:\Users\nagap\OneDrive\Documentos\Maestria\2025S\Phonetics TeamLab\ALC\ses1030,0291030028_h_00.wav,A,0.00147,DRUNK,028,049
c:\Users\nagap\OneDrive\Documentos\Maestria\2025S\Phonetics TeamLab\ALC\ses1030,0291030029_h_00.wav,A,0.00147,DRUNK,029,050
c:\Users\nagap\OneDrive\Documentos\Maestria\2025S\Phonetics TeamLab\ALC\ses1030,0291030030_h_00.wav,A,0.00147,DRUNK,030,060
c:\Users\nagap\OneDrive\Documentos\Maestria\2025S\Phonetics TeamLab\ALC\ses2021,0292021001_h_00.wav,N,0.0,SOBER,001,001
c:\Users\nagap\OneDrive\Documentos\Maestria\2025S\Phonetics TeamLab\ALC\ses2021,0292021002_h_00.wav,N,0.0,SOBER,002,002
c:\Users\nagap\OneDrive\Documentos\Maestria\2025S\Phonetics TeamLab\ALC\ses2021,0292021003_h_01.wav,N,0.0,SOBER,003,003
c:\Users\nagap\OneDrive\Documentos\Maestria\2025S\Phonetics TeamLab\ALC\ses2021,0292021004_h_00.wav,N,0.0,SOBER,004,004
c:\Users\nagap\OneDrive\Documentos\Maestria\2025S\Phonetics TeamLab\ALC\ses2021,0292021005_h_00.wav,N,0.0,SOBER,005,005
c:\Users\nagap\OneDrive\Documentos\Maestria\2025S\Phonetics TeamLab\ALC\ses2021,0292021006_h_00.wav,N,0.0,SOBER,006,006
c:\Users\nagap\OneDrive\Documentos\Maestria\2025S\Phonetics TeamLab\ALC\ses2021,0292021007_h_00.wav,N,0.0,SOBER,007,007
c:\Users\nagap\OneDrive\Documentos\Maestria\2025S\Phonetics TeamLab\ALC\ses2021,0292021008_h_00.wav,N,0.0,SOBER,008,008
c:\Users\nagap\OneDrive\Documentos\Maestria\2025S\Phonetics TeamLab\ALC\ses2021,0292021009_h_00.wav,N,0.0,SOBER,009,009
c:\Users\nagap\OneDrive\Documentos\Maestria\2025S\Phonetics TeamLab\ALC\ses2021,0292021010_h_01.wav,N,0.0,SOBER,010,010
c:\Users\nagap\OneDrive\Documentos\Maestria\2025S\Phonetics TeamLab\ALC\ses2021,0292021011_h_00.wav,N,0.0,SOBER,011,011
c:\Users\nagap\OneDrive\Documentos\Maestria\2025S\Phonetics TeamLab\ALC\ses2021,0292021012_h_00.wav,N,0.0,SOBER,012,012
c:\Users\nagap\OneDrive\Documentos\Maestria\2025S\Phonetics TeamLab\ALC\ses2021,0292021013_h_00.wav,N,0.0,SOBER,013,013
c:\Users\nagap\OneDrive\Documentos\Maestria\2025S\Phonetics TeamLab\ALC\ses2021,0292021014_h_00.wav,N,0.0,SOBER,014,014
c:\Users\nagap\OneDrive\Documentos\Maestria\2025S\Phonetics TeamLab\ALC\ses2021,0292021015_h_00.wav,N,0.0,SOBER,015,015
c:\Users\nagap\OneDrive\Documentos\Maestria\2025S\Phonetics TeamLab\ALC\ses2021,0292021016_h_00.wav,N,0.0,SOBER,016,016
c:\Users\nagap\OneDrive\Documentos\Maestria\2025S\Phonetics TeamLab\ALC\ses2021,0292021017_h_00.wav,N,0.0,SOBER,017,017
c:\Users\nagap\OneDrive\Documentos\Maestria\2025S\Phonetics TeamLab\ALC\ses2021,0292021018_h_00.wav,N,0.0,SOBER,018,018
c:\Users\nagap\OneDrive\Documentos\Maestria\2025S\Phonetics TeamLab\ALC\ses2021,0292021019_h_00.wav,N,0.0,SOBER,019,019
c:\Users\nagap\OneDrive\Documentos\Maestria\2025S\Phonetics TeamLab\ALC\ses2021,0292021020_h_00.wav,N,0.0,SOBER,020,020
c:\Users\nagap\OneDrive\Documentos\Maestria\2025S\Phonetics TeamLab\ALC\ses2021,0292021021_h_00.wav,N,0.0,SOBER,021,021
c:\Users\nagap\OneDrive\Documentos\Maestria\2025S\Phonetics TeamLab\ALC\ses2021,0292021022_h_00.wav,N,0.0,SOBER,022,022
c:\Users\nagap\OneDrive\Documentos\Maestria\2025S\Phonetics TeamLab\ALC\ses2021,0292021023_h_00.wav,N,0.0,SOBER,023,023
c:\Users\nagap\OneDrive\Documentos\Maestria\2025S\Phonetics TeamLab\ALC\ses2021,0292021024_h_00.wav,N,0.0,SOBER,024,024
c:\Users\nagap\OneDrive\Documentos\Maestria\2025S\Phonetics TeamLab\ALC\ses2021,0292021025_h_00.wav,N,0.0,SOBER,025,025
c:\Users\nagap\OneDrive\Documentos\Maestria\2025S\Phonetics TeamLab\ALC\ses2021,0292021026_h_00.wav,N,0.0,SOBER,026,026
c:\Users\nagap\OneDrive\Documentos\Maestria\2025S\Phonetics TeamLab\ALC\ses2021,0292021027_h_00.wav,N,0.0,SOBER,027,027
c:\Users\nagap\OneDrive\Documentos\Maestria\2025S\Phonetics TeamLab\ALC\ses2021,0292021028_h_00.wav,N,0.0,SOBER,028,028
c:\Users\nagap\OneDrive\Documentos\Maestria\2025S\Phonetics TeamLab\ALC\ses2021,0292021029_h_00.wav,N,0.0,SOBER,029,029
c:\Users\nagap\OneDrive\Documentos\Maestria\2025S\Phonetics TeamLab\ALC\ses2021,0292021030_h_00.wav,N,0.0,SOBER,030,030
c:\Users\nagap\OneDrive\Documentos\Maestria\2025S\Phonetics TeamLab\ALC\ses2021,0292021031_h_00.wav,N,0.0,SOBER,031,031
c:\Users\nagap\OneDrive\Documentos\Maestria\2025S\Phonetics TeamLab\ALC\ses2021,0292021032_h_00.wav,N,0.0,SOBER,032,032
c:\Users\nagap\OneDrive\Documentos\Maestria\2025S\Phonetics TeamLab\ALC\ses2021,0292021033_h_00.wav,N,0.0,SOBER,033,033
c:\Users\nagap\OneDrive\Documentos\Maestria\2025S\Phonetics TeamLab\ALC\ses2021,0292021034_h_00.wav,N,0.0,SOBER,034,034
c:\Users\nagap\OneDrive\Documentos\Maestria\2025S\Phonetics TeamLab\ALC\ses2021,0292021035_h_00.wav,N,0.0,SOBER,035,035
c:\Users\nagap\OneDrive\Documentos\Maestria\2025S\Phonetics TeamLab\ALC\ses2021,0292021036_h_00.wav,N,0.0,SOBER,036,036
c:\Users\nagap\OneDrive\Documentos\Maestria\2025S\Phonetics TeamLab\ALC\ses2021,0292021037_h_00.wav,N,0.0,SOBER,037,037
c:\Users\nagap\OneDrive\Documentos\Maestria\2025S\Phonetics TeamLab\ALC\ses2021,0292021038_h_00.wav,N,0.0,SOBER,038,038
c:\Users\nagap\OneDrive\Documentos\Maestria\2025S\Phonetics TeamLab\ALC\ses2021,0292021039_h_00.wav,N,0.0,SOBER,039,039
c:\Users\nagap\OneDrive\Documentos\Maestria\2025S\Phonetics TeamLab\ALC\ses2021,0292021040_h_00.wav,N,0.0,SOBER,040,040
c:\Users\nagap\OneDrive\Documentos\Maestria\2025S\Phonetics TeamLab\ALC\ses2021,0292021041_h_00.wav,N,0.0,SOBER,041,041
c:\Users\nagap\OneDrive\Documentos\Maestria\2025S\Phonetics TeamLab\ALC\ses2021,0292021042_h_00.wav,N,0.0,SOBER,042,042
c:\Users\nagap\OneDrive\Documentos\Maestria\2025S\Phonetics TeamLab\ALC\ses2021,0292021043_h_00.wav,N,0.0,SOBER,043,043
c:\Users\nagap\OneDrive\Documentos\Maestria\2025S\Phonetics TeamLab\ALC\ses2021,0292021044_h_00.wav,N,0.0,SOBER,044,044
c:\Users\nagap\OneDrive\Documentos\Maestria\2025S\Phonetics TeamLab\ALC\ses2021,0292021045_h_00.wav,N,0.0,SOBER,045,045
c:\Users\nagap\OneDrive\Documentos\Maestria\2025S\Phonetics TeamLab\ALC\ses2021,0292021046_h_00.wav,N,0.0,SOBER,046,046
c:\Users\nagap\OneDrive\Documentos\Maestria\2025S\Phonetics TeamLab\ALC\ses2021,0292021047_h_00.wav,N,0.0,SOBER,047,047
c:\Users\nagap\OneDrive\Documentos\Maestria\2025S\Phonetics TeamLab\ALC\ses2021,0292021048_h_00.wav,N,0.0,SOBER,048,048
c:\Users\nagap\OneDrive\Documentos\Maestria\2025S\Phonetics TeamLab\ALC\ses2021,0292021049_h_00.wav,N,0.0,SOBER,049,049
c:\Users\nagap\OneDrive\Documentos\Maestria\2025S\Phonetics TeamLab\ALC\ses2021,0292021050_h_00.wav,N,0.0,SOBER,050,050
c:\Users\nagap\OneDrive\Documentos\Maestria\2025S\Phonetics TeamLab\ALC\ses2021,0292021051_h_00.wav,N,0.0,SOBER,051,051
c:\Users\nagap\OneDrive\Documentos\Maestria\2025S\Phonetics TeamLab\ALC\ses2021,0292021052_h_00.wav,N,0.0,SOBER,052,052
c:\Users\nagap\OneDrive\Documentos\Maestria\2025S\Phonetics TeamLab\ALC\ses2021,0292021053_h_00.wav,N,0.0,SOBER,053,053
c:\Users\nagap\OneDrive\Documentos\Maestria\2025S\Phonetics TeamLab\ALC\ses2021,0292021054_h_00.wav,N,0.0,SOBER,054,054
c:\Users\nagap\OneDrive\Documentos\Maestria\2025S\Phonetics TeamLab\ALC\ses2021,0292021055_h_00.wav,N,0.0,SOBER,055,055
c:\Users\nagap\OneDrive\Documentos\Maestria\2025S\Phonetics TeamLab\ALC\ses2021,0292021056_h_00.wav,N,0.0,SOBER,056,056
c:\Users\nagap\OneDrive\Documentos\Maestria\2025S\Phonetics TeamLab\ALC\ses2021,0292021057_h_00.wav,N,0.0,SOBER,057,057
c:\Users\nagap\OneDrive\Documentos\Maestria\2025S\Phonetics TeamLab\ALC\ses2021,0292021058_h_00.wav,N,0.0,SOBER,058,058
c:\Users\nagap\OneDrive\Documentos\Maestria\2025S\Phonetics TeamLab\ALC\ses2021,0292021059_h_00.wav,N,0.0,SOBER,059,059
c:\Users\nagap\OneDrive\Documentos\Maestria\2025S\Phonetics TeamLab\ALC\ses2021,0292021060_h_00.wav,N,0.0,SOBER,060,060
c:\Users\nagap\OneDrive\Documentos\Maestria\2025S\Phonetics TeamLab\ALC\ses3046,5443046001_h_01.wav,A,0.00117,DRUNK,001,001
c:\Users\nagap\OneDrive\Documentos\Maestria\2025S\Phonetics TeamLab\ALC\ses3046,5443046002_h_00.wav,A,0.00117,DRUNK,002,034
c:\Users\nagap\OneDrive\Documentos\Maestria\2025S\Phonetics TeamLab\ALC\ses3046,5443046003_h_00.wav,A,0.00117,DRUNK,003,032
c:\Users\nagap\OneDrive\Documentos\Maestria\2025S\Phonetics TeamLab\ALC\ses3046,5443046004_h_00.wav,A,0.00117,DRUNK,004,061
c:\Users\nagap\OneDrive\Documentos\Maestria\2025S\Phonetics TeamLab\ALC\ses3046,5443046005_h_00.wav,A,0.00117,DRUNK,005,030
c:\Users\nagap\OneDrive\Documentos\Maestria\2025S\Phonetics TeamLab\ALC\ses3046,5443046006_h_00.wav,A,0.00117,DRUNK,006,026
c:\Users\nagap\OneDrive\Documentos\Maestria\2025S\Phonetics TeamLab\ALC\ses3046,5443046007_h_00.wav,A,0.00117,DRUNK,007,023
c:\Users\nagap\OneDrive\Documentos\Maestria\2025S\Phonetics TeamLab\ALC\ses3046,5443046008_h_00.wav,A,0.00117,DRUNK,008,008
c:\Users\nagap\OneDrive\Documentos\Maestria\2025S\Phonetics TeamLab\ALC\ses3046,5443046009_h_00.wav,A,0.00117,DRUNK,009,029
c:\Users\nagap\OneDrive\Documentos\Maestria\2025S\Phonetics TeamLab\ALC\ses3046,5443046010_h_00.wav,A,0.00117,DRUNK,010,010
c:\Users\nagap\OneDrive\Documentos\Maestria\2025S\Phonetics TeamLab\ALC\ses3046,5443046011_h_00.wav,A,0.00117,DRUNK,011,031
c:\Users\nagap\OneDrive\Documentos\Maestria\2025S\Phonetics TeamLab\ALC\ses3046,5443046012_h_00.wav,A,0.00117,DRUNK,012,012
c:\Users\nagap\OneDrive\Documentos\Maestria\2025S\Phonetics TeamLab\ALC\ses3046,5443046013_h_00.wav,A,0.00117,DRUNK,013,013
c:\Users\nagap\OneDrive\Documentos\Maestria\2025S\Phonetics TeamLab\ALC\ses3046,5443046014_h_01.wav,A,0.00117,DRUNK,014,014
c:\Users\nagap\OneDrive\Documentos\Maestria\2025S\Phonetics TeamLab\ALC\ses3046,5443046015_h_00.wav,A,0.00117,DRUNK,015,015
c:\Users\nagap\OneDrive\Documentos\Maestria\2025S\Phonetics TeamLab\ALC\ses3046,5443046016_h_00.wav,A,0.00117,DRUNK,016,036
c:\Users\nagap\OneDrive\Documentos\Maestria\2025S\Phonetics TeamLab\ALC\ses3046,5443046017_h_00.wav,A,0.00117,DRUNK,017,024
c:\Users\nagap\OneDrive\Documentos\Maestria\2025S\Phonetics TeamLab\ALC\ses3046,5443046018_h_00.wav,A,0.00117,DRUNK,018,038
c:\Users\nagap\OneDrive\Documentos\Maestria\2025S\Phonetics TeamLab\ALC\ses3046,5443046019_h_00.wav,A,0.00117,DRUNK,019,019
c:\Users\nagap\OneDrive\Documentos\Maestria\2025S\Phonetics TeamLab\ALC\ses3046,5443046020_h_00.wav,A,0.00117,DRUNK,020,020
c:\Users\nagap\OneDrive\Documentos\Maestria\2025S\Phonetics TeamLab\ALC\ses3046,5443046021_h_00.wav,A,0.00117,DRUNK,021,041
c:\Users\nagap\OneDrive\Documentos\Maestria\2025S\Phonetics TeamLab\ALC\ses3046,5443046022_h_00.wav,A,0.00117,DRUNK,022,042
c:\Users\nagap\OneDrive\Documentos\Maestria\2025S\Phonetics TeamLab\ALC\ses3046,5443046023_h_00.wav,A,0.00117,DRUNK,023,059
c:\Users\nagap\OneDrive\Documentos\Maestria\2025S\Phonetics TeamLab\ALC\ses3046,5443046024_h_00.wav,A,0.00117,DRUNK,024,051
c:\Users\nagap\OneDrive\Documentos\Maestria\2025S\Phonetics TeamLab\ALC\ses3046,5443046025_h_00.wav,A,0.00117,DRUNK,025,046
c:\Users\nagap\OneDrive\Documentos\Maestria\2025S\Phonetics TeamLab\ALC\ses3046,5443046026_h_00.wav,A,0.00117,DRUNK,026,055
c:\Users\nagap\OneDrive\Documentos\Maestria\2025S\Phonetics TeamLab\ALC\ses3046,5443046027_h_00.wav,A,0.00117,DRUNK,027,048
c:\Users\nagap\OneDrive\Documentos\Maestria\2025S\Phonetics TeamLab\ALC\ses3046,5443046028_h_00.wav,A,0.00117,DRUNK,028,049
c:\Users\nagap\OneDrive\Documentos\Maestria\2025S\Phonetics TeamLab\ALC\ses3046,5443046029_h_00.wav,A,0.00117,DRUNK,029,050
c:\Users\nagap\OneDrive\Documentos\Maestria\2025S\Phonetics TeamLab\ALC\ses3046,5443046030_h_00.wav,A,0.00117,DRUNK,030,060
c:\Users\nagap\OneDrive\Documentos\Maestria\2025S\Phonetics TeamLab\ALC\ses4038,5444038001_h_00.wav,N,0.0,SOBER,001,001
c:\Users\nagap\OneDrive\Documentos\Maestria\2025S\Phonetics TeamLab\ALC\ses4038,5444038002_h_00.wav,N,0.0,SOBER,002,002
c:\Users\nagap\OneDrive\Documentos\Maestria\2025S\Phonetics TeamLab\ALC\ses4038,5444038003_h_00.wav,N,0.0,SOBER,003,003
c:\Users\nagap\OneDrive\Documentos\Maestria\2025S\Phonetics TeamLab\ALC\ses4038,5444038004_h_00.wav,N,0.0,SOBER,004,004
c:\Users\nagap\OneDrive\Documentos\Maestria\2025S\Phonetics TeamLab\ALC\ses4038,5444038005_h_00.wav,N,0.0,SOBER,005,005
c:\Users\nagap\OneDrive\Documentos\Maestria\2025S\Phonetics TeamLab\ALC\ses4038,5444038006_h_00.wav,N,0.0,SOBER,006,006
c:\Users\nagap\OneDrive\Documentos\Maestria\2025S\Phonetics TeamLab\ALC\ses4038,5444038007_h_00.wav,N,0.0,SOBER,007,007
c:\Users\nagap\OneDrive\Documentos\Maestria\2025S\Phonetics TeamLab\ALC\ses4038,5444038008_h_00.wav,N,0.0,SOBER,008,008
c:\Users\nagap\OneDrive\Documentos\Maestria\2025S\Phonetics TeamLab\ALC\ses4038,5444038009_h_00.wav,N,0.0,SOBER,009,009
c:\Users\nagap\OneDrive\Documentos\Maestria\2025S\Phonetics TeamLab\ALC\ses4038,5444038010_h_00.wav,N,0.0,SOBER,010,010
c:\Users\nagap\OneDrive\Documentos\Maestria\2025S\Phonetics TeamLab\ALC\ses4038,5444038011_h_00.wav,N,0.0,SOBER,011,011
c:\Users\nagap\OneDrive\Documentos\Maestria\2025S\Phonetics TeamLab\ALC\ses4038,5444038012_h_00.wav,N,0.0,SOBER,012,012
c:\Users\nagap\OneDrive\Documentos\Maestria\2025S\Phonetics TeamLab\ALC\ses4038,5444038013_h_00.wav,N,0.0,SOBER,013,013
c:\Users\nagap\OneDrive\Documentos\Maestria\2025S\Phonetics TeamLab\ALC\ses4038,5444038014_h_00.wav,N,0.0,SOBER,014,014
c:\Users\nagap\OneDrive\Documentos\Maestria\2025S\Phonetics TeamLab\ALC\ses4038,5444038015_h_00.wav,N,0.0,SOBER,015,015
c:\Users\nagap\OneDrive\Documentos\Maestria\2025S\Phonetics TeamLab\ALC\ses4038,5444038016_h_00.wav,N,0.0,SOBER,016,016
c:\Users\nagap\OneDrive\Documentos\Maestria\2025S\Phonetics TeamLab\ALC\ses4038,5444038017_h_00.wav,N,0.0,SOBER,017,017
c:\Users\nagap\OneDrive\Documentos\Maestria\2025S\Phonetics TeamLab\ALC\ses4038,5444038018_h_00.wav,N,0.0,SOBER,018,018
c:\Users\nagap\OneDrive\Documentos\Maestria\2025S\Phonetics TeamLab\ALC\ses4038,5444038019_h_00.wav,N,0.0,SOBER,019,019
c:\Users\nagap\OneDrive\Documentos\Maestria\2025S\Phonetics TeamLab\ALC\ses4038,5444038020_h_00.wav,N,0.0,SOBER,020,020
c:\Users\nagap\OneDrive\Documentos\Maestria\2025S\Phonetics TeamLab\ALC\ses4038,5444038021_h_00.wav,N,0.0,SOBER,021,021
c:\Users\nagap\OneDrive\Documentos\Maestria\2025S\Phonetics TeamLab\ALC\ses4038,5444038022_h_00.wav,N,0.0,SOBER,022,022
c:\Users\nagap\OneDrive\Documentos\Maestria\2025S\Phonetics TeamLab\ALC\ses4038,5444038023_h_00.wav,N,0.0,SOBER,023,023
c:\Users\nagap\OneDrive\Documentos\Maestria\2025S\Phonetics TeamLab\ALC\ses4038,5444038024_h_00.wav,N,0.0,SOBER,024,024
c:\Users\nagap\OneDrive\Documentos\Maestria\2025S\Phonetics TeamLab\ALC\ses4038,5444038025_h_00.wav,N,0.0,SOBER,025,025
c:\Users\nagap\OneDrive\Documentos\Maestria\2025S\Phonetics TeamLab\ALC\ses4038,5444038026_h_00.wav,N,0.0,SOBER,026,026
c:\Users\nagap\OneDrive\Documentos\Maestria\2025S\Phonetics TeamLab\ALC\ses4038,5444038027_h_00.wav,N,0.0,SOBER,027,027
c:\Users\nagap\OneDrive\Documentos\Maestria\2025S\Phonetics TeamLab\ALC\ses4038,5444038028_h_00.wav,N,0.0,SOBER,028,028
c:\Users\nagap\OneDrive\Documentos\Maestria\2025S\Phonetics TeamLab\ALC\ses4038,5444038029_h_00.wav,N,0.0,SOBER,029,029
c:\Users\nagap\OneDrive\Documentos\Maestria\2025S\Phonetics TeamLab\ALC\ses4038,5444038030_h_00.wav,N,0.0,SOBER,030,030
c:\Users\nagap\OneDrive\Documentos\Maestria\2025S\Phonetics TeamLab\ALC\ses4038,5444038031_h_00.wav,N,0.0,SOBER,031,031
c:\Users\nagap\OneDrive\Documentos\Maestria\2025S\Phonetics TeamLab\ALC\ses4038,5444038032_h_00.wav,N,0.0,SOBER,032,032
c:\Users\nagap\OneDrive\Documentos\Maestria\2025S\Phonetics TeamLab\ALC\ses4038,5444038033_h_00.wav,N,0.0,SOBER,033,033
c:\Users\nagap\OneDrive\Documentos\Maestria\2025S\Phonetics TeamLab\ALC\ses4038,5444038034_h_00.wav,N,0.0,SOBER,034,034
c:\Users\nagap\OneDrive\Documentos\Maestria\2025S\Phonetics TeamLab\ALC\ses4038,5444038035_h_00.wav,N,0.0,SOBER,035,035
c:\Users\nagap\OneDrive\Documentos\Maestria\2025S\Phonetics TeamLab\ALC\ses4038,5444038036_h_00.wav,N,0.0,SOBER,036,036
c:\Users\nagap\OneDrive\Documentos\Maestria\2025S\Phonetics TeamLab\ALC\ses4038,5444038037_h_00.wav,N,0.0,SOBER,037,037
c:\Users\nagap\OneDrive\Documentos\Maestria\2025S\Phonetics TeamLab\ALC\ses4038,5444038038_h_00.wav,N,0.0,SOBER,038,038
c:\Users\nagap\OneDrive\Documentos\Maestria\2025S\Phonetics TeamLab\ALC\ses4038,5444038039_h_00.wav,N,0.0,SOBER,039,039
c:\Users\nagap\OneDrive\Documentos\Maestria\2025S\Phonetics TeamLab\ALC\ses4038,5444038040_h_00.wav,N,0.0,SOBER,040,040
c:\Users\nagap\OneDrive\Documentos\Maestria\2025S\Phonetics TeamLab\ALC\ses4038,5444038041_h_00.wav,N,0.0,SOBER,041,041
c:\Users\nagap\OneDrive\Documentos\Maestria\2025S\Phonetics TeamLab\ALC\ses4038,5444038042_h_00.wav,N,0.0,SOBER,042,042
c:\Users\nagap\OneDrive\Documentos\Maestria\2025S\Phonetics TeamLab\ALC\ses4038,5444038043_h_00.wav,N,0.0,SOBER,043,043
c:\Users\nagap\OneDrive\Documentos\Maestria\2025S\Phonetics TeamLab\ALC\ses4038,5444038044_h_00.wav,N,0.0,SOBER,044,044
c:\Users\nagap\OneDrive\Documentos\Maestria\2025S\Phonetics TeamLab\ALC\ses4038,5444038045_h_00.wav,N,0.0,SOBER,045,045
c:\Users\nagap\OneDrive\Documentos\Maestria\2025S\Phonetics TeamLab\ALC\ses4038,5444038046_h_00.wav,N,0.0,SOBER,046,046
c:\Users\nagap\OneDrive\Documentos\Maestria\2025S\Phonetics TeamLab\ALC\ses4038,5444038047_h_00.wav,N,0.0,SOBER,047,047
c:\Users\nagap\OneDrive\Documentos\Maestria\2025S\Phonetics TeamLab\ALC\ses4038,5444038048_h_00.wav,N,0.0,SOBER,048,048
c:\Users\nagap\OneDrive\Documentos\Maestria\2025S\Phonetics TeamLab\ALC\ses4038,5444038049_h_00.wav,N,0.0,SOBER,049,049
c:\Users\nagap\OneDrive\Documentos\Maestria\2025S\Phonetics TeamLab\ALC\ses4038,5444038050_h_00.wav,N,0.0,SOBER,050,050
c:\Users\nagap\OneDrive\Documentos\Maestria\2025S\Phonetics TeamLab\ALC\ses4038,5444038051_h_00.wav,N,0.0,SOBER,051,051
c:\Users\nagap\OneDrive\Documentos\Maestria\2025S\Phonetics TeamLab\ALC\ses4038,5444038052_h_00.wav,N,0.0,SOBER,052,052
c:\Users\nagap\OneDrive\Documentos\Maestria\2025S\Phonetics TeamLab\ALC\ses4038,5444038053_h_00.wav,N,0.0,SOBER,053,053
c:\Users\nagap\OneDrive\Documentos\Maestria\2025S\Phonetics TeamLab\ALC\ses4038,5444038054_h_00.wav,N,0.0,SOBER,054,054
c:\Users\nagap\OneDrive\Documentos\Maestria\2025S\Phonetics TeamLab\ALC\ses4038,5444038055_h_00.wav,N,0.0,SOBER,055,055
c:\Users\nagap\OneDrive\Documentos\Maestria\2025S\Phonetics TeamLab\ALC\ses4038,5444038056_h_00.wav,N,0.0,SOBER,056,056
c:\Users\nagap\OneDrive\Documentos\Maestria\2025S\Phonetics TeamLab\ALC\ses4038,5444038057_h_00.wav,N,0.0,SOBER,057,057
c:\Users\nagap\OneDrive\Documentos\Maestria\2025S\Phonetics TeamLab\ALC\ses4038,5444038058_h_00.wav,N,0.0,SOBER,058,058
c:\Users\nagap\OneDrive\Documentos\Maestria\2025S\Phonetics TeamLab\ALC\ses4038,5444038059_h_00.wav,N,0.0,SOBER,059,059
c:\Users\nagap\OneDrive\Documentos\Maestria\2025S\Phonetics TeamLab\ALC\ses4038,5444038060_h_00.wav,N,0.0,SOBER,060,060
c:\Users\nagap\OneDrive\Documentos\Maestria\2025S\Phonetics TeamLab\ALC\ses3031,5303031001_h_00.wav,A,0.0008,DRUNK,001,001
c:\Users\nagap\OneDrive\Documentos\Maestria\2025S\Phonetics TeamLab\ALC\ses3031,5303031002_h_00.wav,A,0.0008,DRUNK,002,034
c:\Users\nagap\OneDrive\Documentos\Maestria\2025S\Phonetics TeamLab\ALC\ses3031,5303031003_h_00.wav,A,0.0008,DRUNK,003,032
c:\Users\nagap\OneDrive\Documentos\Maestria\2025S\Phonetics TeamLab\ALC\ses3031,5303031004_h_00.wav,A,0.0008,DRUNK,004,061
c:\Users\nagap\OneDrive\Documentos\Maestria\2025S\Phonetics TeamLab\ALC\ses3031,5303031005_h_00.wav,A,0.0008,DRUNK,005,030
c:\Users\nagap\OneDrive\Documentos\Maestria\2025S\Phonetics TeamLab\ALC\ses3031,5303031006_h_00.wav,A,0.0008,DRUNK,006,026
c:\Users\nagap\OneDrive\Documentos\Maestria\2025S\Phonetics TeamLab\ALC\ses3031,5303031007_h_00.wav,A,0.0008,DRUNK,007,023
c:\Users\nagap\OneDrive\Documentos\Maestria\2025S\Phonetics TeamLab\ALC\ses3031,5303031008_h_00.wav,A,0.0008,DRUNK,008,008
c:\Users\nagap\OneDrive\Documentos\Maestria\2025S\Phonetics TeamLab\ALC\ses3031,5303031009_h_00.wav,A,0.0008,DRUNK,009,029
c:\Users\nagap\OneDrive\Documentos\Maestria\2025S\Phonetics TeamLab\ALC\ses3031,5303031010_h_00.wav,A,0.0008,DRUNK,010,010
c:\Users\nagap\OneDrive\Documentos\Maestria\2025S\Phonetics TeamLab\ALC\ses3031,5303031011_h_00.wav,A,0.0008,DRUNK,011,031
c:\Users\nagap\OneDrive\Documentos\Maestria\2025S\Phonetics TeamLab\ALC\ses3031,5303031012_h_00.wav,A,0.0008,DRUNK,012,012
c:\Users\nagap\OneDrive\Documentos\Maestria\2025S\Phonetics TeamLab\ALC\ses3031,5303031013_h_00.wav,A,0.0008,DRUNK,013,013
c:\Users\nagap\OneDrive\Documentos\Maestria\2025S\Phonetics TeamLab\ALC\ses3031,5303031014_h_00.wav,A,0.0008,DRUNK,014,014
c:\Users\nagap\OneDrive\Documentos\Maestria\2025S\Phonetics TeamLab\ALC\ses3031,5303031015_h_00.wav,A,0.0008,DRUNK,015,015
c:\Users\nagap\OneDrive\Documentos\Maestria\2025S\Phonetics TeamLab\ALC\ses3031,5303031016_h_00.wav,A,0.0008,DRUNK,016,036
c:\Users\nagap\OneDrive\Documentos\Maestria\2025S\Phonetics TeamLab\ALC\ses3031,5303031017_h_00.wav,A,0.0008,DRUNK,017,024
c:\Users\nagap\OneDrive\Documentos\Maestria\2025S\Phonetics TeamLab\ALC\ses3031,5303031018_h_00.wav,A,0.0008,DRUNK,018,038
c:\Users\nagap\OneDrive\Documentos\Maestria\2025S\Phonetics TeamLab\ALC\ses3031,5303031019_h_00.wav,A,0.0008,DRUNK,019,019
c:\Users\nagap\OneDrive\Documentos\Maestria\2025S\Phonetics TeamLab\ALC\ses3031,5303031020_h_00.wav,A,0.0008,DRUNK,020,020
c:\Users\nagap\OneDrive\Documentos\Maestria\2025S\Phonetics TeamLab\ALC\ses3031,5303031021_h_00.wav,A,0.0008,DRUNK,021,041
c:\Users\nagap\OneDrive\Documentos\Maestria\2025S\Phonetics TeamLab\ALC\ses3031,5303031022_h_00.wav,A,0.0008,DRUNK,022,042
c:\Users\nagap\OneDrive\Documentos\Maestria\2025S\Phonetics TeamLab\ALC\ses3031,5303031023_h_00.wav,A,0.0008,DRUNK,023,059
c:\Users\nagap\OneDrive\Documentos\Maestria\2025S\Phonetics TeamLab\ALC\ses3031,5303031024_h_00.wav,A,0.0008,DRUNK,024,051
c:\Users\nagap\OneDrive\Documentos\Maestria\2025S\Phonetics TeamLab\ALC\ses3031,5303031025_h_00.wav,A,0.0008,DRUNK,025,046
c:\Users\nagap\OneDrive\Documentos\Maestria\2025S\Phonetics TeamLab\ALC\ses3031,5303031026_h_00.wav,A,0.0008,DRUNK,026,055
c:\Users\nagap\OneDrive\Documentos\Maestria\2025S\Phonetics TeamLab\ALC\ses3031,5303031027_h_00.wav,A,0.0008,DRUNK,027,048
c:\Users\nagap\OneDrive\Documentos\Maestria\2025S\Phonetics TeamLab\ALC\ses3031,5303031028_h_00.wav,A,0.0008,DRUNK,028,049
c:\Users\nagap\OneDrive\Documentos\Maestria\2025S\Phonetics TeamLab\ALC\ses3031,5303031029_h_00.wav,A,0.0008,DRUNK,029,050
c:\Users\nagap\OneDrive\Documentos\Maestria\2025S\Phonetics TeamLab\ALC\ses3031,5303031030_h_00.wav,A,0.0008,DRUNK,030,060
c:\Users\nagap\OneDrive\Documentos\Maestria\2025S\Phonetics TeamLab\ALC\ses4022,5304022001_h_00.wav,N,0.0,SOBER,001,001
c:\Users\nagap\OneDrive\Documentos\Maestria\2025S\Phonetics TeamLab\ALC\ses4022,5304022002_h_00.wav,N,0.0,SOBER,002,002
c:\Users\nagap\OneDrive\Documentos\Maestria\2025S\Phonetics TeamLab\ALC\ses4022,5304022003_h_00.wav,N,0.0,SOBER,003,003
c:\Users\nagap\OneDrive\Documentos\Maestria\2025S\Phonetics TeamLab\ALC\ses4022,5304022004_h_00.wav,N,0.0,SOBER,004,004
c:\Users\nagap\OneDrive\Documentos\Maestria\2025S\Phonetics TeamLab\ALC\ses4022,5304022005_h_00.wav,N,0.0,SOBER,005,005
c:\Users\nagap\OneDrive\Documentos\Maestria\2025S\Phonetics TeamLab\ALC\ses4022,5304022006_h_00.wav,N,0.0,SOBER,006,006
c:\Users\nagap\OneDrive\Documentos\Maestria\2025S\Phonetics TeamLab\ALC\ses4022,5304022007_h_00.wav,N,0.0,SOBER,007,007
c:\Users\nagap\OneDrive\Documentos\Maestria\2025S\Phonetics TeamLab\ALC\ses4022,5304022008_h_00.wav,N,0.0,SOBER,008,008
c:\Users\nagap\OneDrive\Documentos\Maestria\2025S\Phonetics TeamLab\ALC\ses4022,5304022009_h_00.wav,N,0.0,SOBER,009,009
c:\Users\nagap\OneDrive\Documentos\Maestria\2025S\Phonetics TeamLab\ALC\ses4022,5304022010_h_00.wav,N,0.0,SOBER,010,010
c:\Users\nagap\OneDrive\Documentos\Maestria\2025S\Phonetics TeamLab\ALC\ses4022,5304022011_h_00.wav,N,0.0,SOBER,011,011
c:\Users\nagap\OneDrive\Documentos\Maestria\2025S\Phonetics TeamLab\ALC\ses4022,5304022012_h_00.wav,N,0.0,SOBER,012,012
c:\Users\nagap\OneDrive\Documentos\Maestria\2025S\Phonetics TeamLab\ALC\ses4022,5304022013_h_00.wav,N,0.0,SOBER,013,013
c:\Users\nagap\OneDrive\Documentos\Maestria\2025S\Phonetics TeamLab\ALC\ses4022,5304022014_h_00.wav,N,0.0,SOBER,014,014
c:\Users\nagap\OneDrive\Documentos\Maestria\2025S\Phonetics TeamLab\ALC\ses4022,5304022015_h_00.wav,N,0.0,SOBER,015,015
c:\Users\nagap\OneDrive\Documentos\Maestria\2025S\Phonetics TeamLab\ALC\ses4022,5304022016_h_00.wav,N,0.0,SOBER,016,016
c:\Users\nagap\OneDrive\Documentos\Maestria\2025S\Phonetics TeamLab\ALC\ses4022,5304022017_h_00.wav,N,0.0,SOBER,017,017
c:\Users\nagap\OneDrive\Documentos\Maestria\2025S\Phonetics TeamLab\ALC\ses4022,5304022018_h_00.wav,N,0.0,SOBER,018,018
c:\Users\nagap\OneDrive\Documentos\Maestria\2025S\Phonetics TeamLab\ALC\ses4022,5304022019_h_00.wav,N,0.0,SOBER,019,019
c:\Users\nagap\OneDrive\Documentos\Maestria\2025S\Phonetics TeamLab\ALC\ses4022,5304022020_h_00.wav,N,0.0,SOBER,020,020
c:\Users\nagap\OneDrive\Documentos\Maestria\2025S\Phonetics TeamLab\ALC\ses4022,5304022021_h_00.wav,N,0.0,SOBER,021,021
c:\Users\nagap\OneDrive\Documentos\Maestria\2025S\Phonetics TeamLab\ALC\ses4022,5304022022_h_00.wav,N,0.0,SOBER,022,022
c:\Users\nagap\OneDrive\Documentos\Maestria\2025S\Phonetics TeamLab\ALC\ses4022,5304022023_h_00.wav,N,0.0,SOBER,023,023
c:\Users\nagap\OneDrive\Documentos\Maestria\2025S\Phonetics TeamLab\ALC\ses4022,5304022024_h_00.wav,N,0.0,SOBER,024,024
c:\Users\nagap\OneDrive\Documentos\Maestria\2025S\Phonetics TeamLab\ALC\ses4022,5304022025_h_00.wav,N,0.0,SOBER,025,025
c:\Users\nagap\OneDrive\Documentos\Maestria\2025S\Phonetics TeamLab\ALC\ses4022,5304022026_h_00.wav,N,0.0,SOBER,026,026
c:\Users\nagap\OneDrive\Documentos\Maestria\2025S\Phonetics TeamLab\ALC\ses4022,5304022027_h_00.wav,N,0.0,SOBER,027,027
c:\Users\nagap\OneDrive\Documentos\Maestria\2025S\Phonetics TeamLab\ALC\ses4022,5304022028_h_00.wav,N,0.0,SOBER,028,028
c:\Users\nagap\OneDrive\Documentos\Maestria\2025S\Phonetics TeamLab\ALC\ses4022,5304022029_h_00.wav,N,0.0,SOBER,029,029
c:\Users\nagap\OneDrive\Documentos\Maestria\2025S\Phonetics TeamLab\ALC\ses4022,5304022030_h_00.wav,N,0.0,SOBER,030,030
c:\Users\nagap\OneDrive\Documentos\Maestria\2025S\Phonetics TeamLab\ALC\ses4022,5304022031_h_00.wav,N,0.0,SOBER,031,031
c:\Users\nagap\OneDrive\Documentos\Maestria\2025S\Phonetics TeamLab\ALC\ses4022,5304022032_h_00.wav,N,0.0,SOBER,032,032
c:\Users\nagap\OneDrive\Documentos\Maestria\2025S\Phonetics TeamLab\ALC\ses4022,5304022033_h_00.wav,N,0.0,SOBER,033,033
c:\Users\nagap\OneDrive\Documentos\Maestria\2025S\Phonetics TeamLab\ALC\ses4022,5304022034_h_00.wav,N,0.0,SOBER,034,034
c:\Users\nagap\OneDrive\Documentos\Maestria\2025S\Phonetics TeamLab\ALC\ses4022,5304022035_h_00.wav,N,0.0,SOBER,035,035
c:\Users\nagap\OneDrive\Documentos\Maestria\2025S\Phonetics TeamLab\ALC\ses4022,5304022036_h_00.wav,N,0.0,SOBER,036,036
c:\Users\nagap\OneDrive\Documentos\Maestria\2025S\Phonetics TeamLab\ALC\ses4022,5304022037_h_00.wav,N,0.0,SOBER,037,037
c:\Users\nagap\OneDrive\Documentos\Maestria\2025S\Phonetics TeamLab\ALC\ses4022,5304022038_h_00.wav,N,0.0,SOBER,038,038
c:\Users\nagap\OneDrive\Documentos\Maestria\2025S\Phonetics TeamLab\ALC\ses4022,5304022039_h_00.wav,N,0.0,SOBER,039,039
c:\Users\nagap\OneDrive\Documentos\Maestria\2025S\Phonetics TeamLab\ALC\ses4022,5304022040_h_00.wav,N,0.0,SOBER,040,040
c:\Users\nagap\OneDrive\Documentos\Maestria\2025S\Phonetics TeamLab\ALC\ses4022,5304022041_h_00.wav,N,0.0,SOBER,041,041
c:\Users\nagap\OneDrive\Documentos\Maestria\2025S\Phonetics TeamLab\ALC\ses4022,5304022042_h_00.wav,N,0.0,SOBER,042,042
c:\Users\nagap\OneDrive\Documentos\Maestria\2025S\Phonetics TeamLab\ALC\ses4022,5304022043_h_00.wav,N,0.0,SOBER,043,043
c:\Users\nagap\OneDrive\Documentos\Maestria\2025S\Phonetics TeamLab\ALC\ses4022,5304022044_h_00.wav,N,0.0,SOBER,044,044
c:\Users\nagap\OneDrive\Documentos\Maestria\2025S\Phonetics TeamLab\ALC\ses4022,5304022045_h_00.wav,N,0.0,SOBER,045,045
c:\Users\nagap\OneDrive\Documentos\Maestria\2025S\Phonetics TeamLab\ALC\ses4022,5304022046_h_00.wav,N,0.0,SOBER,046,046
c:\Users\nagap\OneDrive\Documentos\Maestria\2025S\Phonetics TeamLab\ALC\ses4022,5304022047_h_00.wav,N,0.0,SOBER,047,047
c:\Users\nagap\OneDrive\Documentos\Maestria\2025S\Phonetics TeamLab\ALC\ses4022,5304022048_h_00.wav,N,0.0,SOBER,048,048
c:\Users\nagap\OneDrive\Documentos\Maestria\2025S\Phonetics TeamLab\ALC\ses4022,5304022049_h_00.wav,N,0.0,SOBER,049,049
c:\Users\nagap\OneDrive\Documentos\Maestria\2025S\Phonetics TeamLab\ALC\ses4022,5304022050_h_00.wav,N,0.0,SOBER,050,050
c:\Users\nagap\OneDrive\Documentos\Maestria\2025S\Phonetics TeamLab\ALC\ses4022,5304022051_h_00.wav,N,0.0,SOBER,051,051
c:\Users\nagap\OneDrive\Documentos\Maestria\2025S\Phonetics TeamLab\ALC\ses4022,5304022052_h_00.wav,N,0.0,SOBER,052,052
c:\Users\nagap\OneDrive\Documentos\Maestria\2025S\Phonetics TeamLab\ALC\ses4022,5304022053_h_00.wav,N,0.0,SOBER,053,053
c:\Users\nagap\OneDrive\Documentos\Maestria\2025S\Phonetics TeamLab\ALC\ses4022,5304022054_h_00.wav,N,0.0,SOBER,054,054
c:\Users\nagap\OneDrive\Documentos\Maestria\2025S\Phonetics TeamLab\ALC\ses4022,5304022055_h_00.wav,N,0.0,SOBER,055,055
c:\Users\nagap\OneDrive\Documentos\Maestria\2025S\Phonetics TeamLab\ALC\ses4022,5304022056_h_00.wav,N,0.0,SOBER,056,056
c:\Users\nagap\OneDrive\Documentos\Maestria\2025S\Phonetics TeamLab\ALC\ses4022,5304022057_h_00.wav,N,0.0,SOBER,057,057
c:\Users\nagap\OneDrive\Documentos\Maestria\2025S\Phonetics TeamLab\ALC\ses4022,5304022058_h_00.wav,N,0.0,SOBER,058,058
c:\Users\nagap\OneDrive\Documentos\Maestria\2025S\Phonetics TeamLab\ALC\ses4022,5304022059_h_00.wav,N,0.0,SOBER,059,059
c:\Users\nagap\OneDrive\Documentos\Maestria\2025S\Phonetics TeamLab\ALC\ses4022,5304022060_h_00.wav,N,0.0,SOBER,060,060
c:\Users\nagap\OneDrive\Documentos\Maestria\2025S\Phonetics TeamLab\ALC\ses3028,5273028001_h_00.wav,A,0.00115,DRUNK,001,001
c:\Users\nagap\OneDrive\Documentos\Maestria\2025S\Phonetics TeamLab\ALC\ses3028,5273028002_h_00.wav,A,0.00115,DRUNK,002,034
c:\Users\nagap\OneDrive\Documentos\Maestria\2025S\Phonetics TeamLab\ALC\ses3028,5273028003_h_00.wav,A,0.00115,DRUNK,003,032
c:\Users\nagap\OneDrive\Documentos\Maestria\2025S\Phonetics TeamLab\ALC\ses3028,5273028004_h_00.wav,A,0.00115,DRUNK,004,061
c:\Users\nagap\OneDrive\Documentos\Maestria\2025S\Phonetics TeamLab\ALC\ses3028,5273028005_h_00.wav,A,0.00115,DRUNK,005,030
c:\Users\nagap\OneDrive\Documentos\Maestria\2025S\Phonetics TeamLab\ALC\ses3028,5273028006_h_00.wav,A,0.00115,DRUNK,006,026
c:\Users\nagap\OneDrive\Documentos\Maestria\2025S\Phonetics TeamLab\ALC\ses3028,5273028007_h_00.wav,A,0.00115,DRUNK,007,023
c:\Users\nagap\OneDrive\Documentos\Maestria\2025S\Phonetics TeamLab\ALC\ses3028,5273028008_h_00.wav,A,0.00115,DRUNK,008,008
c:\Users\nagap\OneDrive\Documentos\Maestria\2025S\Phonetics TeamLab\ALC\ses3028,5273028009_h_00.wav,A,0.00115,DRUNK,009,029
c:\Users\nagap\OneDrive\Documentos\Maestria\2025S\Phonetics TeamLab\ALC\ses3028,5273028010_h_00.wav,A,0.00115,DRUNK,010,010
c:\Users\nagap\OneDrive\Documentos\Maestria\2025S\Phonetics TeamLab\ALC\ses3028,5273028011_h_00.wav,A,0.00115,DRUNK,011,031
c:\Users\nagap\OneDrive\Documentos\Maestria\2025S\Phonetics TeamLab\ALC\ses3028,5273028012_h_00.wav,A,0.00115,DRUNK,012,012
c:\Users\nagap\OneDrive\Documentos\Maestria\2025S\Phonetics TeamLab\ALC\ses3028,5273028013_h_00.wav,A,0.00115,DRUNK,013,013
c:\Users\nagap\OneDrive\Documentos\Maestria\2025S\Phonetics TeamLab\ALC\ses3028,5273028014_h_00.wav,A,0.00115,DRUNK,014,014
c:\Users\nagap\OneDrive\Documentos\Maestria\2025S\Phonetics TeamLab\ALC\ses3028,5273028015_h_00.wav,A,0.00115,DRUNK,015,015
c:\Users\nagap\OneDrive\Documentos\Maestria\2025S\Phonetics TeamLab\ALC\ses3028,5273028016_h_00.wav,A,0.00115,DRUNK,016,036
c:\Users\nagap\OneDrive\Documentos\Maestria\2025S\Phonetics TeamLab\ALC\ses3028,5273028017_h_00.wav,A,0.00115,DRUNK,017,024
c:\Users\nagap\OneDrive\Documentos\Maestria\2025S\Phonetics TeamLab\ALC\ses3028,5273028018_h_00.wav,A,0.00115,DRUNK,018,038
c:\Users\nagap\OneDrive\Documentos\Maestria\2025S\Phonetics TeamLab\ALC\ses3028,5273028019_h_00.wav,A,0.00115,DRUNK,019,019
c:\Users\nagap\OneDrive\Documentos\Maestria\2025S\Phonetics TeamLab\ALC\ses3028,5273028020_h_00.wav,A,0.00115,DRUNK,020,020
c:\Users\nagap\OneDrive\Documentos\Maestria\2025S\Phonetics TeamLab\ALC\ses3028,5273028021_h_00.wav,A,0.00115,DRUNK,021,041
c:\Users\nagap\OneDrive\Documentos\Maestria\2025S\Phonetics TeamLab\ALC\ses3028,5273028022_h_00.wav,A,0.00115,DRUNK,022,042
c:\Users\nagap\OneDrive\Documentos\Maestria\2025S\Phonetics TeamLab\ALC\ses3028,5273028023_h_00.wav,A,0.00115,DRUNK,023,059
c:\Users\nagap\OneDrive\Documentos\Maestria\2025S\Phonetics TeamLab\ALC\ses3028,5273028024_h_00.wav,A,0.00115,DRUNK,024,051
c:\Users\nagap\OneDrive\Documentos\Maestria\2025S\Phonetics TeamLab\ALC\ses3028,5273028025_h_00.wav,A,0.00115,DRUNK,025,046
c:\Users\nagap\OneDrive\Documentos\Maestria\2025S\Phonetics TeamLab\ALC\ses3028,5273028026_h_00.wav,A,0.00115,DRUNK,026,055
c:\Users\nagap\OneDrive\Documentos\Maestria\2025S\Phonetics TeamLab\ALC\ses3028,5273028027_h_00.wav,A,0.00115,DRUNK,027,048
c:\Users\nagap\OneDrive\Documentos\Maestria\2025S\Phonetics TeamLab\ALC\ses3028,5273028028_h_00.wav,A,0.00115,DRUNK,028,049
c:\Users\nagap\OneDrive\Documentos\Maestria\2025S\Phonetics TeamLab\ALC\ses3028,5273028029_h_00.wav,A,0.00115,DRUNK,029,050
c:\Users\nagap\OneDrive\Documentos\Maestria\2025S\Phonetics TeamLab\ALC\ses3028,5273028030_h_00.wav,A,0.00115,DRUNK,030,060
c:\Users\nagap\OneDrive\Documentos\Maestria\2025S\Phonetics TeamLab\ALC\ses4017,5274017001_h_00.wav,N,0.0,SOBER,001,001
c:\Users\nagap\OneDrive\Documentos\Maestria\2025S\Phonetics TeamLab\ALC\ses4017,5274017002_h_00.wav,N,0.0,SOBER,002,002
c:\Users\nagap\OneDrive\Documentos\Maestria\2025S\Phonetics TeamLab\ALC\ses4017,5274017003_h_00.wav,N,0.0,SOBER,003,003
c:\Users\nagap\OneDrive\Documentos\Maestria\2025S\Phonetics TeamLab\ALC\ses4017,5274017004_h_00.wav,N,0.0,SOBER,004,004
c:\Users\nagap\OneDrive\Documentos\Maestria\2025S\Phonetics TeamLab\ALC\ses4017,5274017005_h_00.wav,N,0.0,SOBER,005,005
c:\Users\nagap\OneDrive\Documentos\Maestria\2025S\Phonetics TeamLab\ALC\ses4017,5274017006_h_00.wav,N,0.0,SOBER,006,006
c:\Users\nagap\OneDrive\Documentos\Maestria\2025S\Phonetics TeamLab\ALC\ses4017,5274017007_h_00.wav,N,0.0,SOBER,007,007
c:\Users\nagap\OneDrive\Documentos\Maestria\2025S\Phonetics TeamLab\ALC\ses4017,5274017008_h_00.wav,N,0.0,SOBER,008,008
c:\Users\nagap\OneDrive\Documentos\Maestria\2025S\Phonetics TeamLab\ALC\ses4017,5274017009_h_00.wav,N,0.0,SOBER,009,009
c:\Users\nagap\OneDrive\Documentos\Maestria\2025S\Phonetics TeamLab\ALC\ses4017,5274017010_h_00.wav,N,0.0,SOBER,010,010
c:\Users\nagap\OneDrive\Documentos\Maestria\2025S\Phonetics TeamLab\ALC\ses4017,5274017011_h_00.wav,N,0.0,SOBER,011,011
c:\Users\nagap\OneDrive\Documentos\Maestria\2025S\Phonetics TeamLab\ALC\ses4017,5274017012_h_00.wav,N,0.0,SOBER,012,012
c:\Users\nagap\OneDrive\Documentos\Maestria\2025S\Phonetics TeamLab\ALC\ses4017,5274017013_h_00.wav,N,0.0,SOBER,013,013
c:\Users\nagap\OneDrive\Documentos\Maestria\2025S\Phonetics TeamLab\ALC\ses4017,5274017014_h_00.wav,N,0.0,SOBER,014,014
c:\Users\nagap\OneDrive\Documentos\Maestria\2025S\Phonetics TeamLab\ALC\ses4017,5274017015_h_00.wav,N,0.0,SOBER,015,015
c:\Users\nagap\OneDrive\Documentos\Maestria\2025S\Phonetics TeamLab\ALC\ses4017,5274017016_h_00.wav,N,0.0,SOBER,016,016
c:\Users\nagap\OneDrive\Documentos\Maestria\2025S\Phonetics TeamLab\ALC\ses4017,5274017017_h_00.wav,N,0.0,SOBER,017,017
c:\Users\nagap\OneDrive\Documentos\Maestria\2025S\Phonetics TeamLab\ALC\ses4017,5274017018_h_00.wav,N,0.0,SOBER,018,018
c:\Users\nagap\OneDrive\Documentos\Maestria\2025S\Phonetics TeamLab\ALC\ses4017,5274017019_h_00.wav,N,0.0,SOBER,019,019
c:\Users\nagap\OneDrive\Documentos\Maestria\2025S\Phonetics TeamLab\ALC\ses4017,5274017020_h_00.wav,N,0.0,SOBER,020,020
c:\Users\nagap\OneDrive\Documentos\Maestria\2025S\Phonetics TeamLab\ALC\ses4017,5274017021_h_00.wav,N,0.0,SOBER,021,021
c:\Users\nagap\OneDrive\Documentos\Maestria\2025S\Phonetics TeamLab\ALC\ses4017,5274017022_h_00.wav,N,0.0,SOBER,022,022
c:\Users\nagap\OneDrive\Documentos\Maestria\2025S\Phonetics TeamLab\ALC\ses4017,5274017023_h_00.wav,N,0.0,SOBER,023,023
c:\Users\nagap\OneDrive\Documentos\Maestria\2025S\Phonetics TeamLab\ALC\ses4017,5274017024_h_00.wav,N,0.0,SOBER,024,024
c:\Users\nagap\OneDrive\Documentos\Maestria\2025S\Phonetics TeamLab\ALC\ses4017,5274017025_h_00.wav,N,0.0,SOBER,025,025
c:\Users\nagap\OneDrive\Documentos\Maestria\2025S\Phonetics TeamLab\ALC\ses4017,5274017026_h_00.wav,N,0.0,SOBER,026,026
c:\Users\nagap\OneDrive\Documentos\Maestria\2025S\Phonetics TeamLab\ALC\ses4017,5274017027_h_00.wav,N,0.0,SOBER,027,027
c:\Users\nagap\OneDrive\Documentos\Maestria\2025S\Phonetics TeamLab\ALC\ses4017,5274017028_h_00.wav,N,0.0,SOBER,028,028
c:\Users\nagap\OneDrive\Documentos\Maestria\2025S\Phonetics TeamLab\ALC\ses4017,5274017029_h_00.wav,N,0.0,SOBER,029,029
c:\Users\nagap\OneDrive\Documentos\Maestria\2025S\Phonetics TeamLab\ALC\ses4017,5274017030_h_00.wav,N,0.0,SOBER,030,030
c:\Users\nagap\OneDrive\Documentos\Maestria\2025S\Phonetics TeamLab\ALC\ses4017,5274017031_h_00.wav,N,0.0,SOBER,031,031
c:\Users\nagap\OneDrive\Documentos\Maestria\2025S\Phonetics TeamLab\ALC\ses4017,5274017032_h_00.wav,N,0.0,SOBER,032,032
c:\Users\nagap\OneDrive\Documentos\Maestria\2025S\Phonetics TeamLab\ALC\ses4017,5274017033_h_00.wav,N,0.0,SOBER,033,033
c:\Users\nagap\OneDrive\Documentos\Maestria\2025S\Phonetics TeamLab\ALC\ses4017,5274017034_h_00.wav,N,0.0,SOBER,034,034
c:\Users\nagap\OneDrive\Documentos\Maestria\2025S\Phonetics TeamLab\ALC\ses4017,5274017035_h_00.wav,N,0.0,SOBER,035,035
c:\Users\nagap\OneDrive\Documentos\Maestria\2025S\Phonetics TeamLab\ALC\ses4017,5274017036_h_00.wav,N,0.0,SOBER,036,036
c:\Users\nagap\OneDrive\Documentos\Maestria\2025S\Phonetics TeamLab\ALC\ses4017,5274017037_h_00.wav,N,0.0,SOBER,037,037
c:\Users\nagap\OneDrive\Documentos\Maestria\2025S\Phonetics TeamLab\ALC\ses4017,5274017038_h_00.wav,N,0.0,SOBER,038,038
c:\Users\nagap\OneDrive\Documentos\Maestria\2025S\Phonetics TeamLab\ALC\ses4017,5274017039_h_00.wav,N,0.0,SOBER,039,039
c:\Users\nagap\OneDrive\Documentos\Maestria\2025S\Phonetics TeamLab\ALC\ses4017,5274017040_h_00.wav,N,0.0,SOBER,040,040
c:\Users\nagap\OneDrive\Documentos\Maestria\2025S\Phonetics TeamLab\ALC\ses4017,5274017041_h_00.wav,N,0.0,SOBER,041,041
c:\Users\nagap\OneDrive\Documentos\Maestria\2025S\Phonetics TeamLab\ALC\ses4017,5274017042_h_00.wav,N,0.0,SOBER,042,042
c:\Users\nagap\OneDrive\Documentos\Maestria\2025S\Phonetics TeamLab\ALC\ses4017,5274017043_h_00.wav,N,0.0,SOBER,043,043
c:\Users\nagap\OneDrive\Documentos\Maestria\2025S\Phonetics TeamLab\ALC\ses4017,5274017044_h_00.wav,N,0.0,SOBER,044,044
c:\Users\nagap\OneDrive\Documentos\Maestria\2025S\Phonetics TeamLab\ALC\ses4017,5274017045_h_00.wav,N,0.0,SOBER,045,045
c:\Users\nagap\OneDrive\Documentos\Maestria\2025S\Phonetics TeamLab\ALC\ses4017,5274017046_h_00.wav,N,0.0,SOBER,046,046
c:\Users\nagap\OneDrive\Documentos\Maestria\2025S\Phonetics TeamLab\ALC\ses4017,5274017047_h_00.wav,N,0.0,SOBER,047,047
c:\Users\nagap\OneDrive\Documentos\Maestria\2025S\Phonetics TeamLab\ALC\ses4017,5274017048_h_00.wav,N,0.0,SOBER,048,048
c:\Users\nagap\OneDrive\Documentos\Maestria\2025S\Phonetics TeamLab\ALC\ses4017,5274017049_h_00.wav,N,0.0,SOBER,049,049
c:\Users\nagap\OneDrive\Documentos\Maestria\2025S\Phonetics TeamLab\ALC\ses4017,5274017050_h_00.wav,N,0.0,SOBER,050,050
c:\Users\nagap\OneDrive\Documentos\Maestria\2025S\Phonetics TeamLab\ALC\ses4017,5274017051_h_00.wav,N,0.0,SOBER,051,051
c:\Users\nagap\OneDrive\Documentos\Maestria\2025S\Phonetics TeamLab\ALC\ses4017,5274017052_h_00.wav,N,0.0,SOBER,052,052
c:\Users\nagap\OneDrive\Documentos\Maestria\2025S\Phonetics TeamLab\ALC\ses4017,5274017053_h_00.wav,N,0.0,SOBER,053,053
c:\Users\nagap\OneDrive\Documentos\Maestria\2025S\Phonetics TeamLab\ALC\ses4017,5274017054_h_00.wav,N,0.0,SOBER,054,054
c:\Users\nagap\OneDrive\Documentos\Maestria\2025S\Phonetics TeamLab\ALC\ses4017,5274017055_h_00.wav,N,0.0,SOBER,055,055
c:\Users\nagap\OneDrive\Documentos\Maestria\2025S\Phonetics TeamLab\ALC\ses4017,5274017056_h_00.wav,N,0.0,SOBER,056,056
c:\Users\nagap\OneDrive\Documentos\Maestria\2025S\Phonetics TeamLab\ALC\ses4017,5274017057_h_00.wav,N,0.0,SOBER,057,057
c:\Users\nagap\OneDrive\Documentos\Maestria\2025S\Phonetics TeamLab\ALC\ses4017,5274017058_h_00.wav,N,0.0,SOBER,058,058
c:\Users\nagap\OneDrive\Documentos\Maestria\2025S\Phonetics TeamLab\ALC\ses4017,5274017059_h_00.wav,N,0.0,SOBER,059,059
c:\Users\nagap\OneDrive\Documentos\Maestria\2025S\Phonetics TeamLab\ALC\ses4017,5274017060_h_00.wav,N,0.0,SOBER,060,060
c:\Users\nagap\OneDrive\Documentos\Maestria\2025S\Phonetics TeamLab\ALC\ses1093,0921093001_h_00.wav,A,0.00066,DRUNK,001,001
c:\Users\nagap\OneDrive\Documentos\Maestria\2025S\Phonetics TeamLab\ALC\ses1093,0921093002_h_00.wav,A,0.00066,DRUNK,002,034
c:\Users\nagap\OneDrive\Documentos\Maestria\2025S\Phonetics TeamLab\ALC\ses1093,0921093003_h_00.wav,A,0.00066,DRUNK,003,032
c:\Users\nagap\OneDrive\Documentos\Maestria\2025S\Phonetics TeamLab\ALC\ses1093,0921093004_h_00.wav,A,0.00066,DRUNK,004,061
c:\Users\nagap\OneDrive\Documentos\Maestria\2025S\Phonetics TeamLab\ALC\ses1093,0921093005_h_00.wav,A,0.00066,DRUNK,005,030
c:\Users\nagap\OneDrive\Documentos\Maestria\2025S\Phonetics TeamLab\ALC\ses1093,0921093006_h_00.wav,A,0.00066,DRUNK,006,026
c:\Users\nagap\OneDrive\Documentos\Maestria\2025S\Phonetics TeamLab\ALC\ses1093,0921093007_h_00.wav,A,0.00066,DRUNK,007,023
c:\Users\nagap\OneDrive\Documentos\Maestria\2025S\Phonetics TeamLab\ALC\ses1093,0921093008_h_00.wav,A,0.00066,DRUNK,008,008
c:\Users\nagap\OneDrive\Documentos\Maestria\2025S\Phonetics TeamLab\ALC\ses1093,0921093009_h_00.wav,A,0.00066,DRUNK,009,029
c:\Users\nagap\OneDrive\Documentos\Maestria\2025S\Phonetics TeamLab\ALC\ses1093,0921093010_h_01.wav,A,0.00066,DRUNK,010,010
c:\Users\nagap\OneDrive\Documentos\Maestria\2025S\Phonetics TeamLab\ALC\ses1093,0921093011_h_00.wav,A,0.00066,DRUNK,011,031
c:\Users\nagap\OneDrive\Documentos\Maestria\2025S\Phonetics TeamLab\ALC\ses1093,0921093012_h_00.wav,A,0.00066,DRUNK,012,012
c:\Users\nagap\OneDrive\Documentos\Maestria\2025S\Phonetics TeamLab\ALC\ses1093,0921093013_h_00.wav,A,0.00066,DRUNK,013,013
c:\Users\nagap\OneDrive\Documentos\Maestria\2025S\Phonetics TeamLab\ALC\ses1093,0921093014_h_00.wav,A,0.00066,DRUNK,014,014
c:\Users\nagap\OneDrive\Documentos\Maestria\2025S\Phonetics TeamLab\ALC\ses1093,0921093015_h_00.wav,A,0.00066,DRUNK,015,015
c:\Users\nagap\OneDrive\Documentos\Maestria\2025S\Phonetics TeamLab\ALC\ses1093,0921093016_h_00.wav,A,0.00066,DRUNK,016,036
c:\Users\nagap\OneDrive\Documentos\Maestria\2025S\Phonetics TeamLab\ALC\ses1093,0921093017_h_00.wav,A,0.00066,DRUNK,017,024
c:\Users\nagap\OneDrive\Documentos\Maestria\2025S\Phonetics TeamLab\ALC\ses1093,0921093018_h_00.wav,A,0.00066,DRUNK,018,038
c:\Users\nagap\OneDrive\Documentos\Maestria\2025S\Phonetics TeamLab\ALC\ses1093,0921093019_h_00.wav,A,0.00066,DRUNK,019,019
c:\Users\nagap\OneDrive\Documentos\Maestria\2025S\Phonetics TeamLab\ALC\ses1093,0921093020_h_00.wav,A,0.00066,DRUNK,020,020
c:\Users\nagap\OneDrive\Documentos\Maestria\2025S\Phonetics TeamLab\ALC\ses1093,0921093021_h_00.wav,A,0.00066,DRUNK,021,041
c:\Users\nagap\OneDrive\Documentos\Maestria\2025S\Phonetics TeamLab\ALC\ses1093,0921093022_h_00.wav,A,0.00066,DRUNK,022,042
c:\Users\nagap\OneDrive\Documentos\Maestria\2025S\Phonetics TeamLab\ALC\ses1093,0921093023_h_00.wav,A,0.00066,DRUNK,023,059
c:\Users\nagap\OneDrive\Documentos\Maestria\2025S\Phonetics TeamLab\ALC\ses1093,0921093024_h_00.wav,A,0.00066,DRUNK,024,051
c:\Users\nagap\OneDrive\Documentos\Maestria\2025S\Phonetics TeamLab\ALC\ses1093,0921093025_h_00.wav,A,0.00066,DRUNK,025,046
c:\Users\nagap\OneDrive\Documentos\Maestria\2025S\Phonetics TeamLab\ALC\ses1093,0921093026_h_00.wav,A,0.00066,DRUNK,026,055
c:\Users\nagap\OneDrive\Documentos\Maestria\2025S\Phonetics TeamLab\ALC\ses1093,0921093027_h_00.wav,A,0.00066,DRUNK,027,048
c:\Users\nagap\OneDrive\Documentos\Maestria\2025S\Phonetics TeamLab\ALC\ses1093,0921093028_h_00.wav,A,0.00066,DRUNK,028,049
c:\Users\nagap\OneDrive\Documentos\Maestria\2025S\Phonetics TeamLab\ALC\ses1093,0921093029_h_00.wav,A,0.00066,DRUNK,029,050
c:\Users\nagap\OneDrive\Documentos\Maestria\2025S\Phonetics TeamLab\ALC\ses1093,0921093030_h_00.wav,A,0.00066,DRUNK,030,060
c:\Users\nagap\OneDrive\Documentos\Maestria\2025S\Phonetics TeamLab\ALC\ses2081,0922081001_h_00.wav,N,0.0,SOBER,001,001
c:\Users\nagap\OneDrive\Documentos\Maestria\2025S\Phonetics TeamLab\ALC\ses2081,0922081002_h_00.wav,N,0.0,SOBER,002,002
c:\Users\nagap\OneDrive\Documentos\Maestria\2025S\Phonetics TeamLab\ALC\ses2081,0922081003_h_00.wav,N,0.0,SOBER,003,003
c:\Users\nagap\OneDrive\Documentos\Maestria\2025S\Phonetics TeamLab\ALC\ses2081,0922081004_h_00.wav,N,0.0,SOBER,004,004
c:\Users\nagap\OneDrive\Documentos\Maestria\2025S\Phonetics TeamLab\ALC\ses2081,0922081005_h_00.wav,N,0.0,SOBER,005,005
c:\Users\nagap\OneDrive\Documentos\Maestria\2025S\Phonetics TeamLab\ALC\ses2081,0922081006_h_00.wav,N,0.0,SOBER,006,006
c:\Users\nagap\OneDrive\Documentos\Maestria\2025S\Phonetics TeamLab\ALC\ses2081,0922081007_h_00.wav,N,0.0,SOBER,007,007
c:\Users\nagap\OneDrive\Documentos\Maestria\2025S\Phonetics TeamLab\ALC\ses2081,0922081008_h_00.wav,N,0.0,SOBER,008,008
c:\Users\nagap\OneDrive\Documentos\Maestria\2025S\Phonetics TeamLab\ALC\ses2081,0922081009_h_00.wav,N,0.0,SOBER,009,009
c:\Users\nagap\OneDrive\Documentos\Maestria\2025S\Phonetics TeamLab\ALC\ses2081,0922081010_h_00.wav,N,0.0,SOBER,010,010
c:\Users\nagap\OneDrive\Documentos\Maestria\2025S\Phonetics TeamLab\ALC\ses2081,0922081011_h_00.wav,N,0.0,SOBER,011,011
c:\Users\nagap\OneDrive\Documentos\Maestria\2025S\Phonetics TeamLab\ALC\ses2081,0922081012_h_00.wav,N,0.0,SOBER,012,012
c:\Users\nagap\OneDrive\Documentos\Maestria\2025S\Phonetics TeamLab\ALC\ses2081,0922081013_h_00.wav,N,0.0,SOBER,013,013
c:\Users\nagap\OneDrive\Documentos\Maestria\2025S\Phonetics TeamLab\ALC\ses2081,0922081014_h_00.wav,N,0.0,SOBER,014,014
c:\Users\nagap\OneDrive\Documentos\Maestria\2025S\Phonetics TeamLab\ALC\ses2081,0922081015_h_00.wav,N,0.0,SOBER,015,015
c:\Users\nagap\OneDrive\Documentos\Maestria\2025S\Phonetics TeamLab\ALC\ses2081,0922081016_h_00.wav,N,0.0,SOBER,016,016
c:\Users\nagap\OneDrive\Documentos\Maestria\2025S\Phonetics TeamLab\ALC\ses2081,0922081017_h_00.wav,N,0.0,SOBER,017,017
c:\Users\nagap\OneDrive\Documentos\Maestria\2025S\Phonetics TeamLab\ALC\ses2081,0922081018_h_00.wav,N,0.0,SOBER,018,018
c:\Users\nagap\OneDrive\Documentos\Maestria\2025S\Phonetics TeamLab\ALC\ses2081,0922081019_h_00.wav,N,0.0,SOBER,019,019
c:\Users\nagap\OneDrive\Documentos\Maestria\2025S\Phonetics TeamLab\ALC\ses2081,0922081020_h_00.wav,N,0.0,SOBER,020,020
c:\Users\nagap\OneDrive\Documentos\Maestria\2025S\Phonetics TeamLab\ALC\ses2081,0922081021_h_00.wav,N,0.0,SOBER,021,021
c:\Users\nagap\OneDrive\Documentos\Maestria\2025S\Phonetics TeamLab\ALC\ses2081,0922081022_h_00.wav,N,0.0,SOBER,022,022
c:\Users\nagap\OneDrive\Documentos\Maestria\2025S\Phonetics TeamLab\ALC\ses2081,0922081023_h_00.wav,N,0.0,SOBER,023,023
c:\Users\nagap\OneDrive\Documentos\Maestria\2025S\Phonetics TeamLab\ALC\ses2081,0922081024_h_00.wav,N,0.0,SOBER,024,024
c:\Users\nagap\OneDrive\Documentos\Maestria\2025S\Phonetics TeamLab\ALC\ses2081,0922081025_h_00.wav,N,0.0,SOBER,025,025
c:\Users\nagap\OneDrive\Documentos\Maestria\2025S\Phonetics TeamLab\ALC\ses2081,0922081026_h_00.wav,N,0.0,SOBER,026,026
c:\Users\nagap\OneDrive\Documentos\Maestria\2025S\Phonetics TeamLab\ALC\ses2081,0922081027_h_00.wav,N,0.0,SOBER,027,027
c:\Users\nagap\OneDrive\Documentos\Maestria\2025S\Phonetics TeamLab\ALC\ses2081,0922081028_h_00.wav,N,0.0,SOBER,028,028
c:\Users\nagap\OneDrive\Documentos\Maestria\2025S\Phonetics TeamLab\ALC\ses2081,0922081029_h_00.wav,N,0.0,SOBER,029,029
c:\Users\nagap\OneDrive\Documentos\Maestria\2025S\Phonetics TeamLab\ALC\ses2081,0922081030_h_00.wav,N,0.0,SOBER,030,030
c:\Users\nagap\OneDrive\Documentos\Maestria\2025S\Phonetics TeamLab\ALC\ses2081,0922081031_h_00.wav,N,0.0,SOBER,031,031
c:\Users\nagap\OneDrive\Documentos\Maestria\2025S\Phonetics TeamLab\ALC\ses2081,0922081032_h_00.wav,N,0.0,SOBER,032,032
c:\Users\nagap\OneDrive\Documentos\Maestria\2025S\Phonetics TeamLab\ALC\ses2081,0922081033_h_00.wav,N,0.0,SOBER,033,033
c:\Users\nagap\OneDrive\Documentos\Maestria\2025S\Phonetics TeamLab\ALC\ses2081,0922081034_h_00.wav,N,0.0,SOBER,034,034
c:\Users\nagap\OneDrive\Documentos\Maestria\2025S\Phonetics TeamLab\ALC\ses2081,0922081035_h_00.wav,N,0.0,SOBER,035,035
c:\Users\nagap\OneDrive\Documentos\Maestria\2025S\Phonetics TeamLab\ALC\ses2081,0922081036_h_00.wav,N,0.0,SOBER,036,036
c:\Users\nagap\OneDrive\Documentos\Maestria\2025S\Phonetics TeamLab\ALC\ses2081,0922081037_h_00.wav,N,0.0,SOBER,037,037
c:\Users\nagap\OneDrive\Documentos\Maestria\2025S\Phonetics TeamLab\ALC\ses2081,0922081038_h_00.wav,N,0.0,SOBER,038,038
c:\Users\nagap\OneDrive\Documentos\Maestria\2025S\Phonetics TeamLab\ALC\ses2081,0922081039_h_00.wav,N,0.0,SOBER,039,039
c:\Users\nagap\OneDrive\Documentos\Maestria\2025S\Phonetics TeamLab\ALC\ses2081,0922081040_h_00.wav,N,0.0,SOBER,040,040
c:\Users\nagap\OneDrive\Documentos\Maestria\2025S\Phonetics TeamLab\ALC\ses2081,0922081041_h_00.wav,N,0.0,SOBER,041,041
c:\Users\nagap\OneDrive\Documentos\Maestria\2025S\Phonetics TeamLab\ALC\ses2081,0922081042_h_00.wav,N,0.0,SOBER,042,042
c:\Users\nagap\OneDrive\Documentos\Maestria\2025S\Phonetics TeamLab\ALC\ses2081,0922081043_h_00.wav,N,0.0,SOBER,043,043
c:\Users\nagap\OneDrive\Documentos\Maestria\2025S\Phonetics TeamLab\ALC\ses2081,0922081044_h_00.wav,N,0.0,SOBER,044,044
c:\Users\nagap\OneDrive\Documentos\Maestria\2025S\Phonetics TeamLab\ALC\ses2081,0922081045_h_00.wav,N,0.0,SOBER,045,045
c:\Users\nagap\OneDrive\Documentos\Maestria\2025S\Phonetics TeamLab\ALC\ses2081,0922081046_h_00.wav,N,0.0,SOBER,046,046
c:\Users\nagap\OneDrive\Documentos\Maestria\2025S\Phonetics TeamLab\ALC\ses2081,0922081047_h_00.wav,N,0.0,SOBER,047,047
c:\Users\nagap\OneDrive\Documentos\Maestria\2025S\Phonetics TeamLab\ALC\ses2081,0922081048_h_00.wav,N,0.0,SOBER,048,048
c:\Users\nagap\OneDrive\Documentos\Maestria\2025S\Phonetics TeamLab\ALC\ses2081,0922081049_h_00.wav,N,0.0,SOBER,049,049
c:\Users\nagap\OneDrive\Documentos\Maestria\2025S\Phonetics TeamLab\ALC\ses2081,0922081050_h_00.wav,N,0.0,SOBER,050,050
c:\Users\nagap\OneDrive\Documentos\Maestria\2025S\Phonetics TeamLab\ALC\ses2081,0922081051_h_00.wav,N,0.0,SOBER,051,051
c:\Users\nagap\OneDrive\Documentos\Maestria\2025S\Phonetics TeamLab\ALC\ses2081,0922081052_h_00.wav,N,0.0,SOBER,052,052
c:\Users\nagap\OneDrive\Documentos\Maestria\2025S\Phonetics TeamLab\ALC\ses2081,0922081053_h_00.wav,N,0.0,SOBER,053,053
c:\Users\nagap\OneDrive\Documentos\Maestria\2025S\Phonetics TeamLab\ALC\ses2081,0922081054_h_00.wav,N,0.0,SOBER,054,054
c:\Users\nagap\OneDrive\Documentos\Maestria\2025S\Phonetics TeamLab\ALC\ses2081,0922081055_h_00.wav,N,0.0,SOBER,055,055
c:\Users\nagap\OneDrive\Documentos\Maestria\2025S\Phonetics TeamLab\ALC\ses2081,0922081056_h_00.wav,N,0.0,SOBER,056,056
c:\Users\nagap\OneDrive\Documentos\Maestria\2025S\Phonetics TeamLab\ALC\ses2081,0922081057_h_00.wav,N,0.0,SOBER,057,057
c:\Users\nagap\OneDrive\Documentos\Maestria\2025S\Phonetics TeamLab\ALC\ses2081,0922081058_h_00.wav,N,0.0,SOBER,058,058
c:\Users\nagap\OneDrive\Documentos\Maestria\2025S\Phonetics TeamLab\ALC\ses2081,0922081059_h_00.wav,N,0.0,SOBER,059,059
c:\Users\nagap\OneDrive\Documentos\Maestria\2025S\Phonetics TeamLab\ALC\ses2081,0922081060_h_00.wav,N,0.0,SOBER,060,060
c:\Users\nagap\OneDrive\Documentos\Maestria\2025S\Phonetics TeamLab\ALC\ses1039,0381039001_h_00.wav,A,0.00092,DRUNK,001,001
c:\Users\nagap\OneDrive\Documentos\Maestria\2025S\Phonetics TeamLab\ALC\ses1039,0381039002_h_00.wav,A,0.00092,DRUNK,002,034
c:\Users\nagap\OneDrive\Documentos\Maestria\2025S\Phonetics TeamLab\ALC\ses1039,0381039003_h_00.wav,A,0.00092,DRUNK,003,032
c:\Users\nagap\OneDrive\Documentos\Maestria\2025S\Phonetics TeamLab\ALC\ses1039,0381039004_h_00.wav,A,0.00092,DRUNK,004,061
c:\Users\nagap\OneDrive\Documentos\Maestria\2025S\Phonetics TeamLab\ALC\ses1039,0381039005_h_00.wav,A,0.00092,DRUNK,005,030
c:\Users\nagap\OneDrive\Documentos\Maestria\2025S\Phonetics TeamLab\ALC\ses1039,0381039006_h_00.wav,A,0.00092,DRUNK,006,026
c:\Users\nagap\OneDrive\Documentos\Maestria\2025S\Phonetics TeamLab\ALC\ses1039,0381039007_h_00.wav,A,0.00092,DRUNK,007,023
c:\Users\nagap\OneDrive\Documentos\Maestria\2025S\Phonetics TeamLab\ALC\ses1039,0381039008_h_00.wav,A,0.00092,DRUNK,008,008
c:\Users\nagap\OneDrive\Documentos\Maestria\2025S\Phonetics TeamLab\ALC\ses1039,0381039009_h_00.wav,A,0.00092,DRUNK,009,029
c:\Users\nagap\OneDrive\Documentos\Maestria\2025S\Phonetics TeamLab\ALC\ses1039,0381039010_h_00.wav,A,0.00092,DRUNK,010,010
c:\Users\nagap\OneDrive\Documentos\Maestria\2025S\Phonetics TeamLab\ALC\ses1039,0381039011_h_00.wav,A,0.00092,DRUNK,011,031
c:\Users\nagap\OneDrive\Documentos\Maestria\2025S\Phonetics TeamLab\ALC\ses1039,0381039012_h_00.wav,A,0.00092,DRUNK,012,012
c:\Users\nagap\OneDrive\Documentos\Maestria\2025S\Phonetics TeamLab\ALC\ses1039,0381039013_h_00.wav,A,0.00092,DRUNK,013,013
c:\Users\nagap\OneDrive\Documentos\Maestria\2025S\Phonetics TeamLab\ALC\ses1039,0381039014_h_00.wav,A,0.00092,DRUNK,014,014
c:\Users\nagap\OneDrive\Documentos\Maestria\2025S\Phonetics TeamLab\ALC\ses1039,0381039015_h_00.wav,A,0.00092,DRUNK,015,015
c:\Users\nagap\OneDrive\Documentos\Maestria\2025S\Phonetics TeamLab\ALC\ses1039,0381039016_h_00.wav,A,0.00092,DRUNK,016,036
c:\Users\nagap\OneDrive\Documentos\Maestria\2025S\Phonetics TeamLab\ALC\ses1039,0381039017_h_00.wav,A,0.00092,DRUNK,017,024
c:\Users\nagap\OneDrive\Documentos\Maestria\2025S\Phonetics TeamLab\ALC\ses1039,0381039018_h_00.wav,A,0.00092,DRUNK,018,038
c:\Users\nagap\OneDrive\Documentos\Maestria\2025S\Phonetics TeamLab\ALC\ses1039,0381039019_h_00.wav,A,0.00092,DRUNK,019,019
c:\Users\nagap\OneDrive\Documentos\Maestria\2025S\Phonetics TeamLab\ALC\ses1039,0381039020_h_00.wav,A,0.00092,DRUNK,020,020
c:\Users\nagap\OneDrive\Documentos\Maestria\2025S\Phonetics TeamLab\ALC\ses1039,0381039021_h_00.wav,A,0.00092,DRUNK,021,041
c:\Users\nagap\OneDrive\Documentos\Maestria\2025S\Phonetics TeamLab\ALC\ses1039,0381039022_h_00.wav,A,0.00092,DRUNK,022,042
c:\Users\nagap\OneDrive\Documentos\Maestria\2025S\Phonetics TeamLab\ALC\ses1039,0381039023_h_00.wav,A,0.00092,DRUNK,023,059
c:\Users\nagap\OneDrive\Documentos\Maestria\2025S\Phonetics TeamLab\ALC\ses1039,0381039024_h_00.wav,A,0.00092,DRUNK,024,051
c:\Users\nagap\OneDrive\Documentos\Maestria\2025S\Phonetics TeamLab\ALC\ses1039,0381039025_h_00.wav,A,0.00092,DRUNK,025,046
c:\Users\nagap\OneDrive\Documentos\Maestria\2025S\Phonetics TeamLab\ALC\ses1039,0381039026_h_00.wav,A,0.00092,DRUNK,026,055
c:\Users\nagap\OneDrive\Documentos\Maestria\2025S\Phonetics TeamLab\ALC\ses1039,0381039027_h_00.wav,A,0.00092,DRUNK,027,048
c:\Users\nagap\OneDrive\Documentos\Maestria\2025S\Phonetics TeamLab\ALC\ses1039,0381039028_h_00.wav,A,0.00092,DRUNK,028,049
c:\Users\nagap\OneDrive\Documentos\Maestria\2025S\Phonetics TeamLab\ALC\ses1039,0381039029_h_00.wav,A,0.00092,DRUNK,029,050
c:\Users\nagap\OneDrive\Documentos\Maestria\2025S\Phonetics TeamLab\ALC\ses1039,0381039030_h_00.wav,A,0.00092,DRUNK,030,060
c:\Users\nagap\OneDrive\Documentos\Maestria\2025S\Phonetics TeamLab\ALC\ses2027,0382027001_h_00.wav,N,0.0,SOBER,001,001
c:\Users\nagap\OneDrive\Documentos\Maestria\2025S\Phonetics TeamLab\ALC\ses2027,0382027002_h_00.wav,N,0.0,SOBER,002,002
c:\Users\nagap\OneDrive\Documentos\Maestria\2025S\Phonetics TeamLab\ALC\ses2027,0382027003_h_00.wav,N,0.0,SOBER,003,003
c:\Users\nagap\OneDrive\Documentos\Maestria\2025S\Phonetics TeamLab\ALC\ses2027,0382027004_h_00.wav,N,0.0,SOBER,004,004
c:\Users\nagap\OneDrive\Documentos\Maestria\2025S\Phonetics TeamLab\ALC\ses2027,0382027005_h_00.wav,N,0.0,SOBER,005,005
c:\Users\nagap\OneDrive\Documentos\Maestria\2025S\Phonetics TeamLab\ALC\ses2027,0382027006_h_00.wav,N,0.0,SOBER,006,006
c:\Users\nagap\OneDrive\Documentos\Maestria\2025S\Phonetics TeamLab\ALC\ses2027,0382027007_h_00.wav,N,0.0,SOBER,007,007
c:\Users\nagap\OneDrive\Documentos\Maestria\2025S\Phonetics TeamLab\ALC\ses2027,0382027008_h_00.wav,N,0.0,SOBER,008,008
c:\Users\nagap\OneDrive\Documentos\Maestria\2025S\Phonetics TeamLab\ALC\ses2027,0382027009_h_00.wav,N,0.0,SOBER,009,009
c:\Users\nagap\OneDrive\Documentos\Maestria\2025S\Phonetics TeamLab\ALC\ses2027,0382027010_h_00.wav,N,0.0,SOBER,010,010
c:\Users\nagap\OneDrive\Documentos\Maestria\2025S\Phonetics TeamLab\ALC\ses2027,0382027011_h_00.wav,N,0.0,SOBER,011,011
c:\Users\nagap\OneDrive\Documentos\Maestria\2025S\Phonetics TeamLab\ALC\ses2027,0382027012_h_00.wav,N,0.0,SOBER,012,012
c:\Users\nagap\OneDrive\Documentos\Maestria\2025S\Phonetics TeamLab\ALC\ses2027,0382027013_h_00.wav,N,0.0,SOBER,013,013
c:\Users\nagap\OneDrive\Documentos\Maestria\2025S\Phonetics TeamLab\ALC\ses2027,0382027014_h_00.wav,N,0.0,SOBER,014,014
c:\Users\nagap\OneDrive\Documentos\Maestria\2025S\Phonetics TeamLab\ALC\ses2027,0382027015_h_00.wav,N,0.0,SOBER,015,015
c:\Users\nagap\OneDrive\Documentos\Maestria\2025S\Phonetics TeamLab\ALC\ses2027,0382027016_h_00.wav,N,0.0,SOBER,016,016
c:\Users\nagap\OneDrive\Documentos\Maestria\2025S\Phonetics TeamLab\ALC\ses2027,0382027017_h_00.wav,N,0.0,SOBER,017,017
c:\Users\nagap\OneDrive\Documentos\Maestria\2025S\Phonetics TeamLab\ALC\ses2027,0382027018_h_00.wav,N,0.0,SOBER,018,018
c:\Users\nagap\OneDrive\Documentos\Maestria\2025S\Phonetics TeamLab\ALC\ses2027,0382027019_h_00.wav,N,0.0,SOBER,019,019
c:\Users\nagap\OneDrive\Documentos\Maestria\2025S\Phonetics TeamLab\ALC\ses2027,0382027020_h_00.wav,N,0.0,SOBER,020,020
c:\Users\nagap\OneDrive\Documentos\Maestria\2025S\Phonetics TeamLab\ALC\ses2027,0382027021_h_00.wav,N,0.0,SOBER,021,021
c:\Users\nagap\OneDrive\Documentos\Maestria\2025S\Phonetics TeamLab\ALC\ses2027,0382027022_h_00.wav,N,0.0,SOBER,022,022
c:\Users\nagap\OneDrive\Documentos\Maestria\2025S\Phonetics TeamLab\ALC\ses2027,0382027023_h_00.wav,N,0.0,SOBER,023,023
c:\Users\nagap\OneDrive\Documentos\Maestria\2025S\Phonetics TeamLab\ALC\ses2027,0382027024_h_00.wav,N,0.0,SOBER,024,024
c:\Users\nagap\OneDrive\Documentos\Maestria\2025S\Phonetics TeamLab\ALC\ses2027,0382027025_h_00.wav,N,0.0,SOBER,025,025
c:\Users\nagap\OneDrive\Documentos\Maestria\2025S\Phonetics TeamLab\ALC\ses2027,0382027026_h_00.wav,N,0.0,SOBER,026,026
c:\Users\nagap\OneDrive\Documentos\Maestria\2025S\Phonetics TeamLab\ALC\ses2027,0382027027_h_00.wav,N,0.0,SOBER,027,027
c:\Users\nagap\OneDrive\Documentos\Maestria\2025S\Phonetics TeamLab\ALC\ses2027,0382027028_h_00.wav,N,0.0,SOBER,028,028
c:\Users\nagap\OneDrive\Documentos\Maestria\2025S\Phonetics TeamLab\ALC\ses2027,0382027029_h_00.wav,N,0.0,SOBER,029,029
c:\Users\nagap\OneDrive\Documentos\Maestria\2025S\Phonetics TeamLab\ALC\ses2027,0382027030_h_00.wav,N,0.0,SOBER,030,030
c:\Users\nagap\OneDrive\Documentos\Maestria\2025S\Phonetics TeamLab\ALC\ses2027,0382027031_h_00.wav,N,0.0,SOBER,031,031
c:\Users\nagap\OneDrive\Documentos\Maestria\2025S\Phonetics TeamLab\ALC\ses2027,0382027032_h_00.wav,N,0.0,SOBER,032,032
c:\Users\nagap\OneDrive\Documentos\Maestria\2025S\Phonetics TeamLab\ALC\ses2027,0382027033_h_00.wav,N,0.0,SOBER,033,033
c:\Users\nagap\OneDrive\Documentos\Maestria\2025S\Phonetics TeamLab\ALC\ses2027,0382027034_h_00.wav,N,0.0,SOBER,034,034
c:\Users\nagap\OneDrive\Documentos\Maestria\2025S\Phonetics TeamLab\ALC\ses2027,0382027035_h_00.wav,N,0.0,SOBER,035,035
c:\Users\nagap\OneDrive\Documentos\Maestria\2025S\Phonetics TeamLab\ALC\ses2027,0382027036_h_00.wav,N,0.0,SOBER,036,036
c:\Users\nagap\OneDrive\Documentos\Maestria\2025S\Phonetics TeamLab\ALC\ses2027,0382027037_h_00.wav,N,0.0,SOBER,037,037
c:\Users\nagap\OneDrive\Documentos\Maestria\2025S\Phonetics TeamLab\ALC\ses2027,0382027038_h_00.wav,N,0.0,SOBER,038,038
c:\Users\nagap\OneDrive\Documentos\Maestria\2025S\Phonetics TeamLab\ALC\ses2027,0382027039_h_00.wav,N,0.0,SOBER,039,039
c:\Users\nagap\OneDrive\Documentos\Maestria\2025S\Phonetics TeamLab\ALC\ses2027,0382027040_h_00.wav,N,0.0,SOBER,040,040
c:\Users\nagap\OneDrive\Documentos\Maestria\2025S\Phonetics TeamLab\ALC\ses2027,0382027041_h_00.wav,N,0.0,SOBER,041,041
c:\Users\nagap\OneDrive\Documentos\Maestria\2025S\Phonetics TeamLab\ALC\ses2027,0382027042_h_00.wav,N,0.0,SOBER,042,042
c:\Users\nagap\OneDrive\Documentos\Maestria\2025S\Phonetics TeamLab\ALC\ses2027,0382027043_h_00.wav,N,0.0,SOBER,043,043
c:\Users\nagap\OneDrive\Documentos\Maestria\2025S\Phonetics TeamLab\ALC\ses2027,0382027044_h_00.wav,N,0.0,SOBER,044,044
c:\Users\nagap\OneDrive\Documentos\Maestria\2025S\Phonetics TeamLab\ALC\ses2027,0382027045_h_00.wav,N,0.0,SOBER,045,045
c:\Users\nagap\OneDrive\Documentos\Maestria\2025S\Phonetics TeamLab\ALC\ses2027,0382027046_h_00.wav,N,0.0,SOBER,046,046
c:\Users\nagap\OneDrive\Documentos\Maestria\2025S\Phonetics TeamLab\ALC\ses2027,0382027047_h_00.wav,N,0.0,SOBER,047,047
c:\Users\nagap\OneDrive\Documentos\Maestria\2025S\Phonetics TeamLab\ALC\ses2027,0382027048_h_00.wav,N,0.0,SOBER,048,048
c:\Users\nagap\OneDrive\Documentos\Maestria\2025S\Phonetics TeamLab\ALC\ses2027,0382027049_h_00.wav,N,0.0,SOBER,049,049
c:\Users\nagap\OneDrive\Documentos\Maestria\2025S\Phonetics TeamLab\ALC\ses2027,0382027050_h_00.wav,N,0.0,SOBER,050,050
c:\Users\nagap\OneDrive\Documentos\Maestria\2025S\Phonetics TeamLab\ALC\ses2027,0382027051_h_00.wav,N,0.0,SOBER,051,051
c:\Users\nagap\OneDrive\Documentos\Maestria\2025S\Phonetics TeamLab\ALC\ses2027,0382027052_h_00.wav,N,0.0,SOBER,052,052
c:\Users\nagap\OneDrive\Documentos\Maestria\2025S\Phonetics TeamLab\ALC\ses2027,0382027053_h_00.wav,N,0.0,SOBER,053,053
c:\Users\nagap\OneDrive\Documentos\Maestria\2025S\Phonetics TeamLab\ALC\ses2027,0382027054_h_00.wav,N,0.0,SOBER,054,054
c:\Users\nagap\OneDrive\Documentos\Maestria\2025S\Phonetics TeamLab\ALC\ses2027,0382027055_h_00.wav,N,0.0,SOBER,055,055
c:\Users\nagap\OneDrive\Documentos\Maestria\2025S\Phonetics TeamLab\ALC\ses2027,0382027056_h_00.wav,N,0.0,SOBER,056,056
c:\Users\nagap\OneDrive\Documentos\Maestria\2025S\Phonetics TeamLab\ALC\ses2027,0382027057_h_00.wav,N,0.0,SOBER,057,057
c:\Users\nagap\OneDrive\Documentos\Maestria\2025S\Phonetics TeamLab\ALC\ses2027,0382027058_h_00.wav,N,0.0,SOBER,058,058
c:\Users\nagap\OneDrive\Documentos\Maestria\2025S\Phonetics TeamLab\ALC\ses2027,0382027059_h_01.wav,N,0.0,SOBER,059,059
c:\Users\nagap\OneDrive\Documentos\Maestria\2025S\Phonetics TeamLab\ALC\ses2027,0382027060_h_00.wav,N,0.0,SOBER,060,060
c:\Users\nagap\OneDrive\Documentos\Maestria\2025S\Phonetics TeamLab\ALC\ses3082,5813082001_h_01.wav,N,0.00049,DRUNK,001,001
c:\Users\nagap\OneDrive\Documentos\Maestria\2025S\Phonetics TeamLab\ALC\ses3082,5813082002_h_01.wav,N,0.00049,DRUNK,002,034
c:\Users\nagap\OneDrive\Documentos\Maestria\2025S\Phonetics TeamLab\ALC\ses3082,5813082003_h_00.wav,N,0.00049,DRUNK,003,032
c:\Users\nagap\OneDrive\Documentos\Maestria\2025S\Phonetics TeamLab\ALC\ses3082,5813082004_h_00.wav,N,0.00049,DRUNK,004,061
c:\Users\nagap\OneDrive\Documentos\Maestria\2025S\Phonetics TeamLab\ALC\ses3082,5813082005_h_00.wav,N,0.00049,DRUNK,005,030
c:\Users\nagap\OneDrive\Documentos\Maestria\2025S\Phonetics TeamLab\ALC\ses3082,5813082006_h_00.wav,N,0.00049,DRUNK,006,026
c:\Users\nagap\OneDrive\Documentos\Maestria\2025S\Phonetics TeamLab\ALC\ses3082,5813082007_h_00.wav,N,0.00049,DRUNK,007,023
c:\Users\nagap\OneDrive\Documentos\Maestria\2025S\Phonetics TeamLab\ALC\ses3082,5813082008_h_00.wav,N,0.00049,DRUNK,008,008
c:\Users\nagap\OneDrive\Documentos\Maestria\2025S\Phonetics TeamLab\ALC\ses3082,5813082009_h_00.wav,N,0.00049,DRUNK,009,029
c:\Users\nagap\OneDrive\Documentos\Maestria\2025S\Phonetics TeamLab\ALC\ses3082,5813082010_h_00.wav,N,0.00049,DRUNK,010,010
c:\Users\nagap\OneDrive\Documentos\Maestria\2025S\Phonetics TeamLab\ALC\ses3082,5813082011_h_00.wav,N,0.00049,DRUNK,011,031
c:\Users\nagap\OneDrive\Documentos\Maestria\2025S\Phonetics TeamLab\ALC\ses3082,5813082012_h_00.wav,N,0.00049,DRUNK,012,012
c:\Users\nagap\OneDrive\Documentos\Maestria\2025S\Phonetics TeamLab\ALC\ses3082,5813082013_h_00.wav,N,0.00049,DRUNK,013,013
c:\Users\nagap\OneDrive\Documentos\Maestria\2025S\Phonetics TeamLab\ALC\ses3082,5813082014_h_00.wav,N,0.00049,DRUNK,014,014
c:\Users\nagap\OneDrive\Documentos\Maestria\2025S\Phonetics TeamLab\ALC\ses3082,5813082015_h_00.wav,N,0.00049,DRUNK,015,015
c:\Users\nagap\OneDrive\Documentos\Maestria\2025S\Phonetics TeamLab\ALC\ses3082,5813082016_h_00.wav,N,0.00049,DRUNK,016,036
c:\Users\nagap\OneDrive\Documentos\Maestria\2025S\Phonetics TeamLab\ALC\ses3082,5813082017_h_00.wav,N,0.00049,DRUNK,017,024
c:\Users\nagap\OneDrive\Documentos\Maestria\2025S\Phonetics TeamLab\ALC\ses3082,5813082018_h_00.wav,N,0.00049,DRUNK,018,038
c:\Users\nagap\OneDrive\Documentos\Maestria\2025S\Phonetics TeamLab\ALC\ses3082,5813082019_h_00.wav,N,0.00049,DRUNK,019,019
c:\Users\nagap\OneDrive\Documentos\Maestria\2025S\Phonetics TeamLab\ALC\ses3082,5813082020_h_00.wav,N,0.00049,DRUNK,020,020
c:\Users\nagap\OneDrive\Documentos\Maestria\2025S\Phonetics TeamLab\ALC\ses3082,5813082021_h_00.wav,N,0.00049,DRUNK,021,041
c:\Users\nagap\OneDrive\Documentos\Maestria\2025S\Phonetics TeamLab\ALC\ses3082,5813082022_h_00.wav,N,0.00049,DRUNK,022,042
c:\Users\nagap\OneDrive\Documentos\Maestria\2025S\Phonetics TeamLab\ALC\ses3082,5813082023_h_00.wav,N,0.00049,DRUNK,023,059
c:\Users\nagap\OneDrive\Documentos\Maestria\2025S\Phonetics TeamLab\ALC\ses3082,5813082024_h_00.wav,N,0.00049,DRUNK,024,051
c:\Users\nagap\OneDrive\Documentos\Maestria\2025S\Phonetics TeamLab\ALC\ses3082,5813082025_h_00.wav,N,0.00049,DRUNK,025,046
c:\Users\nagap\OneDrive\Documentos\Maestria\2025S\Phonetics TeamLab\ALC\ses3082,5813082026_h_00.wav,N,0.00049,DRUNK,026,055
c:\Users\nagap\OneDrive\Documentos\Maestria\2025S\Phonetics TeamLab\ALC\ses3082,5813082027_h_00.wav,N,0.00049,DRUNK,027,048
c:\Users\nagap\OneDrive\Documentos\Maestria\2025S\Phonetics TeamLab\ALC\ses3082,5813082028_h_00.wav,N,0.00049,DRUNK,028,049
c:\Users\nagap\OneDrive\Documentos\Maestria\2025S\Phonetics TeamLab\ALC\ses3082,5813082029_h_00.wav,N,0.00049,DRUNK,029,050
c:\Users\nagap\OneDrive\Documentos\Maestria\2025S\Phonetics TeamLab\ALC\ses3082,5813082030_h_00.wav,N,0.00049,DRUNK,030,060
c:\Users\nagap\OneDrive\Documentos\Maestria\2025S\Phonetics TeamLab\ALC\ses4069,5814069001_h_00.wav,N,0.0,SOBER,001,001
c:\Users\nagap\OneDrive\Documentos\Maestria\2025S\Phonetics TeamLab\ALC\ses4069,5814069002_h_00.wav,N,0.0,SOBER,002,002
c:\Users\nagap\OneDrive\Documentos\Maestria\2025S\Phonetics TeamLab\ALC\ses4069,5814069003_h_00.wav,N,0.0,SOBER,003,003
c:\Users\nagap\OneDrive\Documentos\Maestria\2025S\Phonetics TeamLab\ALC\ses4069,5814069004_h_00.wav,N,0.0,SOBER,004,004
c:\Users\nagap\OneDrive\Documentos\Maestria\2025S\Phonetics TeamLab\ALC\ses4069,5814069005_h_00.wav,N,0.0,SOBER,005,005
c:\Users\nagap\OneDrive\Documentos\Maestria\2025S\Phonetics TeamLab\ALC\ses4069,5814069006_h_00.wav,N,0.0,SOBER,006,006
c:\Users\nagap\OneDrive\Documentos\Maestria\2025S\Phonetics TeamLab\ALC\ses4069,5814069007_h_00.wav,N,0.0,SOBER,007,007
c:\Users\nagap\OneDrive\Documentos\Maestria\2025S\Phonetics TeamLab\ALC\ses4069,5814069008_h_00.wav,N,0.0,SOBER,008,008
c:\Users\nagap\OneDrive\Documentos\Maestria\2025S\Phonetics TeamLab\ALC\ses4069,5814069009_h_00.wav,N,0.0,SOBER,009,009
c:\Users\nagap\OneDrive\Documentos\Maestria\2025S\Phonetics TeamLab\ALC\ses4069,5814069010_h_00.wav,N,0.0,SOBER,010,010
c:\Users\nagap\OneDrive\Documentos\Maestria\2025S\Phonetics TeamLab\ALC\ses4069,5814069011_h_00.wav,N,0.0,SOBER,011,011
c:\Users\nagap\OneDrive\Documentos\Maestria\2025S\Phonetics TeamLab\ALC\ses4069,5814069012_h_00.wav,N,0.0,SOBER,012,012
c:\Users\nagap\OneDrive\Documentos\Maestria\2025S\Phonetics TeamLab\ALC\ses4069,5814069013_h_00.wav,N,0.0,SOBER,013,013
c:\Users\nagap\OneDrive\Documentos\Maestria\2025S\Phonetics TeamLab\ALC\ses4069,5814069014_h_00.wav,N,0.0,SOBER,014,014
c:\Users\nagap\OneDrive\Documentos\Maestria\2025S\Phonetics TeamLab\ALC\ses4069,5814069015_h_00.wav,N,0.0,SOBER,015,015
c:\Users\nagap\OneDrive\Documentos\Maestria\2025S\Phonetics TeamLab\ALC\ses4069,5814069016_h_00.wav,N,0.0,SOBER,016,016
c:\Users\nagap\OneDrive\Documentos\Maestria\2025S\Phonetics TeamLab\ALC\ses4069,5814069017_h_00.wav,N,0.0,SOBER,017,017
c:\Users\nagap\OneDrive\Documentos\Maestria\2025S\Phonetics TeamLab\ALC\ses4069,5814069018_h_00.wav,N,0.0,SOBER,018,018
c:\Users\nagap\OneDrive\Documentos\Maestria\2025S\Phonetics TeamLab\ALC\ses4069,5814069019_h_00.wav,N,0.0,SOBER,019,019
c:\Users\nagap\OneDrive\Documentos\Maestria\2025S\Phonetics TeamLab\ALC\ses4069,5814069020_h_00.wav,N,0.0,SOBER,020,020
c:\Users\nagap\OneDrive\Documentos\Maestria\2025S\Phonetics TeamLab\ALC\ses4069,5814069021_h_00.wav,N,0.0,SOBER,021,021
c:\Users\nagap\OneDrive\Documentos\Maestria\2025S\Phonetics TeamLab\ALC\ses4069,5814069022_h_00.wav,N,0.0,SOBER,022,022
c:\Users\nagap\OneDrive\Documentos\Maestria\2025S\Phonetics TeamLab\ALC\ses4069,5814069023_h_00.wav,N,0.0,SOBER,023,023
c:\Users\nagap\OneDrive\Documentos\Maestria\2025S\Phonetics TeamLab\ALC\ses4069,5814069024_h_00.wav,N,0.0,SOBER,024,024
c:\Users\nagap\OneDrive\Documentos\Maestria\2025S\Phonetics TeamLab\ALC\ses4069,5814069025_h_00.wav,N,0.0,SOBER,025,025
c:\Users\nagap\OneDrive\Documentos\Maestria\2025S\Phonetics TeamLab\ALC\ses4069,5814069026_h_00.wav,N,0.0,SOBER,026,026
c:\Users\nagap\OneDrive\Documentos\Maestria\2025S\Phonetics TeamLab\ALC\ses4069,5814069027_h_00.wav,N,0.0,SOBER,027,027
c:\Users\nagap\OneDrive\Documentos\Maestria\2025S\Phonetics TeamLab\ALC\ses4069,5814069028_h_00.wav,N,0.0,SOBER,028,028
c:\Users\nagap\OneDrive\Documentos\Maestria\2025S\Phonetics TeamLab\ALC\ses4069,5814069029_h_00.wav,N,0.0,SOBER,029,029
c:\Users\nagap\OneDrive\Documentos\Maestria\2025S\Phonetics TeamLab\ALC\ses4069,5814069030_h_00.wav,N,0.0,SOBER,030,030
c:\Users\nagap\OneDrive\Documentos\Maestria\2025S\Phonetics TeamLab\ALC\ses4069,5814069031_h_00.wav,N,0.0,SOBER,031,031
c:\Users\nagap\OneDrive\Documentos\Maestria\2025S\Phonetics TeamLab\ALC\ses4069,5814069032_h_00.wav,N,0.0,SOBER,032,032
c:\Users\nagap\OneDrive\Documentos\Maestria\2025S\Phonetics TeamLab\ALC\ses4069,5814069033_h_00.wav,N,0.0,SOBER,033,033
c:\Users\nagap\OneDrive\Documentos\Maestria\2025S\Phonetics TeamLab\ALC\ses4069,5814069034_h_00.wav,N,0.0,SOBER,034,034
c:\Users\nagap\OneDrive\Documentos\Maestria\2025S\Phonetics TeamLab\ALC\ses4069,5814069035_h_00.wav,N,0.0,SOBER,035,035
c:\Users\nagap\OneDrive\Documentos\Maestria\2025S\Phonetics TeamLab\ALC\ses4069,5814069036_h_00.wav,N,0.0,SOBER,036,036
c:\Users\nagap\OneDrive\Documentos\Maestria\2025S\Phonetics TeamLab\ALC\ses4069,5814069037_h_00.wav,N,0.0,SOBER,037,037
c:\Users\nagap\OneDrive\Documentos\Maestria\2025S\Phonetics TeamLab\ALC\ses4069,5814069038_h_00.wav,N,0.0,SOBER,038,038
c:\Users\nagap\OneDrive\Documentos\Maestria\2025S\Phonetics TeamLab\ALC\ses4069,5814069039_h_00.wav,N,0.0,SOBER,039,039
c:\Users\nagap\OneDrive\Documentos\Maestria\2025S\Phonetics TeamLab\ALC\ses4069,5814069040_h_00.wav,N,0.0,SOBER,040,040
c:\Users\nagap\OneDrive\Documentos\Maestria\2025S\Phonetics TeamLab\ALC\ses4069,5814069041_h_00.wav,N,0.0,SOBER,041,041
c:\Users\nagap\OneDrive\Documentos\Maestria\2025S\Phonetics TeamLab\ALC\ses4069,5814069042_h_00.wav,N,0.0,SOBER,042,042
c:\Users\nagap\OneDrive\Documentos\Maestria\2025S\Phonetics TeamLab\ALC\ses4069,5814069043_h_00.wav,N,0.0,SOBER,043,043
c:\Users\nagap\OneDrive\Documentos\Maestria\2025S\Phonetics TeamLab\ALC\ses4069,5814069044_h_00.wav,N,0.0,SOBER,044,044
c:\Users\nagap\OneDrive\Documentos\Maestria\2025S\Phonetics TeamLab\ALC\ses4069,5814069045_h_00.wav,N,0.0,SOBER,045,045
c:\Users\nagap\OneDrive\Documentos\Maestria\2025S\Phonetics TeamLab\ALC\ses4069,5814069046_h_00.wav,N,0.0,SOBER,046,046
c:\Users\nagap\OneDrive\Documentos\Maestria\2025S\Phonetics TeamLab\ALC\ses4069,5814069047_h_00.wav,N,0.0,SOBER,047,047
c:\Users\nagap\OneDrive\Documentos\Maestria\2025S\Phonetics TeamLab\ALC\ses4069,5814069048_h_00.wav,N,0.0,SOBER,048,048
c:\Users\nagap\OneDrive\Documentos\Maestria\2025S\Phonetics TeamLab\ALC\ses4069,5814069049_h_00.wav,N,0.0,SOBER,049,049
c:\Users\nagap\OneDrive\Documentos\Maestria\2025S\Phonetics TeamLab\ALC\ses4069,5814069050_h_00.wav,N,0.0,SOBER,050,050
c:\Users\nagap\OneDrive\Documentos\Maestria\2025S\Phonetics TeamLab\ALC\ses4069,5814069051_h_00.wav,N,0.0,SOBER,051,051
c:\Users\nagap\OneDrive\Documentos\Maestria\2025S\Phonetics TeamLab\ALC\ses4069,5814069052_h_00.wav,N,0.0,SOBER,052,052
c:\Users\nagap\OneDrive\Documentos\Maestria\2025S\Phonetics TeamLab\ALC\ses4069,5814069053_h_00.wav,N,0.0,SOBER,053,053
c:\Users\nagap\OneDrive\Documentos\Maestria\2025S\Phonetics TeamLab\ALC\ses4069,5814069054_h_00.wav,N,0.0,SOBER,054,054
c:\Users\nagap\OneDrive\Documentos\Maestria\2025S\Phonetics TeamLab\ALC\ses4069,5814069055_h_00.wav,N,0.0,SOBER,055,055
c:\Users\nagap\OneDrive\Documentos\Maestria\2025S\Phonetics TeamLab\ALC\ses4069,5814069056_h_00.wav,N,0.0,SOBER,056,056
c:\Users\nagap\OneDrive\Documentos\Maestria\2025S\Phonetics TeamLab\ALC\ses4069,5814069057_h_00.wav,N,0.0,SOBER,057,057
c:\Users\nagap\OneDrive\Documentos\Maestria\2025S\Phonetics TeamLab\ALC\ses4069,5814069058_h_00.wav,N,0.0,SOBER,058,058
c:\Users\nagap\OneDrive\Documentos\Maestria\2025S\Phonetics TeamLab\ALC\ses4069,5814069059_h_00.wav,N,0.0,SOBER,059,059
c:\Users\nagap\OneDrive\Documentos\Maestria\2025S\Phonetics TeamLab\ALC\ses4069,5814069060_h_00.wav,N,0.0,SOBER,060,060
c:\Users\nagap\OneDrive\Documentos\Maestria\2025S\Phonetics TeamLab\ALC\ses1016,0161016001_h_00.wav,A,0.0011,DRUNK,001,001
c:\Users\nagap\OneDrive\Documentos\Maestria\2025S\Phonetics TeamLab\ALC\ses1016,0161016002_h_00.wav,A,0.0011,DRUNK,002,034
c:\Users\nagap\OneDrive\Documentos\Maestria\2025S\Phonetics TeamLab\ALC\ses1016,0161016003_h_00.wav,A,0.0011,DRUNK,003,032
c:\Users\nagap\OneDrive\Documentos\Maestria\2025S\Phonetics TeamLab\ALC\ses1016,0161016004_h_00.wav,A,0.0011,DRUNK,004,061
c:\Users\nagap\OneDrive\Documentos\Maestria\2025S\Phonetics TeamLab\ALC\ses1016,0161016005_h_00.wav,A,0.0011,DRUNK,005,030
c:\Users\nagap\OneDrive\Documentos\Maestria\2025S\Phonetics TeamLab\ALC\ses1016,0161016006_h_00.wav,A,0.0011,DRUNK,006,026
c:\Users\nagap\OneDrive\Documentos\Maestria\2025S\Phonetics TeamLab\ALC\ses1016,0161016007_h_00.wav,A,0.0011,DRUNK,007,023
c:\Users\nagap\OneDrive\Documentos\Maestria\2025S\Phonetics TeamLab\ALC\ses1016,0161016008_h_00.wav,A,0.0011,DRUNK,008,008
c:\Users\nagap\OneDrive\Documentos\Maestria\2025S\Phonetics TeamLab\ALC\ses1016,0161016009_h_00.wav,A,0.0011,DRUNK,009,029
c:\Users\nagap\OneDrive\Documentos\Maestria\2025S\Phonetics TeamLab\ALC\ses1016,0161016010_h_00.wav,A,0.0011,DRUNK,010,010
c:\Users\nagap\OneDrive\Documentos\Maestria\2025S\Phonetics TeamLab\ALC\ses1016,0161016011_h_00.wav,A,0.0011,DRUNK,011,031
c:\Users\nagap\OneDrive\Documentos\Maestria\2025S\Phonetics TeamLab\ALC\ses1016,0161016012_h_00.wav,A,0.0011,DRUNK,012,012
c:\Users\nagap\OneDrive\Documentos\Maestria\2025S\Phonetics TeamLab\ALC\ses1016,0161016013_h_00.wav,A,0.0011,DRUNK,013,013
c:\Users\nagap\OneDrive\Documentos\Maestria\2025S\Phonetics TeamLab\ALC\ses1016,0161016014_h_00.wav,A,0.0011,DRUNK,014,014
c:\Users\nagap\OneDrive\Documentos\Maestria\2025S\Phonetics TeamLab\ALC\ses1016,0161016015_h_00.wav,A,0.0011,DRUNK,015,015
c:\Users\nagap\OneDrive\Documentos\Maestria\2025S\Phonetics TeamLab\ALC\ses1016,0161016016_h_00.wav,A,0.0011,DRUNK,016,036
c:\Users\nagap\OneDrive\Documentos\Maestria\2025S\Phonetics TeamLab\ALC\ses1016,0161016017_h_00.wav,A,0.0011,DRUNK,017,024
c:\Users\nagap\OneDrive\Documentos\Maestria\2025S\Phonetics TeamLab\ALC\ses1016,0161016018_h_00.wav,A,0.0011,DRUNK,018,038
c:\Users\nagap\OneDrive\Documentos\Maestria\2025S\Phonetics TeamLab\ALC\ses1016,0161016019_h_00.wav,A,0.0011,DRUNK,019,019
c:\Users\nagap\OneDrive\Documentos\Maestria\2025S\Phonetics TeamLab\ALC\ses1016,0161016020_h_00.wav,A,0.0011,DRUNK,020,020
c:\Users\nagap\OneDrive\Documentos\Maestria\2025S\Phonetics TeamLab\ALC\ses1016,0161016021_h_00.wav,A,0.0011,DRUNK,021,041
c:\Users\nagap\OneDrive\Documentos\Maestria\2025S\Phonetics TeamLab\ALC\ses1016,0161016022_h_00.wav,A,0.0011,DRUNK,022,042
c:\Users\nagap\OneDrive\Documentos\Maestria\2025S\Phonetics TeamLab\ALC\ses1016,0161016023_h_00.wav,A,0.0011,DRUNK,023,059
c:\Users\nagap\OneDrive\Documentos\Maestria\2025S\Phonetics TeamLab\ALC\ses1016,0161016024_h_00.wav,A,0.0011,DRUNK,024,051
c:\Users\nagap\OneDrive\Documentos\Maestria\2025S\Phonetics TeamLab\ALC\ses1016,0161016025_h_00.wav,A,0.0011,DRUNK,025,046
c:\Users\nagap\OneDrive\Documentos\Maestria\2025S\Phonetics TeamLab\ALC\ses1016,0161016026_h_00.wav,A,0.0011,DRUNK,026,055
c:\Users\nagap\OneDrive\Documentos\Maestria\2025S\Phonetics TeamLab\ALC\ses1016,0161016027_h_00.wav,A,0.0011,DRUNK,027,048
c:\Users\nagap\OneDrive\Documentos\Maestria\2025S\Phonetics TeamLab\ALC\ses1016,0161016028_h_00.wav,A,0.0011,DRUNK,028,049
c:\Users\nagap\OneDrive\Documentos\Maestria\2025S\Phonetics TeamLab\ALC\ses1016,0161016029_h_00.wav,A,0.0011,DRUNK,029,050
c:\Users\nagap\OneDrive\Documentos\Maestria\2025S\Phonetics TeamLab\ALC\ses1016,0161016030_h_00.wav,A,0.0011,DRUNK,030,060
c:\Users\nagap\OneDrive\Documentos\Maestria\2025S\Phonetics TeamLab\ALC\ses2011,0162011001_h_00.wav,N,0.0,SOBER,001,001
c:\Users\nagap\OneDrive\Documentos\Maestria\2025S\Phonetics TeamLab\ALC\ses2011,0162011002_h_00.wav,N,0.0,SOBER,002,002
c:\Users\nagap\OneDrive\Documentos\Maestria\2025S\Phonetics TeamLab\ALC\ses2011,0162011003_h_00.wav,N,0.0,SOBER,003,003
c:\Users\nagap\OneDrive\Documentos\Maestria\2025S\Phonetics TeamLab\ALC\ses2011,0162011004_h_00.wav,N,0.0,SOBER,004,004
c:\Users\nagap\OneDrive\Documentos\Maestria\2025S\Phonetics TeamLab\ALC\ses2011,0162011005_h_00.wav,N,0.0,SOBER,005,005
c:\Users\nagap\OneDrive\Documentos\Maestria\2025S\Phonetics TeamLab\ALC\ses2011,0162011006_h_00.wav,N,0.0,SOBER,006,006
c:\Users\nagap\OneDrive\Documentos\Maestria\2025S\Phonetics TeamLab\ALC\ses2011,0162011007_h_00.wav,N,0.0,SOBER,007,007
c:\Users\nagap\OneDrive\Documentos\Maestria\2025S\Phonetics TeamLab\ALC\ses2011,0162011008_h_00.wav,N,0.0,SOBER,008,008
c:\Users\nagap\OneDrive\Documentos\Maestria\2025S\Phonetics TeamLab\ALC\ses2011,0162011009_h_00.wav,N,0.0,SOBER,009,009
c:\Users\nagap\OneDrive\Documentos\Maestria\2025S\Phonetics TeamLab\ALC\ses2011,0162011010_h_00.wav,N,0.0,SOBER,010,010
c:\Users\nagap\OneDrive\Documentos\Maestria\2025S\Phonetics TeamLab\ALC\ses2011,0162011011_h_00.wav,N,0.0,SOBER,011,011
c:\Users\nagap\OneDrive\Documentos\Maestria\2025S\Phonetics TeamLab\ALC\ses2011,0162011012_h_00.wav,N,0.0,SOBER,012,012
c:\Users\nagap\OneDrive\Documentos\Maestria\2025S\Phonetics TeamLab\ALC\ses2011,0162011013_h_00.wav,N,0.0,SOBER,013,013
c:\Users\nagap\OneDrive\Documentos\Maestria\2025S\Phonetics TeamLab\ALC\ses2011,0162011014_h_00.wav,N,0.0,SOBER,014,014
c:\Users\nagap\OneDrive\Documentos\Maestria\2025S\Phonetics TeamLab\ALC\ses2011,0162011015_h_00.wav,N,0.0,SOBER,015,015
c:\Users\nagap\OneDrive\Documentos\Maestria\2025S\Phonetics TeamLab\ALC\ses2011,0162011016_h_00.wav,N,0.0,SOBER,016,016
c:\Users\nagap\OneDrive\Documentos\Maestria\2025S\Phonetics TeamLab\ALC\ses2011,0162011017_h_00.wav,N,0.0,SOBER,017,017
c:\Users\nagap\OneDrive\Documentos\Maestria\2025S\Phonetics TeamLab\ALC\ses2011,0162011018_h_00.wav,N,0.0,SOBER,018,018
c:\Users\nagap\OneDrive\Documentos\Maestria\2025S\Phonetics TeamLab\ALC\ses2011,0162011019_h_00.wav,N,0.0,SOBER,019,019
c:\Users\nagap\OneDrive\Documentos\Maestria\2025S\Phonetics TeamLab\ALC\ses2011,0162011020_h_00.wav,N,0.0,SOBER,020,020
c:\Users\nagap\OneDrive\Documentos\Maestria\2025S\Phonetics TeamLab\ALC\ses2011,0162011021_h_00.wav,N,0.0,SOBER,021,021
c:\Users\nagap\OneDrive\Documentos\Maestria\2025S\Phonetics TeamLab\ALC\ses2011,0162011022_h_01.wav,N,0.0,SOBER,022,022
c:\Users\nagap\OneDrive\Documentos\Maestria\2025S\Phonetics TeamLab\ALC\ses2011,0162011023_h_00.wav,N,0.0,SOBER,023,023
c:\Users\nagap\OneDrive\Documentos\Maestria\2025S\Phonetics TeamLab\ALC\ses2011,0162011024_h_00.wav,N,0.0,SOBER,024,024
c:\Users\nagap\OneDrive\Documentos\Maestria\2025S\Phonetics TeamLab\ALC\ses2011,0162011025_h_00.wav,N,0.0,SOBER,025,025
c:\Users\nagap\OneDrive\Documentos\Maestria\2025S\Phonetics TeamLab\ALC\ses2011,0162011026_h_00.wav,N,0.0,SOBER,026,026
c:\Users\nagap\OneDrive\Documentos\Maestria\2025S\Phonetics TeamLab\ALC\ses2011,0162011027_h_00.wav,N,0.0,SOBER,027,027
c:\Users\nagap\OneDrive\Documentos\Maestria\2025S\Phonetics TeamLab\ALC\ses2011,0162011028_h_00.wav,N,0.0,SOBER,028,028
c:\Users\nagap\OneDrive\Documentos\Maestria\2025S\Phonetics TeamLab\ALC\ses2011,0162011029_h_00.wav,N,0.0,SOBER,029,029
c:\Users\nagap\OneDrive\Documentos\Maestria\2025S\Phonetics TeamLab\ALC\ses2011,0162011030_h_00.wav,N,0.0,SOBER,030,030
c:\Users\nagap\OneDrive\Documentos\Maestria\2025S\Phonetics TeamLab\ALC\ses2011,0162011031_h_00.wav,N,0.0,SOBER,031,031
c:\Users\nagap\OneDrive\Documentos\Maestria\2025S\Phonetics TeamLab\ALC\ses2011,0162011032_h_00.wav,N,0.0,SOBER,032,032
c:\Users\nagap\OneDrive\Documentos\Maestria\2025S\Phonetics TeamLab\ALC\ses2011,0162011033_h_00.wav,N,0.0,SOBER,033,033
c:\Users\nagap\OneDrive\Documentos\Maestria\2025S\Phonetics TeamLab\ALC\ses2011,0162011034_h_00.wav,N,0.0,SOBER,034,034
c:\Users\nagap\OneDrive\Documentos\Maestria\2025S\Phonetics TeamLab\ALC\ses2011,0162011035_h_00.wav,N,0.0,SOBER,035,035
c:\Users\nagap\OneDrive\Documentos\Maestria\2025S\Phonetics TeamLab\ALC\ses2011,0162011036_h_00.wav,N,0.0,SOBER,036,036
c:\Users\nagap\OneDrive\Documentos\Maestria\2025S\Phonetics TeamLab\ALC\ses2011,0162011037_h_00.wav,N,0.0,SOBER,037,037
c:\Users\nagap\OneDrive\Documentos\Maestria\2025S\Phonetics TeamLab\ALC\ses2011,0162011038_h_00.wav,N,0.0,SOBER,038,038
c:\Users\nagap\OneDrive\Documentos\Maestria\2025S\Phonetics TeamLab\ALC\ses2011,0162011039_h_00.wav,N,0.0,SOBER,039,039
c:\Users\nagap\OneDrive\Documentos\Maestria\2025S\Phonetics TeamLab\ALC\ses2011,0162011040_h_00.wav,N,0.0,SOBER,040,040
c:\Users\nagap\OneDrive\Documentos\Maestria\2025S\Phonetics TeamLab\ALC\ses2011,0162011041_h_00.wav,N,0.0,SOBER,041,041
c:\Users\nagap\OneDrive\Documentos\Maestria\2025S\Phonetics TeamLab\ALC\ses2011,0162011042_h_00.wav,N,0.0,SOBER,042,042
c:\Users\nagap\OneDrive\Documentos\Maestria\2025S\Phonetics TeamLab\ALC\ses2011,0162011043_h_00.wav,N,0.0,SOBER,043,043
c:\Users\nagap\OneDrive\Documentos\Maestria\2025S\Phonetics TeamLab\ALC\ses2011,0162011044_h_00.wav,N,0.0,SOBER,044,044
c:\Users\nagap\OneDrive\Documentos\Maestria\2025S\Phonetics TeamLab\ALC\ses2011,0162011045_h_00.wav,N,0.0,SOBER,045,045
c:\Users\nagap\OneDrive\Documentos\Maestria\2025S\Phonetics TeamLab\ALC\ses2011,0162011046_h_00.wav,N,0.0,SOBER,046,046
c:\Users\nagap\OneDrive\Documentos\Maestria\2025S\Phonetics TeamLab\ALC\ses2011,0162011047_h_00.wav,N,0.0,SOBER,047,047
c:\Users\nagap\OneDrive\Documentos\Maestria\2025S\Phonetics TeamLab\ALC\ses2011,0162011048_h_00.wav,N,0.0,SOBER,048,048
c:\Users\nagap\OneDrive\Documentos\Maestria\2025S\Phonetics TeamLab\ALC\ses2011,0162011049_h_00.wav,N,0.0,SOBER,049,049
c:\Users\nagap\OneDrive\Documentos\Maestria\2025S\Phonetics TeamLab\ALC\ses2011,0162011050_h_00.wav,N,0.0,SOBER,050,050
c:\Users\nagap\OneDrive\Documentos\Maestria\2025S\Phonetics TeamLab\ALC\ses2011,0162011051_h_00.wav,N,0.0,SOBER,051,051
c:\Users\nagap\OneDrive\Documentos\Maestria\2025S\Phonetics TeamLab\ALC\ses2011,0162011052_h_00.wav,N,0.0,SOBER,052,052
c:\Users\nagap\OneDrive\Documentos\Maestria\2025S\Phonetics TeamLab\ALC\ses2011,0162011053_h_00.wav,N,0.0,SOBER,053,053
c:\Users\nagap\OneDrive\Documentos\Maestria\2025S\Phonetics TeamLab\ALC\ses2011,0162011054_h_00.wav,N,0.0,SOBER,054,054
c:\Users\nagap\OneDrive\Documentos\Maestria\2025S\Phonetics TeamLab\ALC\ses2011,0162011055_h_00.wav,N,0.0,SOBER,055,055
c:\Users\nagap\OneDrive\Documentos\Maestria\2025S\Phonetics TeamLab\ALC\ses2011,0162011056_h_00.wav,N,0.0,SOBER,056,056
c:\Users\nagap\OneDrive\Documentos\Maestria\2025S\Phonetics TeamLab\ALC\ses2011,0162011057_h_00.wav,N,0.0,SOBER,057,057
c:\Users\nagap\OneDrive\Documentos\Maestria\2025S\Phonetics TeamLab\ALC\ses2011,0162011058_h_00.wav,N,0.0,SOBER,058,058
c:\Users\nagap\OneDrive\Documentos\Maestria\2025S\Phonetics TeamLab\ALC\ses2011,0162011059_h_00.wav,N,0.0,SOBER,059,059
c:\Users\nagap\OneDrive\Documentos\Maestria\2025S\Phonetics TeamLab\ALC\ses2011,0162011060_h_00.wav,N,0.0,SOBER,060,060
c:\Users\nagap\OneDrive\Documentos\Maestria\2025S\Phonetics TeamLab\ALC\ses1087,0861087001_h_00.wav,A,0.00144,DRUNK,001,001
c:\Users\nagap\OneDrive\Documentos\Maestria\2025S\Phonetics TeamLab\ALC\ses1087,0861087002_h_00.wav,A,0.00144,DRUNK,002,034
c:\Users\nagap\OneDrive\Documentos\Maestria\2025S\Phonetics TeamLab\ALC\ses1087,0861087003_h_00.wav,A,0.00144,DRUNK,003,032
c:\Users\nagap\OneDrive\Documentos\Maestria\2025S\Phonetics TeamLab\ALC\ses1087,0861087004_h_00.wav,A,0.00144,DRUNK,004,061
c:\Users\nagap\OneDrive\Documentos\Maestria\2025S\Phonetics TeamLab\ALC\ses1087,0861087005_h_00.wav,A,0.00144,DRUNK,005,030
c:\Users\nagap\OneDrive\Documentos\Maestria\2025S\Phonetics TeamLab\ALC\ses1087,0861087006_h_00.wav,A,0.00144,DRUNK,006,026
c:\Users\nagap\OneDrive\Documentos\Maestria\2025S\Phonetics TeamLab\ALC\ses1087,0861087007_h_00.wav,A,0.00144,DRUNK,007,023
c:\Users\nagap\OneDrive\Documentos\Maestria\2025S\Phonetics TeamLab\ALC\ses1087,0861087008_h_00.wav,A,0.00144,DRUNK,008,008
c:\Users\nagap\OneDrive\Documentos\Maestria\2025S\Phonetics TeamLab\ALC\ses1087,0861087009_h_00.wav,A,0.00144,DRUNK,009,029
c:\Users\nagap\OneDrive\Documentos\Maestria\2025S\Phonetics TeamLab\ALC\ses1087,0861087010_h_00.wav,A,0.00144,DRUNK,010,010
c:\Users\nagap\OneDrive\Documentos\Maestria\2025S\Phonetics TeamLab\ALC\ses1087,0861087011_h_00.wav,A,0.00144,DRUNK,011,031
c:\Users\nagap\OneDrive\Documentos\Maestria\2025S\Phonetics TeamLab\ALC\ses1087,0861087012_h_00.wav,A,0.00144,DRUNK,012,012
c:\Users\nagap\OneDrive\Documentos\Maestria\2025S\Phonetics TeamLab\ALC\ses1087,0861087013_h_00.wav,A,0.00144,DRUNK,013,013
c:\Users\nagap\OneDrive\Documentos\Maestria\2025S\Phonetics TeamLab\ALC\ses1087,0861087014_h_00.wav,A,0.00144,DRUNK,014,014
c:\Users\nagap\OneDrive\Documentos\Maestria\2025S\Phonetics TeamLab\ALC\ses1087,0861087015_h_00.wav,A,0.00144,DRUNK,015,015
c:\Users\nagap\OneDrive\Documentos\Maestria\2025S\Phonetics TeamLab\ALC\ses1087,0861087016_h_00.wav,A,0.00144,DRUNK,016,036
c:\Users\nagap\OneDrive\Documentos\Maestria\2025S\Phonetics TeamLab\ALC\ses1087,0861087017_h_00.wav,A,0.00144,DRUNK,017,024
c:\Users\nagap\OneDrive\Documentos\Maestria\2025S\Phonetics TeamLab\ALC\ses1087,0861087018_h_00.wav,A,0.00144,DRUNK,018,038
c:\Users\nagap\OneDrive\Documentos\Maestria\2025S\Phonetics TeamLab\ALC\ses1087,0861087019_h_00.wav,A,0.00144,DRUNK,019,019
c:\Users\nagap\OneDrive\Documentos\Maestria\2025S\Phonetics TeamLab\ALC\ses1087,0861087020_h_00.wav,A,0.00144,DRUNK,020,020
c:\Users\nagap\OneDrive\Documentos\Maestria\2025S\Phonetics TeamLab\ALC\ses1087,0861087021_h_00.wav,A,0.00144,DRUNK,021,041
c:\Users\nagap\OneDrive\Documentos\Maestria\2025S\Phonetics TeamLab\ALC\ses1087,0861087022_h_00.wav,A,0.00144,DRUNK,022,042
c:\Users\nagap\OneDrive\Documentos\Maestria\2025S\Phonetics TeamLab\ALC\ses1087,0861087023_h_00.wav,A,0.00144,DRUNK,023,059
c:\Users\nagap\OneDrive\Documentos\Maestria\2025S\Phonetics TeamLab\ALC\ses1087,0861087024_h_00.wav,A,0.00144,DRUNK,024,051
c:\Users\nagap\OneDrive\Documentos\Maestria\2025S\Phonetics TeamLab\ALC\ses1087,0861087025_h_00.wav,A,0.00144,DRUNK,025,046
c:\Users\nagap\OneDrive\Documentos\Maestria\2025S\Phonetics TeamLab\ALC\ses1087,0861087026_h_00.wav,A,0.00144,DRUNK,026,055
c:\Users\nagap\OneDrive\Documentos\Maestria\2025S\Phonetics TeamLab\ALC\ses1087,0861087027_h_00.wav,A,0.00144,DRUNK,027,048
c:\Users\nagap\OneDrive\Documentos\Maestria\2025S\Phonetics TeamLab\ALC\ses1087,0861087028_h_00.wav,A,0.00144,DRUNK,028,049
c:\Users\nagap\OneDrive\Documentos\Maestria\2025S\Phonetics TeamLab\ALC\ses1087,0861087029_h_01.wav,A,0.00144,DRUNK,029,050
c:\Users\nagap\OneDrive\Documentos\Maestria\2025S\Phonetics TeamLab\ALC\ses1087,0861087030_h_01.wav,A,0.00144,DRUNK,030,060
c:\Users\nagap\OneDrive\Documentos\Maestria\2025S\Phonetics TeamLab\ALC\ses2083,0862083001_h_00.wav,N,0.0,SOBER,001,001
c:\Users\nagap\OneDrive\Documentos\Maestria\2025S\Phonetics TeamLab\ALC\ses2083,0862083002_h_00.wav,N,0.0,SOBER,002,002
c:\Users\nagap\OneDrive\Documentos\Maestria\2025S\Phonetics TeamLab\ALC\ses2083,0862083003_h_01.wav,N,0.0,SOBER,003,003
c:\Users\nagap\OneDrive\Documentos\Maestria\2025S\Phonetics TeamLab\ALC\ses2083,0862083004_h_00.wav,N,0.0,SOBER,004,004
c:\Users\nagap\OneDrive\Documentos\Maestria\2025S\Phonetics TeamLab\ALC\ses2083,0862083005_h_00.wav,N,0.0,SOBER,005,005
c:\Users\nagap\OneDrive\Documentos\Maestria\2025S\Phonetics TeamLab\ALC\ses2083,0862083006_h_00.wav,N,0.0,SOBER,006,006
c:\Users\nagap\OneDrive\Documentos\Maestria\2025S\Phonetics TeamLab\ALC\ses2083,0862083007_h_00.wav,N,0.0,SOBER,007,007
c:\Users\nagap\OneDrive\Documentos\Maestria\2025S\Phonetics TeamLab\ALC\ses2083,0862083008_h_00.wav,N,0.0,SOBER,008,008
c:\Users\nagap\OneDrive\Documentos\Maestria\2025S\Phonetics TeamLab\ALC\ses2083,0862083009_h_00.wav,N,0.0,SOBER,009,009
c:\Users\nagap\OneDrive\Documentos\Maestria\2025S\Phonetics TeamLab\ALC\ses2083,0862083010_h_00.wav,N,0.0,SOBER,010,010
c:\Users\nagap\OneDrive\Documentos\Maestria\2025S\Phonetics TeamLab\ALC\ses2083,0862083011_h_00.wav,N,0.0,SOBER,011,011
c:\Users\nagap\OneDrive\Documentos\Maestria\2025S\Phonetics TeamLab\ALC\ses2083,0862083012_h_00.wav,N,0.0,SOBER,012,012
c:\Users\nagap\OneDrive\Documentos\Maestria\2025S\Phonetics TeamLab\ALC\ses2083,0862083013_h_00.wav,N,0.0,SOBER,013,013
c:\Users\nagap\OneDrive\Documentos\Maestria\2025S\Phonetics TeamLab\ALC\ses2083,0862083014_h_00.wav,N,0.0,SOBER,014,014
c:\Users\nagap\OneDrive\Documentos\Maestria\2025S\Phonetics TeamLab\ALC\ses2083,0862083015_h_00.wav,N,0.0,SOBER,015,015
c:\Users\nagap\OneDrive\Documentos\Maestria\2025S\Phonetics TeamLab\ALC\ses2083,0862083016_h_00.wav,N,0.0,SOBER,016,016
c:\Users\nagap\OneDrive\Documentos\Maestria\2025S\Phonetics TeamLab\ALC\ses2083,0862083017_h_01.wav,N,0.0,SOBER,017,017
c:\Users\nagap\OneDrive\Documentos\Maestria\2025S\Phonetics TeamLab\ALC\ses2083,0862083018_h_00.wav,N,0.0,SOBER,018,018
c:\Users\nagap\OneDrive\Documentos\Maestria\2025S\Phonetics TeamLab\ALC\ses2083,0862083019_h_00.wav,N,0.0,SOBER,019,019
c:\Users\nagap\OneDrive\Documentos\Maestria\2025S\Phonetics TeamLab\ALC\ses2083,0862083020_h_00.wav,N,0.0,SOBER,020,020
c:\Users\nagap\OneDrive\Documentos\Maestria\2025S\Phonetics TeamLab\ALC\ses2083,0862083021_h_00.wav,N,0.0,SOBER,021,021
c:\Users\nagap\OneDrive\Documentos\Maestria\2025S\Phonetics TeamLab\ALC\ses2083,0862083022_h_00.wav,N,0.0,SOBER,022,022
c:\Users\nagap\OneDrive\Documentos\Maestria\2025S\Phonetics TeamLab\ALC\ses2083,0862083023_h_00.wav,N,0.0,SOBER,023,023
c:\Users\nagap\OneDrive\Documentos\Maestria\2025S\Phonetics TeamLab\ALC\ses2083,0862083024_h_02.wav,N,0.0,SOBER,024,024
c:\Users\nagap\OneDrive\Documentos\Maestria\2025S\Phonetics TeamLab\ALC\ses2083,0862083025_h_00.wav,N,0.0,SOBER,025,025
c:\Users\nagap\OneDrive\Documentos\Maestria\2025S\Phonetics TeamLab\ALC\ses2083,0862083026_h_00.wav,N,0.0,SOBER,026,026
c:\Users\nagap\OneDrive\Documentos\Maestria\2025S\Phonetics TeamLab\ALC\ses2083,0862083027_h_00.wav,N,0.0,SOBER,027,027
c:\Users\nagap\OneDrive\Documentos\Maestria\2025S\Phonetics TeamLab\ALC\ses2083,0862083028_h_00.wav,N,0.0,SOBER,028,028
c:\Users\nagap\OneDrive\Documentos\Maestria\2025S\Phonetics TeamLab\ALC\ses2083,0862083029_h_00.wav,N,0.0,SOBER,029,029
c:\Users\nagap\OneDrive\Documentos\Maestria\2025S\Phonetics TeamLab\ALC\ses2083,0862083030_h_00.wav,N,0.0,SOBER,030,030
c:\Users\nagap\OneDrive\Documentos\Maestria\2025S\Phonetics TeamLab\ALC\ses2083,0862083031_h_01.wav,N,0.0,SOBER,031,031
c:\Users\nagap\OneDrive\Documentos\Maestria\2025S\Phonetics TeamLab\ALC\ses2083,0862083032_h_00.wav,N,0.0,SOBER,032,032
c:\Users\nagap\OneDrive\Documentos\Maestria\2025S\Phonetics TeamLab\ALC\ses2083,0862083033_h_00.wav,N,0.0,SOBER,033,033
c:\Users\nagap\OneDrive\Documentos\Maestria\2025S\Phonetics TeamLab\ALC\ses2083,0862083034_h_00.wav,N,0.0,SOBER,034,034
c:\Users\nagap\OneDrive\Documentos\Maestria\2025S\Phonetics TeamLab\ALC\ses2083,0862083035_h_00.wav,N,0.0,SOBER,035,035
c:\Users\nagap\OneDrive\Documentos\Maestria\2025S\Phonetics TeamLab\ALC\ses2083,0862083036_h_00.wav,N,0.0,SOBER,036,036
c:\Users\nagap\OneDrive\Documentos\Maestria\2025S\Phonetics TeamLab\ALC\ses2083,0862083037_h_00.wav,N,0.0,SOBER,037,037
c:\Users\nagap\OneDrive\Documentos\Maestria\2025S\Phonetics TeamLab\ALC\ses2083,0862083038_h_00.wav,N,0.0,SOBER,038,038
c:\Users\nagap\OneDrive\Documentos\Maestria\2025S\Phonetics TeamLab\ALC\ses2083,0862083039_h_00.wav,N,0.0,SOBER,039,039
c:\Users\nagap\OneDrive\Documentos\Maestria\2025S\Phonetics TeamLab\ALC\ses2083,0862083040_h_00.wav,N,0.0,SOBER,040,040
c:\Users\nagap\OneDrive\Documentos\Maestria\2025S\Phonetics TeamLab\ALC\ses2083,0862083041_h_00.wav,N,0.0,SOBER,041,041
c:\Users\nagap\OneDrive\Documentos\Maestria\2025S\Phonetics TeamLab\ALC\ses2083,0862083042_h_00.wav,N,0.0,SOBER,042,042
c:\Users\nagap\OneDrive\Documentos\Maestria\2025S\Phonetics TeamLab\ALC\ses2083,0862083043_h_00.wav,N,0.0,SOBER,043,043
c:\Users\nagap\OneDrive\Documentos\Maestria\2025S\Phonetics TeamLab\ALC\ses2083,0862083044_h_00.wav,N,0.0,SOBER,044,044
c:\Users\nagap\OneDrive\Documentos\Maestria\2025S\Phonetics TeamLab\ALC\ses2083,0862083045_h_00.wav,N,0.0,SOBER,045,045
c:\Users\nagap\OneDrive\Documentos\Maestria\2025S\Phonetics TeamLab\ALC\ses2083,0862083046_h_00.wav,N,0.0,SOBER,046,046
c:\Users\nagap\OneDrive\Documentos\Maestria\2025S\Phonetics TeamLab\ALC\ses2083,0862083047_h_00.wav,N,0.0,SOBER,047,047
c:\Users\nagap\OneDrive\Documentos\Maestria\2025S\Phonetics TeamLab\ALC\ses2083,0862083048_h_00.wav,N,0.0,SOBER,048,048
c:\Users\nagap\OneDrive\Documentos\Maestria\2025S\Phonetics TeamLab\ALC\ses2083,0862083049_h_00.wav,N,0.0,SOBER,049,049
c:\Users\nagap\OneDrive\Documentos\Maestria\2025S\Phonetics TeamLab\ALC\ses2083,0862083050_h_00.wav,N,0.0,SOBER,050,050
c:\Users\nagap\OneDrive\Documentos\Maestria\2025S\Phonetics TeamLab\ALC\ses2083,0862083051_h_00.wav,N,0.0,SOBER,051,051
c:\Users\nagap\OneDrive\Documentos\Maestria\2025S\Phonetics TeamLab\ALC\ses2083,0862083052_h_00.wav,N,0.0,SOBER,052,052
c:\Users\nagap\OneDrive\Documentos\Maestria\2025S\Phonetics TeamLab\ALC\ses2083,0862083053_h_00.wav,N,0.0,SOBER,053,053
c:\Users\nagap\OneDrive\Documentos\Maestria\2025S\Phonetics TeamLab\ALC\ses2083,0862083054_h_00.wav,N,0.0,SOBER,054,054
c:\Users\nagap\OneDrive\Documentos\Maestria\2025S\Phonetics TeamLab\ALC\ses2083,0862083055_h_00.wav,N,0.0,SOBER,055,055
c:\Users\nagap\OneDrive\Documentos\Maestria\2025S\Phonetics TeamLab\ALC\ses2083,0862083056_h_00.wav,N,0.0,SOBER,056,056
c:\Users\nagap\OneDrive\Documentos\Maestria\2025S\Phonetics TeamLab\ALC\ses2083,0862083057_h_00.wav,N,0.0,SOBER,057,057
c:\Users\nagap\OneDrive\Documentos\Maestria\2025S\Phonetics TeamLab\ALC\ses2083,0862083058_h_00.wav,N,0.0,SOBER,058,058
c:\Users\nagap\OneDrive\Documentos\Maestria\2025S\Phonetics TeamLab\ALC\ses2083,0862083059_h_00.wav,N,0.0,SOBER,059,059
c:\Users\nagap\OneDrive\Documentos\Maestria\2025S\Phonetics TeamLab\ALC\ses2083,0862083060_h_00.wav,N,0.0,SOBER,060,060
c:\Users\nagap\OneDrive\Documentos\Maestria\2025S\Phonetics TeamLab\ALC\ses1063,0621063001_h_00.wav,A,0.00063,DRUNK,001,001
c:\Users\nagap\OneDrive\Documentos\Maestria\2025S\Phonetics TeamLab\ALC\ses1063,0621063002_h_00.wav,A,0.00063,DRUNK,002,034
c:\Users\nagap\OneDrive\Documentos\Maestria\2025S\Phonetics TeamLab\ALC\ses1063,0621063003_h_00.wav,A,0.00063,DRUNK,003,032
c:\Users\nagap\OneDrive\Documentos\Maestria\2025S\Phonetics TeamLab\ALC\ses1063,0621063004_h_00.wav,A,0.00063,DRUNK,004,061
c:\Users\nagap\OneDrive\Documentos\Maestria\2025S\Phonetics TeamLab\ALC\ses1063,0621063005_h_00.wav,A,0.00063,DRUNK,005,030
c:\Users\nagap\OneDrive\Documentos\Maestria\2025S\Phonetics TeamLab\ALC\ses1063,0621063006_h_00.wav,A,0.00063,DRUNK,006,026
c:\Users\nagap\OneDrive\Documentos\Maestria\2025S\Phonetics TeamLab\ALC\ses1063,0621063007_h_00.wav,A,0.00063,DRUNK,007,023
c:\Users\nagap\OneDrive\Documentos\Maestria\2025S\Phonetics TeamLab\ALC\ses1063,0621063008_h_00.wav,A,0.00063,DRUNK,008,008
c:\Users\nagap\OneDrive\Documentos\Maestria\2025S\Phonetics TeamLab\ALC\ses1063,0621063009_h_00.wav,A,0.00063,DRUNK,009,029
c:\Users\nagap\OneDrive\Documentos\Maestria\2025S\Phonetics TeamLab\ALC\ses1063,0621063010_h_00.wav,A,0.00063,DRUNK,010,010
c:\Users\nagap\OneDrive\Documentos\Maestria\2025S\Phonetics TeamLab\ALC\ses1063,0621063011_h_00.wav,A,0.00063,DRUNK,011,031
c:\Users\nagap\OneDrive\Documentos\Maestria\2025S\Phonetics TeamLab\ALC\ses1063,0621063012_h_00.wav,A,0.00063,DRUNK,012,012
c:\Users\nagap\OneDrive\Documentos\Maestria\2025S\Phonetics TeamLab\ALC\ses1063,0621063013_h_00.wav,A,0.00063,DRUNK,013,013
c:\Users\nagap\OneDrive\Documentos\Maestria\2025S\Phonetics TeamLab\ALC\ses1063,0621063014_h_00.wav,A,0.00063,DRUNK,014,014
c:\Users\nagap\OneDrive\Documentos\Maestria\2025S\Phonetics TeamLab\ALC\ses1063,0621063015_h_00.wav,A,0.00063,DRUNK,015,015
c:\Users\nagap\OneDrive\Documentos\Maestria\2025S\Phonetics TeamLab\ALC\ses1063,0621063016_h_00.wav,A,0.00063,DRUNK,016,036
c:\Users\nagap\OneDrive\Documentos\Maestria\2025S\Phonetics TeamLab\ALC\ses1063,0621063017_h_00.wav,A,0.00063,DRUNK,017,024
c:\Users\nagap\OneDrive\Documentos\Maestria\2025S\Phonetics TeamLab\ALC\ses1063,0621063018_h_00.wav,A,0.00063,DRUNK,018,038
c:\Users\nagap\OneDrive\Documentos\Maestria\2025S\Phonetics TeamLab\ALC\ses1063,0621063019_h_00.wav,A,0.00063,DRUNK,019,019
c:\Users\nagap\OneDrive\Documentos\Maestria\2025S\Phonetics TeamLab\ALC\ses1063,0621063020_h_00.wav,A,0.00063,DRUNK,020,020
c:\Users\nagap\OneDrive\Documentos\Maestria\2025S\Phonetics TeamLab\ALC\ses1063,0621063021_h_00.wav,A,0.00063,DRUNK,021,041
c:\Users\nagap\OneDrive\Documentos\Maestria\2025S\Phonetics TeamLab\ALC\ses1063,0621063022_h_00.wav,A,0.00063,DRUNK,022,042
c:\Users\nagap\OneDrive\Documentos\Maestria\2025S\Phonetics TeamLab\ALC\ses1063,0621063023_h_00.wav,A,0.00063,DRUNK,023,059
c:\Users\nagap\OneDrive\Documentos\Maestria\2025S\Phonetics TeamLab\ALC\ses1063,0621063024_h_00.wav,A,0.00063,DRUNK,024,051
c:\Users\nagap\OneDrive\Documentos\Maestria\2025S\Phonetics TeamLab\ALC\ses1063,0621063025_h_00.wav,A,0.00063,DRUNK,025,046
c:\Users\nagap\OneDrive\Documentos\Maestria\2025S\Phonetics TeamLab\ALC\ses1063,0621063026_h_00.wav,A,0.00063,DRUNK,026,055
c:\Users\nagap\OneDrive\Documentos\Maestria\2025S\Phonetics TeamLab\ALC\ses1063,0621063027_h_00.wav,A,0.00063,DRUNK,027,048
c:\Users\nagap\OneDrive\Documentos\Maestria\2025S\Phonetics TeamLab\ALC\ses1063,0621063028_h_00.wav,A,0.00063,DRUNK,028,049
c:\Users\nagap\OneDrive\Documentos\Maestria\2025S\Phonetics TeamLab\ALC\ses1063,0621063029_h_00.wav,A,0.00063,DRUNK,029,050
c:\Users\nagap\OneDrive\Documentos\Maestria\2025S\Phonetics TeamLab\ALC\ses1063,0621063030_h_01.wav,A,0.00063,DRUNK,030,060
c:\Users\nagap\OneDrive\Documentos\Maestria\2025S\Phonetics TeamLab\ALC\ses2041,0622041001_h_00.wav,N,0.0,SOBER,001,001
c:\Users\nagap\OneDrive\Documentos\Maestria\2025S\Phonetics TeamLab\ALC\ses2041,0622041002_h_01.wav,N,0.0,SOBER,002,002
c:\Users\nagap\OneDrive\Documentos\Maestria\2025S\Phonetics TeamLab\ALC\ses2041,0622041003_h_00.wav,N,0.0,SOBER,003,003
c:\Users\nagap\OneDrive\Documentos\Maestria\2025S\Phonetics TeamLab\ALC\ses2041,0622041004_h_00.wav,N,0.0,SOBER,004,004
c:\Users\nagap\OneDrive\Documentos\Maestria\2025S\Phonetics TeamLab\ALC\ses2041,0622041005_h_00.wav,N,0.0,SOBER,005,005
c:\Users\nagap\OneDrive\Documentos\Maestria\2025S\Phonetics TeamLab\ALC\ses2041,0622041006_h_00.wav,N,0.0,SOBER,006,006
c:\Users\nagap\OneDrive\Documentos\Maestria\2025S\Phonetics TeamLab\ALC\ses2041,0622041007_h_00.wav,N,0.0,SOBER,007,007
c:\Users\nagap\OneDrive\Documentos\Maestria\2025S\Phonetics TeamLab\ALC\ses2041,0622041008_h_00.wav,N,0.0,SOBER,008,008
c:\Users\nagap\OneDrive\Documentos\Maestria\2025S\Phonetics TeamLab\ALC\ses2041,0622041009_h_00.wav,N,0.0,SOBER,009,009
c:\Users\nagap\OneDrive\Documentos\Maestria\2025S\Phonetics TeamLab\ALC\ses2041,0622041010_h_00.wav,N,0.0,SOBER,010,010
c:\Users\nagap\OneDrive\Documentos\Maestria\2025S\Phonetics TeamLab\ALC\ses2041,0622041011_h_00.wav,N,0.0,SOBER,011,011
c:\Users\nagap\OneDrive\Documentos\Maestria\2025S\Phonetics TeamLab\ALC\ses2041,0622041012_h_00.wav,N,0.0,SOBER,012,012
c:\Users\nagap\OneDrive\Documentos\Maestria\2025S\Phonetics TeamLab\ALC\ses2041,0622041013_h_00.wav,N,0.0,SOBER,013,013
c:\Users\nagap\OneDrive\Documentos\Maestria\2025S\Phonetics TeamLab\ALC\ses2041,0622041014_h_00.wav,N,0.0,SOBER,014,014
c:\Users\nagap\OneDrive\Documentos\Maestria\2025S\Phonetics TeamLab\ALC\ses2041,0622041015_h_00.wav,N,0.0,SOBER,015,015
c:\Users\nagap\OneDrive\Documentos\Maestria\2025S\Phonetics TeamLab\ALC\ses2041,0622041016_h_00.wav,N,0.0,SOBER,016,016
c:\Users\nagap\OneDrive\Documentos\Maestria\2025S\Phonetics TeamLab\ALC\ses2041,0622041017_h_00.wav,N,0.0,SOBER,017,017
c:\Users\nagap\OneDrive\Documentos\Maestria\2025S\Phonetics TeamLab\ALC\ses2041,0622041018_h_00.wav,N,0.0,SOBER,018,018
c:\Users\nagap\OneDrive\Documentos\Maestria\2025S\Phonetics TeamLab\ALC\ses2041,0622041019_h_00.wav,N,0.0,SOBER,019,019
c:\Users\nagap\OneDrive\Documentos\Maestria\2025S\Phonetics TeamLab\ALC\ses2041,0622041020_h_00.wav,N,0.0,SOBER,020,020
c:\Users\nagap\OneDrive\Documentos\Maestria\2025S\Phonetics TeamLab\ALC\ses2041,0622041021_h_00.wav,N,0.0,SOBER,021,021
c:\Users\nagap\OneDrive\Documentos\Maestria\2025S\Phonetics TeamLab\ALC\ses2041,0622041022_h_00.wav,N,0.0,SOBER,022,022
c:\Users\nagap\OneDrive\Documentos\Maestria\2025S\Phonetics TeamLab\ALC\ses2041,0622041023_h_00.wav,N,0.0,SOBER,023,023
c:\Users\nagap\OneDrive\Documentos\Maestria\2025S\Phonetics TeamLab\ALC\ses2041,0622041024_h_00.wav,N,0.0,SOBER,024,024
c:\Users\nagap\OneDrive\Documentos\Maestria\2025S\Phonetics TeamLab\ALC\ses2041,0622041025_h_00.wav,N,0.0,SOBER,025,025
c:\Users\nagap\OneDrive\Documentos\Maestria\2025S\Phonetics TeamLab\ALC\ses2041,0622041026_h_00.wav,N,0.0,SOBER,026,026
c:\Users\nagap\OneDrive\Documentos\Maestria\2025S\Phonetics TeamLab\ALC\ses2041,0622041027_h_00.wav,N,0.0,SOBER,027,027
c:\Users\nagap\OneDrive\Documentos\Maestria\2025S\Phonetics TeamLab\ALC\ses2041,0622041028_h_00.wav,N,0.0,SOBER,028,028
c:\Users\nagap\OneDrive\Documentos\Maestria\2025S\Phonetics TeamLab\ALC\ses2041,0622041029_h_00.wav,N,0.0,SOBER,029,029
c:\Users\nagap\OneDrive\Documentos\Maestria\2025S\Phonetics TeamLab\ALC\ses2041,0622041030_h_00.wav,N,0.0,SOBER,030,030
c:\Users\nagap\OneDrive\Documentos\Maestria\2025S\Phonetics TeamLab\ALC\ses2041,0622041031_h_00.wav,N,0.0,SOBER,031,031
c:\Users\nagap\OneDrive\Documentos\Maestria\2025S\Phonetics TeamLab\ALC\ses2041,0622041032_h_00.wav,N,0.0,SOBER,032,032
c:\Users\nagap\OneDrive\Documentos\Maestria\2025S\Phonetics TeamLab\ALC\ses2041,0622041033_h_00.wav,N,0.0,SOBER,033,033
c:\Users\nagap\OneDrive\Documentos\Maestria\2025S\Phonetics TeamLab\ALC\ses2041,0622041034_h_00.wav,N,0.0,SOBER,034,034
c:\Users\nagap\OneDrive\Documentos\Maestria\2025S\Phonetics TeamLab\ALC\ses2041,0622041035_h_00.wav,N,0.0,SOBER,035,035
c:\Users\nagap\OneDrive\Documentos\Maestria\2025S\Phonetics TeamLab\ALC\ses2041,0622041036_h_00.wav,N,0.0,SOBER,036,036
c:\Users\nagap\OneDrive\Documentos\Maestria\2025S\Phonetics TeamLab\ALC\ses2041,0622041037_h_00.wav,N,0.0,SOBER,037,037
c:\Users\nagap\OneDrive\Documentos\Maestria\2025S\Phonetics TeamLab\ALC\ses2041,0622041038_h_00.wav,N,0.0,SOBER,038,038
c:\Users\nagap\OneDrive\Documentos\Maestria\2025S\Phonetics TeamLab\ALC\ses2041,0622041039_h_00.wav,N,0.0,SOBER,039,039
c:\Users\nagap\OneDrive\Documentos\Maestria\2025S\Phonetics TeamLab\ALC\ses2041,0622041040_h_00.wav,N,0.0,SOBER,040,040
c:\Users\nagap\OneDrive\Documentos\Maestria\2025S\Phonetics TeamLab\ALC\ses2041,0622041041_h_00.wav,N,0.0,SOBER,041,041
c:\Users\nagap\OneDrive\Documentos\Maestria\2025S\Phonetics TeamLab\ALC\ses2041,0622041042_h_00.wav,N,0.0,SOBER,042,042
c:\Users\nagap\OneDrive\Documentos\Maestria\2025S\Phonetics TeamLab\ALC\ses2041,0622041043_h_01.wav,N,0.0,SOBER,043,043
c:\Users\nagap\OneDrive\Documentos\Maestria\2025S\Phonetics TeamLab\ALC\ses2041,0622041044_h_00.wav,N,0.0,SOBER,044,044
c:\Users\nagap\OneDrive\Documentos\Maestria\2025S\Phonetics TeamLab\ALC\ses2041,0622041045_h_00.wav,N,0.0,SOBER,045,045
c:\Users\nagap\OneDrive\Documentos\Maestria\2025S\Phonetics TeamLab\ALC\ses2041,0622041046_h_00.wav,N,0.0,SOBER,046,046
c:\Users\nagap\OneDrive\Documentos\Maestria\2025S\Phonetics TeamLab\ALC\ses2041,0622041047_h_00.wav,N,0.0,SOBER,047,047
c:\Users\nagap\OneDrive\Documentos\Maestria\2025S\Phonetics TeamLab\ALC\ses2041,0622041048_h_00.wav,N,0.0,SOBER,048,048
c:\Users\nagap\OneDrive\Documentos\Maestria\2025S\Phonetics TeamLab\ALC\ses2041,0622041049_h_00.wav,N,0.0,SOBER,049,049
c:\Users\nagap\OneDrive\Documentos\Maestria\2025S\Phonetics TeamLab\ALC\ses2041,0622041050_h_00.wav,N,0.0,SOBER,050,050
c:\Users\nagap\OneDrive\Documentos\Maestria\2025S\Phonetics TeamLab\ALC\ses2041,0622041051_h_00.wav,N,0.0,SOBER,051,051
c:\Users\nagap\OneDrive\Documentos\Maestria\2025S\Phonetics TeamLab\ALC\ses2041,0622041052_h_00.wav,N,0.0,SOBER,052,052
c:\Users\nagap\OneDrive\Documentos\Maestria\2025S\Phonetics TeamLab\ALC\ses2041,0622041053_h_00.wav,N,0.0,SOBER,053,053
c:\Users\nagap\OneDrive\Documentos\Maestria\2025S\Phonetics TeamLab\ALC\ses2041,0622041054_h_00.wav,N,0.0,SOBER,054,054
c:\Users\nagap\OneDrive\Documentos\Maestria\2025S\Phonetics TeamLab\ALC\ses2041,0622041055_h_00.wav,N,0.0,SOBER,055,055
c:\Users\nagap\OneDrive\Documentos\Maestria\2025S\Phonetics TeamLab\ALC\ses2041,0622041056_h_00.wav,N,0.0,SOBER,056,056
c:\Users\nagap\OneDrive\Documentos\Maestria\2025S\Phonetics TeamLab\ALC\ses2041,0622041057_h_00.wav,N,0.0,SOBER,057,057
c:\Users\nagap\OneDrive\Documentos\Maestria\2025S\Phonetics TeamLab\ALC\ses2041,0622041058_h_00.wav,N,0.0,SOBER,058,058
c:\Users\nagap\OneDrive\Documentos\Maestria\2025S\Phonetics TeamLab\ALC\ses2041,0622041059_h_00.wav,N,0.0,SOBER,059,059
c:\Users\nagap\OneDrive\Documentos\Maestria\2025S\Phonetics TeamLab\ALC\ses2041,0622041060_h_00.wav,N,0.0,SOBER,060,060
c:\Users\nagap\OneDrive\Documentos\Maestria\2025S\Phonetics TeamLab\ALC\ses1036,0351036001_h_00.wav,A,0.00074,DRUNK,001,001
c:\Users\nagap\OneDrive\Documentos\Maestria\2025S\Phonetics TeamLab\ALC\ses1036,0351036002_h_00.wav,A,0.00074,DRUNK,002,034
c:\Users\nagap\OneDrive\Documentos\Maestria\2025S\Phonetics TeamLab\ALC\ses1036,0351036003_h_00.wav,A,0.00074,DRUNK,003,032
c:\Users\nagap\OneDrive\Documentos\Maestria\2025S\Phonetics TeamLab\ALC\ses1036,0351036004_h_00.wav,A,0.00074,DRUNK,004,061
c:\Users\nagap\OneDrive\Documentos\Maestria\2025S\Phonetics TeamLab\ALC\ses1036,0351036005_h_00.wav,A,0.00074,DRUNK,005,030
c:\Users\nagap\OneDrive\Documentos\Maestria\2025S\Phonetics TeamLab\ALC\ses1036,0351036006_h_00.wav,A,0.00074,DRUNK,006,026
c:\Users\nagap\OneDrive\Documentos\Maestria\2025S\Phonetics TeamLab\ALC\ses1036,0351036007_h_00.wav,A,0.00074,DRUNK,007,023
c:\Users\nagap\OneDrive\Documentos\Maestria\2025S\Phonetics TeamLab\ALC\ses1036,0351036008_h_00.wav,A,0.00074,DRUNK,008,008
c:\Users\nagap\OneDrive\Documentos\Maestria\2025S\Phonetics TeamLab\ALC\ses1036,0351036009_h_00.wav,A,0.00074,DRUNK,009,029
c:\Users\nagap\OneDrive\Documentos\Maestria\2025S\Phonetics TeamLab\ALC\ses1036,0351036010_h_00.wav,A,0.00074,DRUNK,010,010
c:\Users\nagap\OneDrive\Documentos\Maestria\2025S\Phonetics TeamLab\ALC\ses1036,0351036011_h_00.wav,A,0.00074,DRUNK,011,031
c:\Users\nagap\OneDrive\Documentos\Maestria\2025S\Phonetics TeamLab\ALC\ses1036,0351036012_h_00.wav,A,0.00074,DRUNK,012,012
c:\Users\nagap\OneDrive\Documentos\Maestria\2025S\Phonetics TeamLab\ALC\ses1036,0351036013_h_00.wav,A,0.00074,DRUNK,013,013
c:\Users\nagap\OneDrive\Documentos\Maestria\2025S\Phonetics TeamLab\ALC\ses1036,0351036014_h_00.wav,A,0.00074,DRUNK,014,014
c:\Users\nagap\OneDrive\Documentos\Maestria\2025S\Phonetics TeamLab\ALC\ses1036,0351036015_h_00.wav,A,0.00074,DRUNK,015,015
c:\Users\nagap\OneDrive\Documentos\Maestria\2025S\Phonetics TeamLab\ALC\ses1036,0351036016_h_00.wav,A,0.00074,DRUNK,016,036
c:\Users\nagap\OneDrive\Documentos\Maestria\2025S\Phonetics TeamLab\ALC\ses1036,0351036017_h_00.wav,A,0.00074,DRUNK,017,024
c:\Users\nagap\OneDrive\Documentos\Maestria\2025S\Phonetics TeamLab\ALC\ses1036,0351036018_h_00.wav,A,0.00074,DRUNK,018,038
c:\Users\nagap\OneDrive\Documentos\Maestria\2025S\Phonetics TeamLab\ALC\ses1036,0351036019_h_00.wav,A,0.00074,DRUNK,019,019
c:\Users\nagap\OneDrive\Documentos\Maestria\2025S\Phonetics TeamLab\ALC\ses1036,0351036020_h_00.wav,A,0.00074,DRUNK,020,020
c:\Users\nagap\OneDrive\Documentos\Maestria\2025S\Phonetics TeamLab\ALC\ses1036,0351036021_h_00.wav,A,0.00074,DRUNK,021,041
c:\Users\nagap\OneDrive\Documentos\Maestria\2025S\Phonetics TeamLab\ALC\ses1036,0351036022_h_00.wav,A,0.00074,DRUNK,022,042
c:\Users\nagap\OneDrive\Documentos\Maestria\2025S\Phonetics TeamLab\ALC\ses1036,0351036023_h_00.wav,A,0.00074,DRUNK,023,059
c:\Users\nagap\OneDrive\Documentos\Maestria\2025S\Phonetics TeamLab\ALC\ses1036,0351036024_h_00.wav,A,0.00074,DRUNK,024,051
c:\Users\nagap\OneDrive\Documentos\Maestria\2025S\Phonetics TeamLab\ALC\ses1036,0351036025_h_01.wav,A,0.00074,DRUNK,025,046
c:\Users\nagap\OneDrive\Documentos\Maestria\2025S\Phonetics TeamLab\ALC\ses1036,0351036026_h_00.wav,A,0.00074,DRUNK,026,055
c:\Users\nagap\OneDrive\Documentos\Maestria\2025S\Phonetics TeamLab\ALC\ses1036,0351036027_h_00.wav,A,0.00074,DRUNK,027,048
c:\Users\nagap\OneDrive\Documentos\Maestria\2025S\Phonetics TeamLab\ALC\ses1036,0351036028_h_00.wav,A,0.00074,DRUNK,028,049
c:\Users\nagap\OneDrive\Documentos\Maestria\2025S\Phonetics TeamLab\ALC\ses1036,0351036029_h_00.wav,A,0.00074,DRUNK,029,050
c:\Users\nagap\OneDrive\Documentos\Maestria\2025S\Phonetics TeamLab\ALC\ses1036,0351036030_h_00.wav,A,0.00074,DRUNK,030,060
c:\Users\nagap\OneDrive\Documentos\Maestria\2025S\Phonetics TeamLab\ALC\ses2036,0352036001_h_00.wav,N,0.0,SOBER,001,001
c:\Users\nagap\OneDrive\Documentos\Maestria\2025S\Phonetics TeamLab\ALC\ses2036,0352036002_h_00.wav,N,0.0,SOBER,002,002
c:\Users\nagap\OneDrive\Documentos\Maestria\2025S\Phonetics TeamLab\ALC\ses2036,0352036003_h_00.wav,N,0.0,SOBER,003,003
c:\Users\nagap\OneDrive\Documentos\Maestria\2025S\Phonetics TeamLab\ALC\ses2036,0352036004_h_00.wav,N,0.0,SOBER,004,004
c:\Users\nagap\OneDrive\Documentos\Maestria\2025S\Phonetics TeamLab\ALC\ses2036,0352036005_h_01.wav,N,0.0,SOBER,005,005
c:\Users\nagap\OneDrive\Documentos\Maestria\2025S\Phonetics TeamLab\ALC\ses2036,0352036006_h_00.wav,N,0.0,SOBER,006,006
c:\Users\nagap\OneDrive\Documentos\Maestria\2025S\Phonetics TeamLab\ALC\ses2036,0352036007_h_00.wav,N,0.0,SOBER,007,007
c:\Users\nagap\OneDrive\Documentos\Maestria\2025S\Phonetics TeamLab\ALC\ses2036,0352036008_h_00.wav,N,0.0,SOBER,008,008
c:\Users\nagap\OneDrive\Documentos\Maestria\2025S\Phonetics TeamLab\ALC\ses2036,0352036009_h_00.wav,N,0.0,SOBER,009,009
c:\Users\nagap\OneDrive\Documentos\Maestria\2025S\Phonetics TeamLab\ALC\ses2036,0352036010_h_00.wav,N,0.0,SOBER,010,010
c:\Users\nagap\OneDrive\Documentos\Maestria\2025S\Phonetics TeamLab\ALC\ses2036,0352036011_h_00.wav,N,0.0,SOBER,011,011
c:\Users\nagap\OneDrive\Documentos\Maestria\2025S\Phonetics TeamLab\ALC\ses2036,0352036012_h_00.wav,N,0.0,SOBER,012,012
c:\Users\nagap\OneDrive\Documentos\Maestria\2025S\Phonetics TeamLab\ALC\ses2036,0352036013_h_00.wav,N,0.0,SOBER,013,013
c:\Users\nagap\OneDrive\Documentos\Maestria\2025S\Phonetics TeamLab\ALC\ses2036,0352036014_h_00.wav,N,0.0,SOBER,014,014
c:\Users\nagap\OneDrive\Documentos\Maestria\2025S\Phonetics TeamLab\ALC\ses2036,0352036015_h_00.wav,N,0.0,SOBER,015,015
c:\Users\nagap\OneDrive\Documentos\Maestria\2025S\Phonetics TeamLab\ALC\ses2036,0352036016_h_00.wav,N,0.0,SOBER,016,016
c:\Users\nagap\OneDrive\Documentos\Maestria\2025S\Phonetics TeamLab\ALC\ses2036,0352036017_h_00.wav,N,0.0,SOBER,017,017
c:\Users\nagap\OneDrive\Documentos\Maestria\2025S\Phonetics TeamLab\ALC\ses2036,0352036018_h_00.wav,N,0.0,SOBER,018,018
c:\Users\nagap\OneDrive\Documentos\Maestria\2025S\Phonetics TeamLab\ALC\ses2036,0352036019_h_00.wav,N,0.0,SOBER,019,019
c:\Users\nagap\OneDrive\Documentos\Maestria\2025S\Phonetics TeamLab\ALC\ses2036,0352036020_h_00.wav,N,0.0,SOBER,020,020
c:\Users\nagap\OneDrive\Documentos\Maestria\2025S\Phonetics TeamLab\ALC\ses2036,0352036021_h_00.wav,N,0.0,SOBER,021,021
c:\Users\nagap\OneDrive\Documentos\Maestria\2025S\Phonetics TeamLab\ALC\ses2036,0352036022_h_00.wav,N,0.0,SOBER,022,022
c:\Users\nagap\OneDrive\Documentos\Maestria\2025S\Phonetics TeamLab\ALC\ses2036,0352036023_h_00.wav,N,0.0,SOBER,023,023
c:\Users\nagap\OneDrive\Documentos\Maestria\2025S\Phonetics TeamLab\ALC\ses2036,0352036024_h_00.wav,N,0.0,SOBER,024,024
c:\Users\nagap\OneDrive\Documentos\Maestria\2025S\Phonetics TeamLab\ALC\ses2036,0352036025_h_00.wav,N,0.0,SOBER,025,025
c:\Users\nagap\OneDrive\Documentos\Maestria\2025S\Phonetics TeamLab\ALC\ses2036,0352036026_h_00.wav,N,0.0,SOBER,026,026
c:\Users\nagap\OneDrive\Documentos\Maestria\2025S\Phonetics TeamLab\ALC\ses2036,0352036027_h_00.wav,N,0.0,SOBER,027,027
c:\Users\nagap\OneDrive\Documentos\Maestria\2025S\Phonetics TeamLab\ALC\ses2036,0352036028_h_00.wav,N,0.0,SOBER,028,028
c:\Users\nagap\OneDrive\Documentos\Maestria\2025S\Phonetics TeamLab\ALC\ses2036,0352036029_h_00.wav,N,0.0,SOBER,029,029
c:\Users\nagap\OneDrive\Documentos\Maestria\2025S\Phonetics TeamLab\ALC\ses2036,0352036030_h_00.wav,N,0.0,SOBER,030,030
c:\Users\nagap\OneDrive\Documentos\Maestria\2025S\Phonetics TeamLab\ALC\ses2036,0352036031_h_00.wav,N,0.0,SOBER,031,031
c:\Users\nagap\OneDrive\Documentos\Maestria\2025S\Phonetics TeamLab\ALC\ses2036,0352036032_h_00.wav,N,0.0,SOBER,032,032
c:\Users\nagap\OneDrive\Documentos\Maestria\2025S\Phonetics TeamLab\ALC\ses2036,0352036033_h_00.wav,N,0.0,SOBER,033,033
c:\Users\nagap\OneDrive\Documentos\Maestria\2025S\Phonetics TeamLab\ALC\ses2036,0352036034_h_00.wav,N,0.0,SOBER,034,034
c:\Users\nagap\OneDrive\Documentos\Maestria\2025S\Phonetics TeamLab\ALC\ses2036,0352036035_h_00.wav,N,0.0,SOBER,035,035
c:\Users\nagap\OneDrive\Documentos\Maestria\2025S\Phonetics TeamLab\ALC\ses2036,0352036036_h_00.wav,N,0.0,SOBER,036,036
c:\Users\nagap\OneDrive\Documentos\Maestria\2025S\Phonetics TeamLab\ALC\ses2036,0352036037_h_00.wav,N,0.0,SOBER,037,037
c:\Users\nagap\OneDrive\Documentos\Maestria\2025S\Phonetics TeamLab\ALC\ses2036,0352036038_h_00.wav,N,0.0,SOBER,038,038
c:\Users\nagap\OneDrive\Documentos\Maestria\2025S\Phonetics TeamLab\ALC\ses2036,0352036039_h_00.wav,N,0.0,SOBER,039,039
c:\Users\nagap\OneDrive\Documentos\Maestria\2025S\Phonetics TeamLab\ALC\ses2036,0352036040_h_00.wav,N,0.0,SOBER,040,040
c:\Users\nagap\OneDrive\Documentos\Maestria\2025S\Phonetics TeamLab\ALC\ses2036,0352036041_h_00.wav,N,0.0,SOBER,041,041
c:\Users\nagap\OneDrive\Documentos\Maestria\2025S\Phonetics TeamLab\ALC\ses2036,0352036042_h_00.wav,N,0.0,SOBER,042,042
c:\Users\nagap\OneDrive\Documentos\Maestria\2025S\Phonetics TeamLab\ALC\ses2036,0352036043_h_00.wav,N,0.0,SOBER,043,043
c:\Users\nagap\OneDrive\Documentos\Maestria\2025S\Phonetics TeamLab\ALC\ses2036,0352036044_h_00.wav,N,0.0,SOBER,044,044
c:\Users\nagap\OneDrive\Documentos\Maestria\2025S\Phonetics TeamLab\ALC\ses2036,0352036045_h_00.wav,N,0.0,SOBER,045,045
c:\Users\nagap\OneDrive\Documentos\Maestria\2025S\Phonetics TeamLab\ALC\ses2036,0352036046_h_00.wav,N,0.0,SOBER,046,046
c:\Users\nagap\OneDrive\Documentos\Maestria\2025S\Phonetics TeamLab\ALC\ses2036,0352036047_h_00.wav,N,0.0,SOBER,047,047
c:\Users\nagap\OneDrive\Documentos\Maestria\2025S\Phonetics TeamLab\ALC\ses2036,0352036048_h_00.wav,N,0.0,SOBER,048,048
c:\Users\nagap\OneDrive\Documentos\Maestria\2025S\Phonetics TeamLab\ALC\ses2036,0352036049_h_00.wav,N,0.0,SOBER,049,049
c:\Users\nagap\OneDrive\Documentos\Maestria\2025S\Phonetics TeamLab\ALC\ses2036,0352036050_h_00.wav,N,0.0,SOBER,050,050
c:\Users\nagap\OneDrive\Documentos\Maestria\2025S\Phonetics TeamLab\ALC\ses2036,0352036051_h_00.wav,N,0.0,SOBER,051,051
c:\Users\nagap\OneDrive\Documentos\Maestria\2025S\Phonetics TeamLab\ALC\ses2036,0352036052_h_00.wav,N,0.0,SOBER,052,052
c:\Users\nagap\OneDrive\Documentos\Maestria\2025S\Phonetics TeamLab\ALC\ses2036,0352036053_h_00.wav,N,0.0,SOBER,053,053
c:\Users\nagap\OneDrive\Documentos\Maestria\2025S\Phonetics TeamLab\ALC\ses2036,0352036054_h_00.wav,N,0.0,SOBER,054,054
c:\Users\nagap\OneDrive\Documentos\Maestria\2025S\Phonetics TeamLab\ALC\ses2036,0352036055_h_00.wav,N,0.0,SOBER,055,055
c:\Users\nagap\OneDrive\Documentos\Maestria\2025S\Phonetics TeamLab\ALC\ses2036,0352036056_h_00.wav,N,0.0,SOBER,056,056
c:\Users\nagap\OneDrive\Documentos\Maestria\2025S\Phonetics TeamLab\ALC\ses2036,0352036057_h_00.wav,N,0.0,SOBER,057,057
c:\Users\nagap\OneDrive\Documentos\Maestria\2025S\Phonetics TeamLab\ALC\ses2036,0352036058_h_00.wav,N,0.0,SOBER,058,058
c:\Users\nagap\OneDrive\Documentos\Maestria\2025S\Phonetics TeamLab\ALC\ses2036,0352036059_h_00.wav,N,0.0,SOBER,059,059
c:\Users\nagap\OneDrive\Documentos\Maestria\2025S\Phonetics TeamLab\ALC\ses2036,0352036060_h_01.wav,N,0.0,SOBER,060,060
c:\Users\nagap\OneDrive\Documentos\Maestria\2025S\Phonetics TeamLab\ALC\ses3029,5283029001_h_00.wav,A,0.00112,DRUNK,001,001
c:\Users\nagap\OneDrive\Documentos\Maestria\2025S\Phonetics TeamLab\ALC\ses3029,5283029002_h_00.wav,A,0.00112,DRUNK,002,034
c:\Users\nagap\OneDrive\Documentos\Maestria\2025S\Phonetics TeamLab\ALC\ses3029,5283029003_h_00.wav,A,0.00112,DRUNK,003,032
c:\Users\nagap\OneDrive\Documentos\Maestria\2025S\Phonetics TeamLab\ALC\ses3029,5283029004_h_00.wav,A,0.00112,DRUNK,004,061
c:\Users\nagap\OneDrive\Documentos\Maestria\2025S\Phonetics TeamLab\ALC\ses3029,5283029005_h_00.wav,A,0.00112,DRUNK,005,030
c:\Users\nagap\OneDrive\Documentos\Maestria\2025S\Phonetics TeamLab\ALC\ses3029,5283029006_h_00.wav,A,0.00112,DRUNK,006,026
c:\Users\nagap\OneDrive\Documentos\Maestria\2025S\Phonetics TeamLab\ALC\ses3029,5283029007_h_00.wav,A,0.00112,DRUNK,007,023
c:\Users\nagap\OneDrive\Documentos\Maestria\2025S\Phonetics TeamLab\ALC\ses3029,5283029008_h_00.wav,A,0.00112,DRUNK,008,008
c:\Users\nagap\OneDrive\Documentos\Maestria\2025S\Phonetics TeamLab\ALC\ses3029,5283029009_h_00.wav,A,0.00112,DRUNK,009,029
c:\Users\nagap\OneDrive\Documentos\Maestria\2025S\Phonetics TeamLab\ALC\ses3029,5283029010_h_00.wav,A,0.00112,DRUNK,010,010
c:\Users\nagap\OneDrive\Documentos\Maestria\2025S\Phonetics TeamLab\ALC\ses3029,5283029011_h_00.wav,A,0.00112,DRUNK,011,031
c:\Users\nagap\OneDrive\Documentos\Maestria\2025S\Phonetics TeamLab\ALC\ses3029,5283029012_h_00.wav,A,0.00112,DRUNK,012,012
c:\Users\nagap\OneDrive\Documentos\Maestria\2025S\Phonetics TeamLab\ALC\ses3029,5283029013_h_00.wav,A,0.00112,DRUNK,013,013
c:\Users\nagap\OneDrive\Documentos\Maestria\2025S\Phonetics TeamLab\ALC\ses3029,5283029014_h_00.wav,A,0.00112,DRUNK,014,014
c:\Users\nagap\OneDrive\Documentos\Maestria\2025S\Phonetics TeamLab\ALC\ses3029,5283029015_h_00.wav,A,0.00112,DRUNK,015,015
c:\Users\nagap\OneDrive\Documentos\Maestria\2025S\Phonetics TeamLab\ALC\ses3029,5283029016_h_00.wav,A,0.00112,DRUNK,016,036
c:\Users\nagap\OneDrive\Documentos\Maestria\2025S\Phonetics TeamLab\ALC\ses3029,5283029017_h_00.wav,A,0.00112,DRUNK,017,024
c:\Users\nagap\OneDrive\Documentos\Maestria\2025S\Phonetics TeamLab\ALC\ses3029,5283029018_h_00.wav,A,0.00112,DRUNK,018,038
c:\Users\nagap\OneDrive\Documentos\Maestria\2025S\Phonetics TeamLab\ALC\ses3029,5283029019_h_00.wav,A,0.00112,DRUNK,019,019
c:\Users\nagap\OneDrive\Documentos\Maestria\2025S\Phonetics TeamLab\ALC\ses3029,5283029020_h_00.wav,A,0.00112,DRUNK,020,020
c:\Users\nagap\OneDrive\Documentos\Maestria\2025S\Phonetics TeamLab\ALC\ses3029,5283029021_h_00.wav,A,0.00112,DRUNK,021,041
c:\Users\nagap\OneDrive\Documentos\Maestria\2025S\Phonetics TeamLab\ALC\ses3029,5283029022_h_00.wav,A,0.00112,DRUNK,022,042
c:\Users\nagap\OneDrive\Documentos\Maestria\2025S\Phonetics TeamLab\ALC\ses3029,5283029023_h_00.wav,A,0.00112,DRUNK,023,059
c:\Users\nagap\OneDrive\Documentos\Maestria\2025S\Phonetics TeamLab\ALC\ses3029,5283029024_h_00.wav,A,0.00112,DRUNK,024,051
c:\Users\nagap\OneDrive\Documentos\Maestria\2025S\Phonetics TeamLab\ALC\ses3029,5283029025_h_00.wav,A,0.00112,DRUNK,025,046
c:\Users\nagap\OneDrive\Documentos\Maestria\2025S\Phonetics TeamLab\ALC\ses3029,5283029026_h_00.wav,A,0.00112,DRUNK,026,055
c:\Users\nagap\OneDrive\Documentos\Maestria\2025S\Phonetics TeamLab\ALC\ses3029,5283029027_h_00.wav,A,0.00112,DRUNK,027,048
c:\Users\nagap\OneDrive\Documentos\Maestria\2025S\Phonetics TeamLab\ALC\ses3029,5283029028_h_00.wav,A,0.00112,DRUNK,028,049
c:\Users\nagap\OneDrive\Documentos\Maestria\2025S\Phonetics TeamLab\ALC\ses3029,5283029029_h_00.wav,A,0.00112,DRUNK,029,050
c:\Users\nagap\OneDrive\Documentos\Maestria\2025S\Phonetics TeamLab\ALC\ses3029,5283029030_h_00.wav,A,0.00112,DRUNK,030,060
c:\Users\nagap\OneDrive\Documentos\Maestria\2025S\Phonetics TeamLab\ALC\ses4019,5284019001_h_00.wav,N,0.0,SOBER,001,001
c:\Users\nagap\OneDrive\Documentos\Maestria\2025S\Phonetics TeamLab\ALC\ses4019,5284019002_h_00.wav,N,0.0,SOBER,002,002
c:\Users\nagap\OneDrive\Documentos\Maestria\2025S\Phonetics TeamLab\ALC\ses4019,5284019003_h_00.wav,N,0.0,SOBER,003,003
c:\Users\nagap\OneDrive\Documentos\Maestria\2025S\Phonetics TeamLab\ALC\ses4019,5284019004_h_00.wav,N,0.0,SOBER,004,004
c:\Users\nagap\OneDrive\Documentos\Maestria\2025S\Phonetics TeamLab\ALC\ses4019,5284019005_h_00.wav,N,0.0,SOBER,005,005
c:\Users\nagap\OneDrive\Documentos\Maestria\2025S\Phonetics TeamLab\ALC\ses4019,5284019006_h_00.wav,N,0.0,SOBER,006,006
c:\Users\nagap\OneDrive\Documentos\Maestria\2025S\Phonetics TeamLab\ALC\ses4019,5284019007_h_00.wav,N,0.0,SOBER,007,007
c:\Users\nagap\OneDrive\Documentos\Maestria\2025S\Phonetics TeamLab\ALC\ses4019,5284019008_h_00.wav,N,0.0,SOBER,008,008
c:\Users\nagap\OneDrive\Documentos\Maestria\2025S\Phonetics TeamLab\ALC\ses4019,5284019009_h_00.wav,N,0.0,SOBER,009,009
c:\Users\nagap\OneDrive\Documentos\Maestria\2025S\Phonetics TeamLab\ALC\ses4019,5284019010_h_00.wav,N,0.0,SOBER,010,010
c:\Users\nagap\OneDrive\Documentos\Maestria\2025S\Phonetics TeamLab\ALC\ses4019,5284019011_h_00.wav,N,0.0,SOBER,011,011
c:\Users\nagap\OneDrive\Documentos\Maestria\2025S\Phonetics TeamLab\ALC\ses4019,5284019012_h_00.wav,N,0.0,SOBER,012,012
c:\Users\nagap\OneDrive\Documentos\Maestria\2025S\Phonetics TeamLab\ALC\ses4019,5284019013_h_00.wav,N,0.0,SOBER,013,013
c:\Users\nagap\OneDrive\Documentos\Maestria\2025S\Phonetics TeamLab\ALC\ses4019,5284019014_h_00.wav,N,0.0,SOBER,014,014
c:\Users\nagap\OneDrive\Documentos\Maestria\2025S\Phonetics TeamLab\ALC\ses4019,5284019015_h_00.wav,N,0.0,SOBER,015,015
c:\Users\nagap\OneDrive\Documentos\Maestria\2025S\Phonetics TeamLab\ALC\ses4019,5284019016_h_00.wav,N,0.0,SOBER,016,016
c:\Users\nagap\OneDrive\Documentos\Maestria\2025S\Phonetics TeamLab\ALC\ses4019,5284019017_h_00.wav,N,0.0,SOBER,017,017
c:\Users\nagap\OneDrive\Documentos\Maestria\2025S\Phonetics TeamLab\ALC\ses4019,5284019018_h_00.wav,N,0.0,SOBER,018,018
c:\Users\nagap\OneDrive\Documentos\Maestria\2025S\Phonetics TeamLab\ALC\ses4019,5284019019_h_00.wav,N,0.0,SOBER,019,019
c:\Users\nagap\OneDrive\Documentos\Maestria\2025S\Phonetics TeamLab\ALC\ses4019,5284019020_h_00.wav,N,0.0,SOBER,020,020
c:\Users\nagap\OneDrive\Documentos\Maestria\2025S\Phonetics TeamLab\ALC\ses4019,5284019021_h_00.wav,N,0.0,SOBER,021,021
c:\Users\nagap\OneDrive\Documentos\Maestria\2025S\Phonetics TeamLab\ALC\ses4019,5284019022_h_00.wav,N,0.0,SOBER,022,022
c:\Users\nagap\OneDrive\Documentos\Maestria\2025S\Phonetics TeamLab\ALC\ses4019,5284019023_h_00.wav,N,0.0,SOBER,023,023
c:\Users\nagap\OneDrive\Documentos\Maestria\2025S\Phonetics TeamLab\ALC\ses4019,5284019024_h_00.wav,N,0.0,SOBER,024,024
c:\Users\nagap\OneDrive\Documentos\Maestria\2025S\Phonetics TeamLab\ALC\ses4019,5284019025_h_00.wav,N,0.0,SOBER,025,025
c:\Users\nagap\OneDrive\Documentos\Maestria\2025S\Phonetics TeamLab\ALC\ses4019,5284019026_h_00.wav,N,0.0,SOBER,026,026
c:\Users\nagap\OneDrive\Documentos\Maestria\2025S\Phonetics TeamLab\ALC\ses4019,5284019027_h_00.wav,N,0.0,SOBER,027,027
c:\Users\nagap\OneDrive\Documentos\Maestria\2025S\Phonetics TeamLab\ALC\ses4019,5284019028_h_00.wav,N,0.0,SOBER,028,028
c:\Users\nagap\OneDrive\Documentos\Maestria\2025S\Phonetics TeamLab\ALC\ses4019,5284019029_h_00.wav,N,0.0,SOBER,029,029
c:\Users\nagap\OneDrive\Documentos\Maestria\2025S\Phonetics TeamLab\ALC\ses4019,5284019030_h_00.wav,N,0.0,SOBER,030,030
c:\Users\nagap\OneDrive\Documentos\Maestria\2025S\Phonetics TeamLab\ALC\ses4019,5284019031_h_00.wav,N,0.0,SOBER,031,031
c:\Users\nagap\OneDrive\Documentos\Maestria\2025S\Phonetics TeamLab\ALC\ses4019,5284019032_h_00.wav,N,0.0,SOBER,032,032
c:\Users\nagap\OneDrive\Documentos\Maestria\2025S\Phonetics TeamLab\ALC\ses4019,5284019033_h_00.wav,N,0.0,SOBER,033,033
c:\Users\nagap\OneDrive\Documentos\Maestria\2025S\Phonetics TeamLab\ALC\ses4019,5284019034_h_00.wav,N,0.0,SOBER,034,034
c:\Users\nagap\OneDrive\Documentos\Maestria\2025S\Phonetics TeamLab\ALC\ses4019,5284019035_h_00.wav,N,0.0,SOBER,035,035
c:\Users\nagap\OneDrive\Documentos\Maestria\2025S\Phonetics TeamLab\ALC\ses4019,5284019036_h_00.wav,N,0.0,SOBER,036,036
c:\Users\nagap\OneDrive\Documentos\Maestria\2025S\Phonetics TeamLab\ALC\ses4019,5284019037_h_00.wav,N,0.0,SOBER,037,037
c:\Users\nagap\OneDrive\Documentos\Maestria\2025S\Phonetics TeamLab\ALC\ses4019,5284019038_h_00.wav,N,0.0,SOBER,038,038
c:\Users\nagap\OneDrive\Documentos\Maestria\2025S\Phonetics TeamLab\ALC\ses4019,5284019039_h_00.wav,N,0.0,SOBER,039,039
c:\Users\nagap\OneDrive\Documentos\Maestria\2025S\Phonetics TeamLab\ALC\ses4019,5284019040_h_00.wav,N,0.0,SOBER,040,040
c:\Users\nagap\OneDrive\Documentos\Maestria\2025S\Phonetics TeamLab\ALC\ses4019,5284019041_h_00.wav,N,0.0,SOBER,041,041
c:\Users\nagap\OneDrive\Documentos\Maestria\2025S\Phonetics TeamLab\ALC\ses4019,5284019042_h_00.wav,N,0.0,SOBER,042,042
c:\Users\nagap\OneDrive\Documentos\Maestria\2025S\Phonetics TeamLab\ALC\ses4019,5284019043_h_00.wav,N,0.0,SOBER,043,043
c:\Users\nagap\OneDrive\Documentos\Maestria\2025S\Phonetics TeamLab\ALC\ses4019,5284019044_h_00.wav,N,0.0,SOBER,044,044
c:\Users\nagap\OneDrive\Documentos\Maestria\2025S\Phonetics TeamLab\ALC\ses4019,5284019045_h_00.wav,N,0.0,SOBER,045,045
c:\Users\nagap\OneDrive\Documentos\Maestria\2025S\Phonetics TeamLab\ALC\ses4019,5284019046_h_00.wav,N,0.0,SOBER,046,046
c:\Users\nagap\OneDrive\Documentos\Maestria\2025S\Phonetics TeamLab\ALC\ses4019,5284019047_h_00.wav,N,0.0,SOBER,047,047
c:\Users\nagap\OneDrive\Documentos\Maestria\2025S\Phonetics TeamLab\ALC\ses4019,5284019048_h_00.wav,N,0.0,SOBER,048,048
c:\Users\nagap\OneDrive\Documentos\Maestria\2025S\Phonetics TeamLab\ALC\ses4019,5284019049_h_00.wav,N,0.0,SOBER,049,049
c:\Users\nagap\OneDrive\Documentos\Maestria\2025S\Phonetics TeamLab\ALC\ses4019,5284019050_h_00.wav,N,0.0,SOBER,050,050
c:\Users\nagap\OneDrive\Documentos\Maestria\2025S\Phonetics TeamLab\ALC\ses4019,5284019051_h_00.wav,N,0.0,SOBER,051,051
c:\Users\nagap\OneDrive\Documentos\Maestria\2025S\Phonetics TeamLab\ALC\ses4019,5284019052_h_00.wav,N,0.0,SOBER,052,052
c:\Users\nagap\OneDrive\Documentos\Maestria\2025S\Phonetics TeamLab\ALC\ses4019,5284019053_h_00.wav,N,0.0,SOBER,053,053
c:\Users\nagap\OneDrive\Documentos\Maestria\2025S\Phonetics TeamLab\ALC\ses4019,5284019054_h_00.wav,N,0.0,SOBER,054,054
c:\Users\nagap\OneDrive\Documentos\Maestria\2025S\Phonetics TeamLab\ALC\ses4019,5284019055_h_00.wav,N,0.0,SOBER,055,055
c:\Users\nagap\OneDrive\Documentos\Maestria\2025S\Phonetics TeamLab\ALC\ses4019,5284019056_h_00.wav,N,0.0,SOBER,056,056
c:\Users\nagap\OneDrive\Documentos\Maestria\2025S\Phonetics TeamLab\ALC\ses4019,5284019057_h_00.wav,N,0.0,SOBER,057,057
c:\Users\nagap\OneDrive\Documentos\Maestria\2025S\Phonetics TeamLab\ALC\ses4019,5284019058_h_00.wav,N,0.0,SOBER,058,058
c:\Users\nagap\OneDrive\Documentos\Maestria\2025S\Phonetics TeamLab\ALC\ses4019,5284019059_h_00.wav,N,0.0,SOBER,059,059
c:\Users\nagap\OneDrive\Documentos\Maestria\2025S\Phonetics TeamLab\ALC\ses4019,5284019060_h_00.wav,N,0.0,SOBER,060,060
c:\Users\nagap\OneDrive\Documentos\Maestria\2025S\Phonetics TeamLab\ALC\ses1096,0951096001_h_00.wav,A,0.00108,DRUNK,001,001
c:\Users\nagap\OneDrive\Documentos\Maestria\2025S\Phonetics TeamLab\ALC\ses1096,0951096002_h_00.wav,A,0.00108,DRUNK,002,034
c:\Users\nagap\OneDrive\Documentos\Maestria\2025S\Phonetics TeamLab\ALC\ses1096,0951096003_h_00.wav,A,0.00108,DRUNK,003,032
c:\Users\nagap\OneDrive\Documentos\Maestria\2025S\Phonetics TeamLab\ALC\ses1096,0951096004_h_00.wav,A,0.00108,DRUNK,004,061
c:\Users\nagap\OneDrive\Documentos\Maestria\2025S\Phonetics TeamLab\ALC\ses1096,0951096005_h_00.wav,A,0.00108,DRUNK,005,030
c:\Users\nagap\OneDrive\Documentos\Maestria\2025S\Phonetics TeamLab\ALC\ses1096,0951096006_h_01.wav,A,0.00108,DRUNK,006,026
c:\Users\nagap\OneDrive\Documentos\Maestria\2025S\Phonetics TeamLab\ALC\ses1096,0951096007_h_00.wav,A,0.00108,DRUNK,007,023
c:\Users\nagap\OneDrive\Documentos\Maestria\2025S\Phonetics TeamLab\ALC\ses1096,0951096008_h_00.wav,A,0.00108,DRUNK,008,008
c:\Users\nagap\OneDrive\Documentos\Maestria\2025S\Phonetics TeamLab\ALC\ses1096,0951096009_h_00.wav,A,0.00108,DRUNK,009,029
c:\Users\nagap\OneDrive\Documentos\Maestria\2025S\Phonetics TeamLab\ALC\ses1096,0951096010_h_00.wav,A,0.00108,DRUNK,010,010
c:\Users\nagap\OneDrive\Documentos\Maestria\2025S\Phonetics TeamLab\ALC\ses1096,0951096011_h_00.wav,A,0.00108,DRUNK,011,031
c:\Users\nagap\OneDrive\Documentos\Maestria\2025S\Phonetics TeamLab\ALC\ses1096,0951096012_h_00.wav,A,0.00108,DRUNK,012,012
c:\Users\nagap\OneDrive\Documentos\Maestria\2025S\Phonetics TeamLab\ALC\ses1096,0951096013_h_00.wav,A,0.00108,DRUNK,013,013
c:\Users\nagap\OneDrive\Documentos\Maestria\2025S\Phonetics TeamLab\ALC\ses1096,0951096014_h_00.wav,A,0.00108,DRUNK,014,014
c:\Users\nagap\OneDrive\Documentos\Maestria\2025S\Phonetics TeamLab\ALC\ses1096,0951096015_h_00.wav,A,0.00108,DRUNK,015,015
c:\Users\nagap\OneDrive\Documentos\Maestria\2025S\Phonetics TeamLab\ALC\ses1096,0951096016_h_00.wav,A,0.00108,DRUNK,016,036
c:\Users\nagap\OneDrive\Documentos\Maestria\2025S\Phonetics TeamLab\ALC\ses1096,0951096017_h_00.wav,A,0.00108,DRUNK,017,024
c:\Users\nagap\OneDrive\Documentos\Maestria\2025S\Phonetics TeamLab\ALC\ses1096,0951096018_h_00.wav,A,0.00108,DRUNK,018,038
c:\Users\nagap\OneDrive\Documentos\Maestria\2025S\Phonetics TeamLab\ALC\ses1096,0951096019_h_00.wav,A,0.00108,DRUNK,019,019
c:\Users\nagap\OneDrive\Documentos\Maestria\2025S\Phonetics TeamLab\ALC\ses1096,0951096020_h_00.wav,A,0.00108,DRUNK,020,020
c:\Users\nagap\OneDrive\Documentos\Maestria\2025S\Phonetics TeamLab\ALC\ses1096,0951096021_h_00.wav,A,0.00108,DRUNK,021,041
c:\Users\nagap\OneDrive\Documentos\Maestria\2025S\Phonetics TeamLab\ALC\ses1096,0951096022_h_00.wav,A,0.00108,DRUNK,022,042
c:\Users\nagap\OneDrive\Documentos\Maestria\2025S\Phonetics TeamLab\ALC\ses1096,0951096023_h_00.wav,A,0.00108,DRUNK,023,059
c:\Users\nagap\OneDrive\Documentos\Maestria\2025S\Phonetics TeamLab\ALC\ses1096,0951096024_h_00.wav,A,0.00108,DRUNK,024,051
c:\Users\nagap\OneDrive\Documentos\Maestria\2025S\Phonetics TeamLab\ALC\ses1096,0951096025_h_00.wav,A,0.00108,DRUNK,025,046
c:\Users\nagap\OneDrive\Documentos\Maestria\2025S\Phonetics TeamLab\ALC\ses1096,0951096026_h_00.wav,A,0.00108,DRUNK,026,055
c:\Users\nagap\OneDrive\Documentos\Maestria\2025S\Phonetics TeamLab\ALC\ses1096,0951096027_h_00.wav,A,0.00108,DRUNK,027,048
c:\Users\nagap\OneDrive\Documentos\Maestria\2025S\Phonetics TeamLab\ALC\ses1096,0951096028_h_00.wav,A,0.00108,DRUNK,028,049
c:\Users\nagap\OneDrive\Documentos\Maestria\2025S\Phonetics TeamLab\ALC\ses1096,0951096029_h_00.wav,A,0.00108,DRUNK,029,050
c:\Users\nagap\OneDrive\Documentos\Maestria\2025S\Phonetics TeamLab\ALC\ses1096,0951096030_h_00.wav,A,0.00108,DRUNK,030,060
c:\Users\nagap\OneDrive\Documentos\Maestria\2025S\Phonetics TeamLab\ALC\ses2080,0952080001_h_00.wav,N,0.0,SOBER,001,001
c:\Users\nagap\OneDrive\Documentos\Maestria\2025S\Phonetics TeamLab\ALC\ses2080,0952080002_h_00.wav,N,0.0,SOBER,002,002
c:\Users\nagap\OneDrive\Documentos\Maestria\2025S\Phonetics TeamLab\ALC\ses2080,0952080003_h_00.wav,N,0.0,SOBER,003,003
c:\Users\nagap\OneDrive\Documentos\Maestria\2025S\Phonetics TeamLab\ALC\ses2080,0952080004_h_00.wav,N,0.0,SOBER,004,004
c:\Users\nagap\OneDrive\Documentos\Maestria\2025S\Phonetics TeamLab\ALC\ses2080,0952080005_h_00.wav,N,0.0,SOBER,005,005
c:\Users\nagap\OneDrive\Documentos\Maestria\2025S\Phonetics TeamLab\ALC\ses2080,0952080006_h_00.wav,N,0.0,SOBER,006,006
c:\Users\nagap\OneDrive\Documentos\Maestria\2025S\Phonetics TeamLab\ALC\ses2080,0952080007_h_00.wav,N,0.0,SOBER,007,007
c:\Users\nagap\OneDrive\Documentos\Maestria\2025S\Phonetics TeamLab\ALC\ses2080,0952080008_h_00.wav,N,0.0,SOBER,008,008
c:\Users\nagap\OneDrive\Documentos\Maestria\2025S\Phonetics TeamLab\ALC\ses2080,0952080009_h_00.wav,N,0.0,SOBER,009,009
c:\Users\nagap\OneDrive\Documentos\Maestria\2025S\Phonetics TeamLab\ALC\ses2080,0952080010_h_00.wav,N,0.0,SOBER,010,010
c:\Users\nagap\OneDrive\Documentos\Maestria\2025S\Phonetics TeamLab\ALC\ses2080,0952080011_h_00.wav,N,0.0,SOBER,011,011
c:\Users\nagap\OneDrive\Documentos\Maestria\2025S\Phonetics TeamLab\ALC\ses2080,0952080012_h_00.wav,N,0.0,SOBER,012,012
c:\Users\nagap\OneDrive\Documentos\Maestria\2025S\Phonetics TeamLab\ALC\ses2080,0952080013_h_00.wav,N,0.0,SOBER,013,013
c:\Users\nagap\OneDrive\Documentos\Maestria\2025S\Phonetics TeamLab\ALC\ses2080,0952080014_h_00.wav,N,0.0,SOBER,014,014
c:\Users\nagap\OneDrive\Documentos\Maestria\2025S\Phonetics TeamLab\ALC\ses2080,0952080015_h_00.wav,N,0.0,SOBER,015,015
c:\Users\nagap\OneDrive\Documentos\Maestria\2025S\Phonetics TeamLab\ALC\ses2080,0952080016_h_00.wav,N,0.0,SOBER,016,016
c:\Users\nagap\OneDrive\Documentos\Maestria\2025S\Phonetics TeamLab\ALC\ses2080,0952080017_h_00.wav,N,0.0,SOBER,017,017
c:\Users\nagap\OneDrive\Documentos\Maestria\2025S\Phonetics TeamLab\ALC\ses2080,0952080018_h_00.wav,N,0.0,SOBER,018,018
c:\Users\nagap\OneDrive\Documentos\Maestria\2025S\Phonetics TeamLab\ALC\ses2080,0952080019_h_00.wav,N,0.0,SOBER,019,019
c:\Users\nagap\OneDrive\Documentos\Maestria\2025S\Phonetics TeamLab\ALC\ses2080,0952080020_h_00.wav,N,0.0,SOBER,020,020
c:\Users\nagap\OneDrive\Documentos\Maestria\2025S\Phonetics TeamLab\ALC\ses2080,0952080021_h_00.wav,N,0.0,SOBER,021,021
c:\Users\nagap\OneDrive\Documentos\Maestria\2025S\Phonetics TeamLab\ALC\ses2080,0952080022_h_00.wav,N,0.0,SOBER,022,022
c:\Users\nagap\OneDrive\Documentos\Maestria\2025S\Phonetics TeamLab\ALC\ses2080,0952080023_h_00.wav,N,0.0,SOBER,023,023
c:\Users\nagap\OneDrive\Documentos\Maestria\2025S\Phonetics TeamLab\ALC\ses2080,0952080024_h_00.wav,N,0.0,SOBER,024,024
c:\Users\nagap\OneDrive\Documentos\Maestria\2025S\Phonetics TeamLab\ALC\ses2080,0952080025_h_00.wav,N,0.0,SOBER,025,025
c:\Users\nagap\OneDrive\Documentos\Maestria\2025S\Phonetics TeamLab\ALC\ses2080,0952080026_h_00.wav,N,0.0,SOBER,026,026
c:\Users\nagap\OneDrive\Documentos\Maestria\2025S\Phonetics TeamLab\ALC\ses2080,0952080027_h_00.wav,N,0.0,SOBER,027,027
c:\Users\nagap\OneDrive\Documentos\Maestria\2025S\Phonetics TeamLab\ALC\ses2080,0952080028_h_00.wav,N,0.0,SOBER,028,028
c:\Users\nagap\OneDrive\Documentos\Maestria\2025S\Phonetics TeamLab\ALC\ses2080,0952080029_h_00.wav,N,0.0,SOBER,029,029
c:\Users\nagap\OneDrive\Documentos\Maestria\2025S\Phonetics TeamLab\ALC\ses2080,0952080030_h_00.wav,N,0.0,SOBER,030,030
c:\Users\nagap\OneDrive\Documentos\Maestria\2025S\Phonetics TeamLab\ALC\ses2080,0952080031_h_00.wav,N,0.0,SOBER,031,031
c:\Users\nagap\OneDrive\Documentos\Maestria\2025S\Phonetics TeamLab\ALC\ses2080,0952080032_h_00.wav,N,0.0,SOBER,032,032
c:\Users\nagap\OneDrive\Documentos\Maestria\2025S\Phonetics TeamLab\ALC\ses2080,0952080033_h_00.wav,N,0.0,SOBER,033,033
c:\Users\nagap\OneDrive\Documentos\Maestria\2025S\Phonetics TeamLab\ALC\ses2080,0952080034_h_00.wav,N,0.0,SOBER,034,034
c:\Users\nagap\OneDrive\Documentos\Maestria\2025S\Phonetics TeamLab\ALC\ses2080,0952080035_h_00.wav,N,0.0,SOBER,035,035
c:\Users\nagap\OneDrive\Documentos\Maestria\2025S\Phonetics TeamLab\ALC\ses2080,0952080036_h_00.wav,N,0.0,SOBER,036,036
c:\Users\nagap\OneDrive\Documentos\Maestria\2025S\Phonetics TeamLab\ALC\ses2080,0952080037_h_00.wav,N,0.0,SOBER,037,037
c:\Users\nagap\OneDrive\Documentos\Maestria\2025S\Phonetics TeamLab\ALC\ses2080,0952080038_h_00.wav,N,0.0,SOBER,038,038
c:\Users\nagap\OneDrive\Documentos\Maestria\2025S\Phonetics TeamLab\ALC\ses2080,0952080039_h_00.wav,N,0.0,SOBER,039,039
c:\Users\nagap\OneDrive\Documentos\Maestria\2025S\Phonetics TeamLab\ALC\ses2080,0952080040_h_00.wav,N,0.0,SOBER,040,040
c:\Users\nagap\OneDrive\Documentos\Maestria\2025S\Phonetics TeamLab\ALC\ses2080,0952080041_h_00.wav,N,0.0,SOBER,041,041
c:\Users\nagap\OneDrive\Documentos\Maestria\2025S\Phonetics TeamLab\ALC\ses2080,0952080042_h_00.wav,N,0.0,SOBER,042,042
c:\Users\nagap\OneDrive\Documentos\Maestria\2025S\Phonetics TeamLab\ALC\ses2080,0952080043_h_00.wav,N,0.0,SOBER,043,043
c:\Users\nagap\OneDrive\Documentos\Maestria\2025S\Phonetics TeamLab\ALC\ses2080,0952080044_h_01.wav,N,0.0,SOBER,044,044
c:\Users\nagap\OneDrive\Documentos\Maestria\2025S\Phonetics TeamLab\ALC\ses2080,0952080045_h_00.wav,N,0.0,SOBER,045,045
c:\Users\nagap\OneDrive\Documentos\Maestria\2025S\Phonetics TeamLab\ALC\ses2080,0952080046_h_00.wav,N,0.0,SOBER,046,046
c:\Users\nagap\OneDrive\Documentos\Maestria\2025S\Phonetics TeamLab\ALC\ses2080,0952080047_h_00.wav,N,0.0,SOBER,047,047
c:\Users\nagap\OneDrive\Documentos\Maestria\2025S\Phonetics TeamLab\ALC\ses2080,0952080048_h_00.wav,N,0.0,SOBER,048,048
c:\Users\nagap\OneDrive\Documentos\Maestria\2025S\Phonetics TeamLab\ALC\ses2080,0952080049_h_00.wav,N,0.0,SOBER,049,049
c:\Users\nagap\OneDrive\Documentos\Maestria\2025S\Phonetics TeamLab\ALC\ses2080,0952080050_h_00.wav,N,0.0,SOBER,050,050
c:\Users\nagap\OneDrive\Documentos\Maestria\2025S\Phonetics TeamLab\ALC\ses2080,0952080051_h_01.wav,N,0.0,SOBER,051,051
c:\Users\nagap\OneDrive\Documentos\Maestria\2025S\Phonetics TeamLab\ALC\ses2080,0952080052_h_00.wav,N,0.0,SOBER,052,052
c:\Users\nagap\OneDrive\Documentos\Maestria\2025S\Phonetics TeamLab\ALC\ses2080,0952080053_h_00.wav,N,0.0,SOBER,053,053
c:\Users\nagap\OneDrive\Documentos\Maestria\2025S\Phonetics TeamLab\ALC\ses2080,0952080054_h_00.wav,N,0.0,SOBER,054,054
c:\Users\nagap\OneDrive\Documentos\Maestria\2025S\Phonetics TeamLab\ALC\ses2080,0952080055_h_00.wav,N,0.0,SOBER,055,055
c:\Users\nagap\OneDrive\Documentos\Maestria\2025S\Phonetics TeamLab\ALC\ses2080,0952080056_h_00.wav,N,0.0,SOBER,056,056
c:\Users\nagap\OneDrive\Documentos\Maestria\2025S\Phonetics TeamLab\ALC\ses2080,0952080057_h_00.wav,N,0.0,SOBER,057,057
c:\Users\nagap\OneDrive\Documentos\Maestria\2025S\Phonetics TeamLab\ALC\ses2080,0952080058_h_00.wav,N,0.0,SOBER,058,058
c:\Users\nagap\OneDrive\Documentos\Maestria\2025S\Phonetics TeamLab\ALC\ses2080,0952080059_h_00.wav,N,0.0,SOBER,059,059
c:\Users\nagap\OneDrive\Documentos\Maestria\2025S\Phonetics TeamLab\ALC\ses2080,0952080060_h_00.wav,N,0.0,SOBER,060,060
c:\Users\nagap\OneDrive\Documentos\Maestria\2025S\Phonetics TeamLab\ALC\ses3002,5013002001_h_00.wav,A,0.00062,DRUNK,001,001
c:\Users\nagap\OneDrive\Documentos\Maestria\2025S\Phonetics TeamLab\ALC\ses3002,5013002002_h_00.wav,A,0.00062,DRUNK,002,034
c:\Users\nagap\OneDrive\Documentos\Maestria\2025S\Phonetics TeamLab\ALC\ses3002,5013002003_h_00.wav,A,0.00062,DRUNK,003,032
c:\Users\nagap\OneDrive\Documentos\Maestria\2025S\Phonetics TeamLab\ALC\ses3002,5013002004_h_00.wav,A,0.00062,DRUNK,004,061
c:\Users\nagap\OneDrive\Documentos\Maestria\2025S\Phonetics TeamLab\ALC\ses3002,5013002005_h_00.wav,A,0.00062,DRUNK,005,030
c:\Users\nagap\OneDrive\Documentos\Maestria\2025S\Phonetics TeamLab\ALC\ses3002,5013002006_h_00.wav,A,0.00062,DRUNK,006,026
c:\Users\nagap\OneDrive\Documentos\Maestria\2025S\Phonetics TeamLab\ALC\ses3002,5013002007_h_00.wav,A,0.00062,DRUNK,007,023
c:\Users\nagap\OneDrive\Documentos\Maestria\2025S\Phonetics TeamLab\ALC\ses3002,5013002008_h_00.wav,A,0.00062,DRUNK,008,008
c:\Users\nagap\OneDrive\Documentos\Maestria\2025S\Phonetics TeamLab\ALC\ses3002,5013002009_h_00.wav,A,0.00062,DRUNK,009,029
c:\Users\nagap\OneDrive\Documentos\Maestria\2025S\Phonetics TeamLab\ALC\ses3002,5013002010_h_00.wav,A,0.00062,DRUNK,010,010
c:\Users\nagap\OneDrive\Documentos\Maestria\2025S\Phonetics TeamLab\ALC\ses3002,5013002011_h_00.wav,A,0.00062,DRUNK,011,031
c:\Users\nagap\OneDrive\Documentos\Maestria\2025S\Phonetics TeamLab\ALC\ses3002,5013002012_h_00.wav,A,0.00062,DRUNK,012,012
c:\Users\nagap\OneDrive\Documentos\Maestria\2025S\Phonetics TeamLab\ALC\ses3002,5013002013_h_00.wav,A,0.00062,DRUNK,013,013
c:\Users\nagap\OneDrive\Documentos\Maestria\2025S\Phonetics TeamLab\ALC\ses3002,5013002014_h_00.wav,A,0.00062,DRUNK,014,014
c:\Users\nagap\OneDrive\Documentos\Maestria\2025S\Phonetics TeamLab\ALC\ses3002,5013002015_h_00.wav,A,0.00062,DRUNK,015,015
c:\Users\nagap\OneDrive\Documentos\Maestria\2025S\Phonetics TeamLab\ALC\ses3002,5013002016_h_00.wav,A,0.00062,DRUNK,016,036
c:\Users\nagap\OneDrive\Documentos\Maestria\2025S\Phonetics TeamLab\ALC\ses3002,5013002017_h_00.wav,A,0.00062,DRUNK,017,024
c:\Users\nagap\OneDrive\Documentos\Maestria\2025S\Phonetics TeamLab\ALC\ses3002,5013002018_h_00.wav,A,0.00062,DRUNK,018,038
c:\Users\nagap\OneDrive\Documentos\Maestria\2025S\Phonetics TeamLab\ALC\ses3002,5013002019_h_00.wav,A,0.00062,DRUNK,019,019
c:\Users\nagap\OneDrive\Documentos\Maestria\2025S\Phonetics TeamLab\ALC\ses3002,5013002020_h_00.wav,A,0.00062,DRUNK,020,020
c:\Users\nagap\OneDrive\Documentos\Maestria\2025S\Phonetics TeamLab\ALC\ses3002,5013002021_h_00.wav,A,0.00062,DRUNK,021,041
c:\Users\nagap\OneDrive\Documentos\Maestria\2025S\Phonetics TeamLab\ALC\ses3002,5013002022_h_00.wav,A,0.00062,DRUNK,022,042
c:\Users\nagap\OneDrive\Documentos\Maestria\2025S\Phonetics TeamLab\ALC\ses3002,5013002023_h_00.wav,A,0.00062,DRUNK,023,059
c:\Users\nagap\OneDrive\Documentos\Maestria\2025S\Phonetics TeamLab\ALC\ses3002,5013002024_h_00.wav,A,0.00062,DRUNK,024,051
c:\Users\nagap\OneDrive\Documentos\Maestria\2025S\Phonetics TeamLab\ALC\ses3002,5013002025_h_00.wav,A,0.00062,DRUNK,025,046
c:\Users\nagap\OneDrive\Documentos\Maestria\2025S\Phonetics TeamLab\ALC\ses3002,5013002026_h_00.wav,A,0.00062,DRUNK,026,055
c:\Users\nagap\OneDrive\Documentos\Maestria\2025S\Phonetics TeamLab\ALC\ses3002,5013002027_h_00.wav,A,0.00062,DRUNK,027,048
c:\Users\nagap\OneDrive\Documentos\Maestria\2025S\Phonetics TeamLab\ALC\ses3002,5013002028_h_00.wav,A,0.00062,DRUNK,028,049
c:\Users\nagap\OneDrive\Documentos\Maestria\2025S\Phonetics TeamLab\ALC\ses3002,5013002029_h_00.wav,A,0.00062,DRUNK,029,050
c:\Users\nagap\OneDrive\Documentos\Maestria\2025S\Phonetics TeamLab\ALC\ses3002,5013002030_h_00.wav,A,0.00062,DRUNK,030,060
c:\Users\nagap\OneDrive\Documentos\Maestria\2025S\Phonetics TeamLab\ALC\ses4002,5014002001_h_01.wav,N,0.0,SOBER,001,001
c:\Users\nagap\OneDrive\Documentos\Maestria\2025S\Phonetics TeamLab\ALC\ses4002,5014002002_h_00.wav,N,0.0,SOBER,002,002
c:\Users\nagap\OneDrive\Documentos\Maestria\2025S\Phonetics TeamLab\ALC\ses4002,5014002003_h_00.wav,N,0.0,SOBER,003,003
c:\Users\nagap\OneDrive\Documentos\Maestria\2025S\Phonetics TeamLab\ALC\ses4002,5014002004_h_00.wav,N,0.0,SOBER,004,004
c:\Users\nagap\OneDrive\Documentos\Maestria\2025S\Phonetics TeamLab\ALC\ses4002,5014002005_h_00.wav,N,0.0,SOBER,005,005
c:\Users\nagap\OneDrive\Documentos\Maestria\2025S\Phonetics TeamLab\ALC\ses4002,5014002006_h_00.wav,N,0.0,SOBER,006,006
c:\Users\nagap\OneDrive\Documentos\Maestria\2025S\Phonetics TeamLab\ALC\ses4002,5014002007_h_00.wav,N,0.0,SOBER,007,007
c:\Users\nagap\OneDrive\Documentos\Maestria\2025S\Phonetics TeamLab\ALC\ses4002,5014002008_h_00.wav,N,0.0,SOBER,008,008
c:\Users\nagap\OneDrive\Documentos\Maestria\2025S\Phonetics TeamLab\ALC\ses4002,5014002009_h_00.wav,N,0.0,SOBER,009,009
c:\Users\nagap\OneDrive\Documentos\Maestria\2025S\Phonetics TeamLab\ALC\ses4002,5014002010_h_00.wav,N,0.0,SOBER,010,010
c:\Users\nagap\OneDrive\Documentos\Maestria\2025S\Phonetics TeamLab\ALC\ses4002,5014002011_h_00.wav,N,0.0,SOBER,011,011
c:\Users\nagap\OneDrive\Documentos\Maestria\2025S\Phonetics TeamLab\ALC\ses4002,5014002012_h_00.wav,N,0.0,SOBER,012,012
c:\Users\nagap\OneDrive\Documentos\Maestria\2025S\Phonetics TeamLab\ALC\ses4002,5014002013_h_00.wav,N,0.0,SOBER,013,013
c:\Users\nagap\OneDrive\Documentos\Maestria\2025S\Phonetics TeamLab\ALC\ses4002,5014002014_h_00.wav,N,0.0,SOBER,014,014
c:\Users\nagap\OneDrive\Documentos\Maestria\2025S\Phonetics TeamLab\ALC\ses4002,5014002015_h_00.wav,N,0.0,SOBER,015,015
c:\Users\nagap\OneDrive\Documentos\Maestria\2025S\Phonetics TeamLab\ALC\ses4002,5014002016_h_00.wav,N,0.0,SOBER,016,016
c:\Users\nagap\OneDrive\Documentos\Maestria\2025S\Phonetics TeamLab\ALC\ses4002,5014002017_h_00.wav,N,0.0,SOBER,017,017
c:\Users\nagap\OneDrive\Documentos\Maestria\2025S\Phonetics TeamLab\ALC\ses4002,5014002018_h_00.wav,N,0.0,SOBER,018,018
c:\Users\nagap\OneDrive\Documentos\Maestria\2025S\Phonetics TeamLab\ALC\ses4002,5014002019_h_00.wav,N,0.0,SOBER,019,019
c:\Users\nagap\OneDrive\Documentos\Maestria\2025S\Phonetics TeamLab\ALC\ses4002,5014002020_h_00.wav,N,0.0,SOBER,020,020
c:\Users\nagap\OneDrive\Documentos\Maestria\2025S\Phonetics TeamLab\ALC\ses4002,5014002021_h_00.wav,N,0.0,SOBER,021,021
c:\Users\nagap\OneDrive\Documentos\Maestria\2025S\Phonetics TeamLab\ALC\ses4002,5014002022_h_00.wav,N,0.0,SOBER,022,022
c:\Users\nagap\OneDrive\Documentos\Maestria\2025S\Phonetics TeamLab\ALC\ses4002,5014002023_h_00.wav,N,0.0,SOBER,023,023
c:\Users\nagap\OneDrive\Documentos\Maestria\2025S\Phonetics TeamLab\ALC\ses4002,5014002024_h_00.wav,N,0.0,SOBER,024,024
c:\Users\nagap\OneDrive\Documentos\Maestria\2025S\Phonetics TeamLab\ALC\ses4002,5014002025_h_00.wav,N,0.0,SOBER,025,025
c:\Users\nagap\OneDrive\Documentos\Maestria\2025S\Phonetics TeamLab\ALC\ses4002,5014002026_h_00.wav,N,0.0,SOBER,026,026
c:\Users\nagap\OneDrive\Documentos\Maestria\2025S\Phonetics TeamLab\ALC\ses4002,5014002027_h_00.wav,N,0.0,SOBER,027,027
c:\Users\nagap\OneDrive\Documentos\Maestria\2025S\Phonetics TeamLab\ALC\ses4002,5014002028_h_00.wav,N,0.0,SOBER,028,028
c:\Users\nagap\OneDrive\Documentos\Maestria\2025S\Phonetics TeamLab\ALC\ses4002,5014002029_h_00.wav,N,0.0,SOBER,029,029
c:\Users\nagap\OneDrive\Documentos\Maestria\2025S\Phonetics TeamLab\ALC\ses4002,5014002030_h_00.wav,N,0.0,SOBER,030,030
c:\Users\nagap\OneDrive\Documentos\Maestria\2025S\Phonetics TeamLab\ALC\ses4002,5014002031_h_00.wav,N,0.0,SOBER,031,031
c:\Users\nagap\OneDrive\Documentos\Maestria\2025S\Phonetics TeamLab\ALC\ses4002,5014002032_h_00.wav,N,0.0,SOBER,032,032
c:\Users\nagap\OneDrive\Documentos\Maestria\2025S\Phonetics TeamLab\ALC\ses4002,5014002033_h_00.wav,N,0.0,SOBER,033,033
c:\Users\nagap\OneDrive\Documentos\Maestria\2025S\Phonetics TeamLab\ALC\ses4002,5014002034_h_00.wav,N,0.0,SOBER,034,034
c:\Users\nagap\OneDrive\Documentos\Maestria\2025S\Phonetics TeamLab\ALC\ses4002,5014002035_h_00.wav,N,0.0,SOBER,035,035
c:\Users\nagap\OneDrive\Documentos\Maestria\2025S\Phonetics TeamLab\ALC\ses4002,5014002036_h_00.wav,N,0.0,SOBER,036,036
c:\Users\nagap\OneDrive\Documentos\Maestria\2025S\Phonetics TeamLab\ALC\ses4002,5014002037_h_00.wav,N,0.0,SOBER,037,037
c:\Users\nagap\OneDrive\Documentos\Maestria\2025S\Phonetics TeamLab\ALC\ses4002,5014002038_h_00.wav,N,0.0,SOBER,038,038
c:\Users\nagap\OneDrive\Documentos\Maestria\2025S\Phonetics TeamLab\ALC\ses4002,5014002039_h_00.wav,N,0.0,SOBER,039,039
c:\Users\nagap\OneDrive\Documentos\Maestria\2025S\Phonetics TeamLab\ALC\ses4002,5014002040_h_00.wav,N,0.0,SOBER,040,040
c:\Users\nagap\OneDrive\Documentos\Maestria\2025S\Phonetics TeamLab\ALC\ses4002,5014002041_h_00.wav,N,0.0,SOBER,041,041
c:\Users\nagap\OneDrive\Documentos\Maestria\2025S\Phonetics TeamLab\ALC\ses4002,5014002042_h_00.wav,N,0.0,SOBER,042,042
c:\Users\nagap\OneDrive\Documentos\Maestria\2025S\Phonetics TeamLab\ALC\ses4002,5014002043_h_00.wav,N,0.0,SOBER,043,043
c:\Users\nagap\OneDrive\Documentos\Maestria\2025S\Phonetics TeamLab\ALC\ses4002,5014002044_h_00.wav,N,0.0,SOBER,044,044
c:\Users\nagap\OneDrive\Documentos\Maestria\2025S\Phonetics TeamLab\ALC\ses4002,5014002045_h_00.wav,N,0.0,SOBER,045,045
c:\Users\nagap\OneDrive\Documentos\Maestria\2025S\Phonetics TeamLab\ALC\ses4002,5014002046_h_00.wav,N,0.0,SOBER,046,046
c:\Users\nagap\OneDrive\Documentos\Maestria\2025S\Phonetics TeamLab\ALC\ses4002,5014002047_h_00.wav,N,0.0,SOBER,047,047
c:\Users\nagap\OneDrive\Documentos\Maestria\2025S\Phonetics TeamLab\ALC\ses4002,5014002048_h_00.wav,N,0.0,SOBER,048,048
c:\Users\nagap\OneDrive\Documentos\Maestria\2025S\Phonetics TeamLab\ALC\ses4002,5014002049_h_00.wav,N,0.0,SOBER,049,049
c:\Users\nagap\OneDrive\Documentos\Maestria\2025S\Phonetics TeamLab\ALC\ses4002,5014002050_h_00.wav,N,0.0,SOBER,050,050
c:\Users\nagap\OneDrive\Documentos\Maestria\2025S\Phonetics TeamLab\ALC\ses4002,5014002051_h_00.wav,N,0.0,SOBER,051,051
c:\Users\nagap\OneDrive\Documentos\Maestria\2025S\Phonetics TeamLab\ALC\ses4002,5014002052_h_00.wav,N,0.0,SOBER,052,052
c:\Users\nagap\OneDrive\Documentos\Maestria\2025S\Phonetics TeamLab\ALC\ses4002,5014002053_h_00.wav,N,0.0,SOBER,053,053
c:\Users\nagap\OneDrive\Documentos\Maestria\2025S\Phonetics TeamLab\ALC\ses4002,5014002054_h_00.wav,N,0.0,SOBER,054,054
c:\Users\nagap\OneDrive\Documentos\Maestria\2025S\Phonetics TeamLab\ALC\ses4002,5014002055_h_00.wav,N,0.0,SOBER,055,055
c:\Users\nagap\OneDrive\Documentos\Maestria\2025S\Phonetics TeamLab\ALC\ses4002,5014002056_h_00.wav,N,0.0,SOBER,056,056
c:\Users\nagap\OneDrive\Documentos\Maestria\2025S\Phonetics TeamLab\ALC\ses4002,5014002057_h_00.wav,N,0.0,SOBER,057,057
c:\Users\nagap\OneDrive\Documentos\Maestria\2025S\Phonetics TeamLab\ALC\ses4002,5014002058_h_00.wav,N,0.0,SOBER,058,058
c:\Users\nagap\OneDrive\Documentos\Maestria\2025S\Phonetics TeamLab\ALC\ses4002,5014002059_h_00.wav,N,0.0,SOBER,059,059
c:\Users\nagap\OneDrive\Documentos\Maestria\2025S\Phonetics TeamLab\ALC\ses4002,5014002060_h_01.wav,N,0.0,SOBER,060,060
c:\Users\nagap\OneDrive\Documentos\Maestria\2025S\Phonetics TeamLab\ALC\ses1102,1011102001_h_00.wav,A,0.00057,DRUNK,001,001
c:\Users\nagap\OneDrive\Documentos\Maestria\2025S\Phonetics TeamLab\ALC\ses1102,1011102002_h_00.wav,A,0.00057,DRUNK,002,034
c:\Users\nagap\OneDrive\Documentos\Maestria\2025S\Phonetics TeamLab\ALC\ses1102,1011102003_h_00.wav,A,0.00057,DRUNK,003,032
c:\Users\nagap\OneDrive\Documentos\Maestria\2025S\Phonetics TeamLab\ALC\ses1102,1011102004_h_00.wav,A,0.00057,DRUNK,004,061
c:\Users\nagap\OneDrive\Documentos\Maestria\2025S\Phonetics TeamLab\ALC\ses1102,1011102005_h_00.wav,A,0.00057,DRUNK,005,030
c:\Users\nagap\OneDrive\Documentos\Maestria\2025S\Phonetics TeamLab\ALC\ses1102,1011102006_h_00.wav,A,0.00057,DRUNK,006,026
c:\Users\nagap\OneDrive\Documentos\Maestria\2025S\Phonetics TeamLab\ALC\ses1102,1011102007_h_00.wav,A,0.00057,DRUNK,007,023
c:\Users\nagap\OneDrive\Documentos\Maestria\2025S\Phonetics TeamLab\ALC\ses1102,1011102008_h_00.wav,A,0.00057,DRUNK,008,008
c:\Users\nagap\OneDrive\Documentos\Maestria\2025S\Phonetics TeamLab\ALC\ses1102,1011102009_h_00.wav,A,0.00057,DRUNK,009,029
c:\Users\nagap\OneDrive\Documentos\Maestria\2025S\Phonetics TeamLab\ALC\ses1102,1011102010_h_00.wav,A,0.00057,DRUNK,010,010
c:\Users\nagap\OneDrive\Documentos\Maestria\2025S\Phonetics TeamLab\ALC\ses1102,1011102011_h_00.wav,A,0.00057,DRUNK,011,031
c:\Users\nagap\OneDrive\Documentos\Maestria\2025S\Phonetics TeamLab\ALC\ses1102,1011102012_h_00.wav,A,0.00057,DRUNK,012,012
c:\Users\nagap\OneDrive\Documentos\Maestria\2025S\Phonetics TeamLab\ALC\ses1102,1011102013_h_00.wav,A,0.00057,DRUNK,013,013
c:\Users\nagap\OneDrive\Documentos\Maestria\2025S\Phonetics TeamLab\ALC\ses1102,1011102014_h_00.wav,A,0.00057,DRUNK,014,014
c:\Users\nagap\OneDrive\Documentos\Maestria\2025S\Phonetics TeamLab\ALC\ses1102,1011102015_h_00.wav,A,0.00057,DRUNK,015,015
c:\Users\nagap\OneDrive\Documentos\Maestria\2025S\Phonetics TeamLab\ALC\ses1102,1011102016_h_01.wav,A,0.00057,DRUNK,016,036
c:\Users\nagap\OneDrive\Documentos\Maestria\2025S\Phonetics TeamLab\ALC\ses1102,1011102017_h_00.wav,A,0.00057,DRUNK,017,024
c:\Users\nagap\OneDrive\Documentos\Maestria\2025S\Phonetics TeamLab\ALC\ses1102,1011102018_h_00.wav,A,0.00057,DRUNK,018,038
c:\Users\nagap\OneDrive\Documentos\Maestria\2025S\Phonetics TeamLab\ALC\ses1102,1011102019_h_00.wav,A,0.00057,DRUNK,019,019
c:\Users\nagap\OneDrive\Documentos\Maestria\2025S\Phonetics TeamLab\ALC\ses1102,1011102020_h_00.wav,A,0.00057,DRUNK,020,020
c:\Users\nagap\OneDrive\Documentos\Maestria\2025S\Phonetics TeamLab\ALC\ses1102,1011102021_h_00.wav,A,0.00057,DRUNK,021,041
c:\Users\nagap\OneDrive\Documentos\Maestria\2025S\Phonetics TeamLab\ALC\ses1102,1011102022_h_00.wav,A,0.00057,DRUNK,022,042
c:\Users\nagap\OneDrive\Documentos\Maestria\2025S\Phonetics TeamLab\ALC\ses1102,1011102023_h_00.wav,A,0.00057,DRUNK,023,059
c:\Users\nagap\OneDrive\Documentos\Maestria\2025S\Phonetics TeamLab\ALC\ses1102,1011102024_h_00.wav,A,0.00057,DRUNK,024,051
c:\Users\nagap\OneDrive\Documentos\Maestria\2025S\Phonetics TeamLab\ALC\ses1102,1011102025_h_00.wav,A,0.00057,DRUNK,025,046
c:\Users\nagap\OneDrive\Documentos\Maestria\2025S\Phonetics TeamLab\ALC\ses1102,1011102026_h_00.wav,A,0.00057,DRUNK,026,055
c:\Users\nagap\OneDrive\Documentos\Maestria\2025S\Phonetics TeamLab\ALC\ses1102,1011102027_h_00.wav,A,0.00057,DRUNK,027,048
c:\Users\nagap\OneDrive\Documentos\Maestria\2025S\Phonetics TeamLab\ALC\ses1102,1011102028_h_00.wav,A,0.00057,DRUNK,028,049
c:\Users\nagap\OneDrive\Documentos\Maestria\2025S\Phonetics TeamLab\ALC\ses1102,1011102029_h_00.wav,A,0.00057,DRUNK,029,050
c:\Users\nagap\OneDrive\Documentos\Maestria\2025S\Phonetics TeamLab\ALC\ses1102,1011102030_h_00.wav,A,0.00057,DRUNK,030,060
c:\Users\nagap\OneDrive\Documentos\Maestria\2025S\Phonetics TeamLab\ALC\ses2086,1012086001_h_00.wav,N,0.0,SOBER,001,001
c:\Users\nagap\OneDrive\Documentos\Maestria\2025S\Phonetics TeamLab\ALC\ses2086,1012086002_h_01.wav,N,0.0,SOBER,002,002
c:\Users\nagap\OneDrive\Documentos\Maestria\2025S\Phonetics TeamLab\ALC\ses2086,1012086003_h_00.wav,N,0.0,SOBER,003,003
c:\Users\nagap\OneDrive\Documentos\Maestria\2025S\Phonetics TeamLab\ALC\ses2086,1012086004_h_00.wav,N,0.0,SOBER,004,004
c:\Users\nagap\OneDrive\Documentos\Maestria\2025S\Phonetics TeamLab\ALC\ses2086,1012086005_h_00.wav,N,0.0,SOBER,005,005
c:\Users\nagap\OneDrive\Documentos\Maestria\2025S\Phonetics TeamLab\ALC\ses2086,1012086006_h_00.wav,N,0.0,SOBER,006,006
c:\Users\nagap\OneDrive\Documentos\Maestria\2025S\Phonetics TeamLab\ALC\ses2086,1012086007_h_00.wav,N,0.0,SOBER,007,007
c:\Users\nagap\OneDrive\Documentos\Maestria\2025S\Phonetics TeamLab\ALC\ses2086,1012086008_h_00.wav,N,0.0,SOBER,008,008
c:\Users\nagap\OneDrive\Documentos\Maestria\2025S\Phonetics TeamLab\ALC\ses2086,1012086009_h_00.wav,N,0.0,SOBER,009,009
c:\Users\nagap\OneDrive\Documentos\Maestria\2025S\Phonetics TeamLab\ALC\ses2086,1012086010_h_00.wav,N,0.0,SOBER,010,010
c:\Users\nagap\OneDrive\Documentos\Maestria\2025S\Phonetics TeamLab\ALC\ses2086,1012086011_h_00.wav,N,0.0,SOBER,011,011
c:\Users\nagap\OneDrive\Documentos\Maestria\2025S\Phonetics TeamLab\ALC\ses2086,1012086012_h_00.wav,N,0.0,SOBER,012,012
c:\Users\nagap\OneDrive\Documentos\Maestria\2025S\Phonetics TeamLab\ALC\ses2086,1012086013_h_00.wav,N,0.0,SOBER,013,013
c:\Users\nagap\OneDrive\Documentos\Maestria\2025S\Phonetics TeamLab\ALC\ses2086,1012086014_h_00.wav,N,0.0,SOBER,014,014
c:\Users\nagap\OneDrive\Documentos\Maestria\2025S\Phonetics TeamLab\ALC\ses2086,1012086015_h_00.wav,N,0.0,SOBER,015,015
c:\Users\nagap\OneDrive\Documentos\Maestria\2025S\Phonetics TeamLab\ALC\ses2086,1012086016_h_00.wav,N,0.0,SOBER,016,016
c:\Users\nagap\OneDrive\Documentos\Maestria\2025S\Phonetics TeamLab\ALC\ses2086,1012086017_h_00.wav,N,0.0,SOBER,017,017
c:\Users\nagap\OneDrive\Documentos\Maestria\2025S\Phonetics TeamLab\ALC\ses2086,1012086018_h_00.wav,N,0.0,SOBER,018,018
c:\Users\nagap\OneDrive\Documentos\Maestria\2025S\Phonetics TeamLab\ALC\ses2086,1012086019_h_00.wav,N,0.0,SOBER,019,019
c:\Users\nagap\OneDrive\Documentos\Maestria\2025S\Phonetics TeamLab\ALC\ses2086,1012086020_h_00.wav,N,0.0,SOBER,020,020
c:\Users\nagap\OneDrive\Documentos\Maestria\2025S\Phonetics TeamLab\ALC\ses2086,1012086021_h_00.wav,N,0.0,SOBER,021,021
c:\Users\nagap\OneDrive\Documentos\Maestria\2025S\Phonetics TeamLab\ALC\ses2086,1012086022_h_00.wav,N,0.0,SOBER,022,022
c:\Users\nagap\OneDrive\Documentos\Maestria\2025S\Phonetics TeamLab\ALC\ses2086,1012086023_h_00.wav,N,0.0,SOBER,023,023
c:\Users\nagap\OneDrive\Documentos\Maestria\2025S\Phonetics TeamLab\ALC\ses2086,1012086024_h_00.wav,N,0.0,SOBER,024,024
c:\Users\nagap\OneDrive\Documentos\Maestria\2025S\Phonetics TeamLab\ALC\ses2086,1012086025_h_00.wav,N,0.0,SOBER,025,025
c:\Users\nagap\OneDrive\Documentos\Maestria\2025S\Phonetics TeamLab\ALC\ses2086,1012086026_h_00.wav,N,0.0,SOBER,026,026
c:\Users\nagap\OneDrive\Documentos\Maestria\2025S\Phonetics TeamLab\ALC\ses2086,1012086027_h_00.wav,N,0.0,SOBER,027,027
c:\Users\nagap\OneDrive\Documentos\Maestria\2025S\Phonetics TeamLab\ALC\ses2086,1012086028_h_01.wav,N,0.0,SOBER,028,028
c:\Users\nagap\OneDrive\Documentos\Maestria\2025S\Phonetics TeamLab\ALC\ses2086,1012086029_h_00.wav,N,0.0,SOBER,029,029
c:\Users\nagap\OneDrive\Documentos\Maestria\2025S\Phonetics TeamLab\ALC\ses2086,1012086030_h_00.wav,N,0.0,SOBER,030,030
c:\Users\nagap\OneDrive\Documentos\Maestria\2025S\Phonetics TeamLab\ALC\ses2086,1012086031_h_00.wav,N,0.0,SOBER,031,031
c:\Users\nagap\OneDrive\Documentos\Maestria\2025S\Phonetics TeamLab\ALC\ses2086,1012086032_h_00.wav,N,0.0,SOBER,032,032
c:\Users\nagap\OneDrive\Documentos\Maestria\2025S\Phonetics TeamLab\ALC\ses2086,1012086033_h_00.wav,N,0.0,SOBER,033,033
c:\Users\nagap\OneDrive\Documentos\Maestria\2025S\Phonetics TeamLab\ALC\ses2086,1012086034_h_00.wav,N,0.0,SOBER,034,034
c:\Users\nagap\OneDrive\Documentos\Maestria\2025S\Phonetics TeamLab\ALC\ses2086,1012086035_h_00.wav,N,0.0,SOBER,035,035
c:\Users\nagap\OneDrive\Documentos\Maestria\2025S\Phonetics TeamLab\ALC\ses2086,1012086036_h_00.wav,N,0.0,SOBER,036,036
c:\Users\nagap\OneDrive\Documentos\Maestria\2025S\Phonetics TeamLab\ALC\ses2086,1012086037_h_00.wav,N,0.0,SOBER,037,037
c:\Users\nagap\OneDrive\Documentos\Maestria\2025S\Phonetics TeamLab\ALC\ses2086,1012086038_h_00.wav,N,0.0,SOBER,038,038
c:\Users\nagap\OneDrive\Documentos\Maestria\2025S\Phonetics TeamLab\ALC\ses2086,1012086039_h_00.wav,N,0.0,SOBER,039,039
c:\Users\nagap\OneDrive\Documentos\Maestria\2025S\Phonetics TeamLab\ALC\ses2086,1012086040_h_00.wav,N,0.0,SOBER,040,040
c:\Users\nagap\OneDrive\Documentos\Maestria\2025S\Phonetics TeamLab\ALC\ses2086,1012086041_h_00.wav,N,0.0,SOBER,041,041
c:\Users\nagap\OneDrive\Documentos\Maestria\2025S\Phonetics TeamLab\ALC\ses2086,1012086042_h_00.wav,N,0.0,SOBER,042,042
c:\Users\nagap\OneDrive\Documentos\Maestria\2025S\Phonetics TeamLab\ALC\ses2086,1012086043_h_01.wav,N,0.0,SOBER,043,043
c:\Users\nagap\OneDrive\Documentos\Maestria\2025S\Phonetics TeamLab\ALC\ses2086,1012086044_h_00.wav,N,0.0,SOBER,044,044
c:\Users\nagap\OneDrive\Documentos\Maestria\2025S\Phonetics TeamLab\ALC\ses2086,1012086045_h_00.wav,N,0.0,SOBER,045,045
c:\Users\nagap\OneDrive\Documentos\Maestria\2025S\Phonetics TeamLab\ALC\ses2086,1012086046_h_00.wav,N,0.0,SOBER,046,046
c:\Users\nagap\OneDrive\Documentos\Maestria\2025S\Phonetics TeamLab\ALC\ses2086,1012086047_h_00.wav,N,0.0,SOBER,047,047
c:\Users\nagap\OneDrive\Documentos\Maestria\2025S\Phonetics TeamLab\ALC\ses2086,1012086048_h_00.wav,N,0.0,SOBER,048,048
c:\Users\nagap\OneDrive\Documentos\Maestria\2025S\Phonetics TeamLab\ALC\ses2086,1012086049_h_00.wav,N,0.0,SOBER,049,049
c:\Users\nagap\OneDrive\Documentos\Maestria\2025S\Phonetics TeamLab\ALC\ses2086,1012086050_h_00.wav,N,0.0,SOBER,050,050
c:\Users\nagap\OneDrive\Documentos\Maestria\2025S\Phonetics TeamLab\ALC\ses2086,1012086051_h_00.wav,N,0.0,SOBER,051,051
c:\Users\nagap\OneDrive\Documentos\Maestria\2025S\Phonetics TeamLab\ALC\ses2086,1012086052_h_00.wav,N,0.0,SOBER,052,052
c:\Users\nagap\OneDrive\Documentos\Maestria\2025S\Phonetics TeamLab\ALC\ses2086,1012086053_h_00.wav,N,0.0,SOBER,053,053
c:\Users\nagap\OneDrive\Documentos\Maestria\2025S\Phonetics TeamLab\ALC\ses2086,1012086054_h_00.wav,N,0.0,SOBER,054,054
c:\Users\nagap\OneDrive\Documentos\Maestria\2025S\Phonetics TeamLab\ALC\ses2086,1012086055_h_00.wav,N,0.0,SOBER,055,055
c:\Users\nagap\OneDrive\Documentos\Maestria\2025S\Phonetics TeamLab\ALC\ses2086,1012086056_h_00.wav,N,0.0,SOBER,056,056
c:\Users\nagap\OneDrive\Documentos\Maestria\2025S\Phonetics TeamLab\ALC\ses2086,1012086057_h_00.wav,N,0.0,SOBER,057,057
c:\Users\nagap\OneDrive\Documentos\Maestria\2025S\Phonetics TeamLab\ALC\ses2086,1012086058_h_00.wav,N,0.0,SOBER,058,058
c:\Users\nagap\OneDrive\Documentos\Maestria\2025S\Phonetics TeamLab\ALC\ses2086,1012086059_h_00.wav,N,0.0,SOBER,059,059
c:\Users\nagap\OneDrive\Documentos\Maestria\2025S\Phonetics TeamLab\ALC\ses2086,1012086060_h_00.wav,N,0.0,SOBER,060,060
c:\Users\nagap\OneDrive\Documentos\Maestria\2025S\Phonetics TeamLab\ALC\ses1041,0401041001_h_00.wav,A,0.00086,DRUNK,001,001
c:\Users\nagap\OneDrive\Documentos\Maestria\2025S\Phonetics TeamLab\ALC\ses1041,0401041002_h_00.wav,A,0.00086,DRUNK,002,034
c:\Users\nagap\OneDrive\Documentos\Maestria\2025S\Phonetics TeamLab\ALC\ses1041,0401041003_h_00.wav,A,0.00086,DRUNK,003,032
c:\Users\nagap\OneDrive\Documentos\Maestria\2025S\Phonetics TeamLab\ALC\ses1041,0401041004_h_00.wav,A,0.00086,DRUNK,004,061
c:\Users\nagap\OneDrive\Documentos\Maestria\2025S\Phonetics TeamLab\ALC\ses1041,0401041005_h_00.wav,A,0.00086,DRUNK,005,030
c:\Users\nagap\OneDrive\Documentos\Maestria\2025S\Phonetics TeamLab\ALC\ses1041,0401041006_h_00.wav,A,0.00086,DRUNK,006,026
c:\Users\nagap\OneDrive\Documentos\Maestria\2025S\Phonetics TeamLab\ALC\ses1041,0401041007_h_00.wav,A,0.00086,DRUNK,007,023
c:\Users\nagap\OneDrive\Documentos\Maestria\2025S\Phonetics TeamLab\ALC\ses1041,0401041008_h_00.wav,A,0.00086,DRUNK,008,008
c:\Users\nagap\OneDrive\Documentos\Maestria\2025S\Phonetics TeamLab\ALC\ses1041,0401041009_h_00.wav,A,0.00086,DRUNK,009,029
c:\Users\nagap\OneDrive\Documentos\Maestria\2025S\Phonetics TeamLab\ALC\ses1041,0401041010_h_00.wav,A,0.00086,DRUNK,010,010
c:\Users\nagap\OneDrive\Documentos\Maestria\2025S\Phonetics TeamLab\ALC\ses1041,0401041011_h_00.wav,A,0.00086,DRUNK,011,031
c:\Users\nagap\OneDrive\Documentos\Maestria\2025S\Phonetics TeamLab\ALC\ses1041,0401041012_h_00.wav,A,0.00086,DRUNK,012,012
c:\Users\nagap\OneDrive\Documentos\Maestria\2025S\Phonetics TeamLab\ALC\ses1041,0401041013_h_00.wav,A,0.00086,DRUNK,013,013
c:\Users\nagap\OneDrive\Documentos\Maestria\2025S\Phonetics TeamLab\ALC\ses1041,0401041014_h_00.wav,A,0.00086,DRUNK,014,014
c:\Users\nagap\OneDrive\Documentos\Maestria\2025S\Phonetics TeamLab\ALC\ses1041,0401041015_h_00.wav,A,0.00086,DRUNK,015,015
c:\Users\nagap\OneDrive\Documentos\Maestria\2025S\Phonetics TeamLab\ALC\ses1041,0401041016_h_00.wav,A,0.00086,DRUNK,016,036
c:\Users\nagap\OneDrive\Documentos\Maestria\2025S\Phonetics TeamLab\ALC\ses1041,0401041017_h_00.wav,A,0.00086,DRUNK,017,024
c:\Users\nagap\OneDrive\Documentos\Maestria\2025S\Phonetics TeamLab\ALC\ses1041,0401041018_h_00.wav,A,0.00086,DRUNK,018,038
c:\Users\nagap\OneDrive\Documentos\Maestria\2025S\Phonetics TeamLab\ALC\ses1041,0401041019_h_00.wav,A,0.00086,DRUNK,019,019
c:\Users\nagap\OneDrive\Documentos\Maestria\2025S\Phonetics TeamLab\ALC\ses1041,0401041020_h_00.wav,A,0.00086,DRUNK,020,020
c:\Users\nagap\OneDrive\Documentos\Maestria\2025S\Phonetics TeamLab\ALC\ses1041,0401041021_h_00.wav,A,0.00086,DRUNK,021,041
c:\Users\nagap\OneDrive\Documentos\Maestria\2025S\Phonetics TeamLab\ALC\ses1041,0401041022_h_00.wav,A,0.00086,DRUNK,022,042
c:\Users\nagap\OneDrive\Documentos\Maestria\2025S\Phonetics TeamLab\ALC\ses1041,0401041023_h_00.wav,A,0.00086,DRUNK,023,059
c:\Users\nagap\OneDrive\Documentos\Maestria\2025S\Phonetics TeamLab\ALC\ses1041,0401041024_h_00.wav,A,0.00086,DRUNK,024,051
c:\Users\nagap\OneDrive\Documentos\Maestria\2025S\Phonetics TeamLab\ALC\ses1041,0401041025_h_00.wav,A,0.00086,DRUNK,025,046
c:\Users\nagap\OneDrive\Documentos\Maestria\2025S\Phonetics TeamLab\ALC\ses1041,0401041026_h_00.wav,A,0.00086,DRUNK,026,055
c:\Users\nagap\OneDrive\Documentos\Maestria\2025S\Phonetics TeamLab\ALC\ses1041,0401041027_h_00.wav,A,0.00086,DRUNK,027,048
c:\Users\nagap\OneDrive\Documentos\Maestria\2025S\Phonetics TeamLab\ALC\ses1041,0401041028_h_00.wav,A,0.00086,DRUNK,028,049
c:\Users\nagap\OneDrive\Documentos\Maestria\2025S\Phonetics TeamLab\ALC\ses1041,0401041029_h_00.wav,A,0.00086,DRUNK,029,050
c:\Users\nagap\OneDrive\Documentos\Maestria\2025S\Phonetics TeamLab\ALC\ses1041,0401041030_h_00.wav,A,0.00086,DRUNK,030,060
c:\Users\nagap\OneDrive\Documentos\Maestria\2025S\Phonetics TeamLab\ALC\ses2034,0402034001_h_01.wav,N,0.0,SOBER,001,001
c:\Users\nagap\OneDrive\Documentos\Maestria\2025S\Phonetics TeamLab\ALC\ses2034,0402034002_h_00.wav,N,0.0,SOBER,002,002
c:\Users\nagap\OneDrive\Documentos\Maestria\2025S\Phonetics TeamLab\ALC\ses2034,0402034003_h_00.wav,N,0.0,SOBER,003,003
c:\Users\nagap\OneDrive\Documentos\Maestria\2025S\Phonetics TeamLab\ALC\ses2034,0402034004_h_00.wav,N,0.0,SOBER,004,004
c:\Users\nagap\OneDrive\Documentos\Maestria\2025S\Phonetics TeamLab\ALC\ses2034,0402034005_h_00.wav,N,0.0,SOBER,005,005
c:\Users\nagap\OneDrive\Documentos\Maestria\2025S\Phonetics TeamLab\ALC\ses2034,0402034006_h_00.wav,N,0.0,SOBER,006,006
c:\Users\nagap\OneDrive\Documentos\Maestria\2025S\Phonetics TeamLab\ALC\ses2034,0402034007_h_00.wav,N,0.0,SOBER,007,007
c:\Users\nagap\OneDrive\Documentos\Maestria\2025S\Phonetics TeamLab\ALC\ses2034,0402034008_h_00.wav,N,0.0,SOBER,008,008
c:\Users\nagap\OneDrive\Documentos\Maestria\2025S\Phonetics TeamLab\ALC\ses2034,0402034009_h_01.wav,N,0.0,SOBER,009,009
c:\Users\nagap\OneDrive\Documentos\Maestria\2025S\Phonetics TeamLab\ALC\ses2034,0402034010_h_00.wav,N,0.0,SOBER,010,010
c:\Users\nagap\OneDrive\Documentos\Maestria\2025S\Phonetics TeamLab\ALC\ses2034,0402034011_h_00.wav,N,0.0,SOBER,011,011
c:\Users\nagap\OneDrive\Documentos\Maestria\2025S\Phonetics TeamLab\ALC\ses2034,0402034012_h_00.wav,N,0.0,SOBER,012,012
c:\Users\nagap\OneDrive\Documentos\Maestria\2025S\Phonetics TeamLab\ALC\ses2034,0402034013_h_00.wav,N,0.0,SOBER,013,013
c:\Users\nagap\OneDrive\Documentos\Maestria\2025S\Phonetics TeamLab\ALC\ses2034,0402034014_h_01.wav,N,0.0,SOBER,014,014
c:\Users\nagap\OneDrive\Documentos\Maestria\2025S\Phonetics TeamLab\ALC\ses2034,0402034015_h_00.wav,N,0.0,SOBER,015,015
c:\Users\nagap\OneDrive\Documentos\Maestria\2025S\Phonetics TeamLab\ALC\ses2034,0402034016_h_00.wav,N,0.0,SOBER,016,016
c:\Users\nagap\OneDrive\Documentos\Maestria\2025S\Phonetics TeamLab\ALC\ses2034,0402034017_h_00.wav,N,0.0,SOBER,017,017
c:\Users\nagap\OneDrive\Documentos\Maestria\2025S\Phonetics TeamLab\ALC\ses2034,0402034018_h_00.wav,N,0.0,SOBER,018,018
c:\Users\nagap\OneDrive\Documentos\Maestria\2025S\Phonetics TeamLab\ALC\ses2034,0402034019_h_00.wav,N,0.0,SOBER,019,019
c:\Users\nagap\OneDrive\Documentos\Maestria\2025S\Phonetics TeamLab\ALC\ses2034,0402034020_h_00.wav,N,0.0,SOBER,020,020
c:\Users\nagap\OneDrive\Documentos\Maestria\2025S\Phonetics TeamLab\ALC\ses2034,0402034021_h_00.wav,N,0.0,SOBER,021,021
c:\Users\nagap\OneDrive\Documentos\Maestria\2025S\Phonetics TeamLab\ALC\ses2034,0402034022_h_00.wav,N,0.0,SOBER,022,022
c:\Users\nagap\OneDrive\Documentos\Maestria\2025S\Phonetics TeamLab\ALC\ses2034,0402034023_h_00.wav,N,0.0,SOBER,023,023
c:\Users\nagap\OneDrive\Documentos\Maestria\2025S\Phonetics TeamLab\ALC\ses2034,0402034024_h_00.wav,N,0.0,SOBER,024,024
c:\Users\nagap\OneDrive\Documentos\Maestria\2025S\Phonetics TeamLab\ALC\ses2034,0402034025_h_00.wav,N,0.0,SOBER,025,025
c:\Users\nagap\OneDrive\Documentos\Maestria\2025S\Phonetics TeamLab\ALC\ses2034,0402034026_h_00.wav,N,0.0,SOBER,026,026
c:\Users\nagap\OneDrive\Documentos\Maestria\2025S\Phonetics TeamLab\ALC\ses2034,0402034027_h_00.wav,N,0.0,SOBER,027,027
c:\Users\nagap\OneDrive\Documentos\Maestria\2025S\Phonetics TeamLab\ALC\ses2034,0402034028_h_00.wav,N,0.0,SOBER,028,028
c:\Users\nagap\OneDrive\Documentos\Maestria\2025S\Phonetics TeamLab\ALC\ses2034,0402034029_h_00.wav,N,0.0,SOBER,029,029
c:\Users\nagap\OneDrive\Documentos\Maestria\2025S\Phonetics TeamLab\ALC\ses2034,0402034030_h_00.wav,N,0.0,SOBER,030,030
c:\Users\nagap\OneDrive\Documentos\Maestria\2025S\Phonetics TeamLab\ALC\ses2034,0402034031_h_00.wav,N,0.0,SOBER,031,031
c:\Users\nagap\OneDrive\Documentos\Maestria\2025S\Phonetics TeamLab\ALC\ses2034,0402034032_h_00.wav,N,0.0,SOBER,032,032
c:\Users\nagap\OneDrive\Documentos\Maestria\2025S\Phonetics TeamLab\ALC\ses2034,0402034033_h_00.wav,N,0.0,SOBER,033,033
c:\Users\nagap\OneDrive\Documentos\Maestria\2025S\Phonetics TeamLab\ALC\ses2034,0402034034_h_00.wav,N,0.0,SOBER,034,034
c:\Users\nagap\OneDrive\Documentos\Maestria\2025S\Phonetics TeamLab\ALC\ses2034,0402034035_h_00.wav,N,0.0,SOBER,035,035
c:\Users\nagap\OneDrive\Documentos\Maestria\2025S\Phonetics TeamLab\ALC\ses2034,0402034036_h_00.wav,N,0.0,SOBER,036,036
c:\Users\nagap\OneDrive\Documentos\Maestria\2025S\Phonetics TeamLab\ALC\ses2034,0402034037_h_00.wav,N,0.0,SOBER,037,037
c:\Users\nagap\OneDrive\Documentos\Maestria\2025S\Phonetics TeamLab\ALC\ses2034,0402034038_h_00.wav,N,0.0,SOBER,038,038
c:\Users\nagap\OneDrive\Documentos\Maestria\2025S\Phonetics TeamLab\ALC\ses2034,0402034039_h_00.wav,N,0.0,SOBER,039,039
c:\Users\nagap\OneDrive\Documentos\Maestria\2025S\Phonetics TeamLab\ALC\ses2034,0402034040_h_00.wav,N,0.0,SOBER,040,040
c:\Users\nagap\OneDrive\Documentos\Maestria\2025S\Phonetics TeamLab\ALC\ses2034,0402034041_h_00.wav,N,0.0,SOBER,041,041
c:\Users\nagap\OneDrive\Documentos\Maestria\2025S\Phonetics TeamLab\ALC\ses2034,0402034042_h_00.wav,N,0.0,SOBER,042,042
c:\Users\nagap\OneDrive\Documentos\Maestria\2025S\Phonetics TeamLab\ALC\ses2034,0402034043_h_00.wav,N,0.0,SOBER,043,043
c:\Users\nagap\OneDrive\Documentos\Maestria\2025S\Phonetics TeamLab\ALC\ses2034,0402034044_h_01.wav,N,0.0,SOBER,044,044
c:\Users\nagap\OneDrive\Documentos\Maestria\2025S\Phonetics TeamLab\ALC\ses2034,0402034045_h_00.wav,N,0.0,SOBER,045,045
c:\Users\nagap\OneDrive\Documentos\Maestria\2025S\Phonetics TeamLab\ALC\ses2034,0402034046_h_00.wav,N,0.0,SOBER,046,046
c:\Users\nagap\OneDrive\Documentos\Maestria\2025S\Phonetics TeamLab\ALC\ses2034,0402034047_h_00.wav,N,0.0,SOBER,047,047
c:\Users\nagap\OneDrive\Documentos\Maestria\2025S\Phonetics TeamLab\ALC\ses2034,0402034048_h_00.wav,N,0.0,SOBER,048,048
c:\Users\nagap\OneDrive\Documentos\Maestria\2025S\Phonetics TeamLab\ALC\ses2034,0402034049_h_00.wav,N,0.0,SOBER,049,049
c:\Users\nagap\OneDrive\Documentos\Maestria\2025S\Phonetics TeamLab\ALC\ses2034,0402034050_h_00.wav,N,0.0,SOBER,050,050
c:\Users\nagap\OneDrive\Documentos\Maestria\2025S\Phonetics TeamLab\ALC\ses2034,0402034051_h_00.wav,N,0.0,SOBER,051,051
c:\Users\nagap\OneDrive\Documentos\Maestria\2025S\Phonetics TeamLab\ALC\ses2034,0402034052_h_00.wav,N,0.0,SOBER,052,052
c:\Users\nagap\OneDrive\Documentos\Maestria\2025S\Phonetics TeamLab\ALC\ses2034,0402034053_h_00.wav,N,0.0,SOBER,053,053
c:\Users\nagap\OneDrive\Documentos\Maestria\2025S\Phonetics TeamLab\ALC\ses2034,0402034054_h_00.wav,N,0.0,SOBER,054,054
c:\Users\nagap\OneDrive\Documentos\Maestria\2025S\Phonetics TeamLab\ALC\ses2034,0402034055_h_00.wav,N,0.0,SOBER,055,055
c:\Users\nagap\OneDrive\Documentos\Maestria\2025S\Phonetics TeamLab\ALC\ses2034,0402034056_h_00.wav,N,0.0,SOBER,056,056
c:\Users\nagap\OneDrive\Documentos\Maestria\2025S\Phonetics TeamLab\ALC\ses2034,0402034057_h_00.wav,N,0.0,SOBER,057,057
c:\Users\nagap\OneDrive\Documentos\Maestria\2025S\Phonetics TeamLab\ALC\ses2034,0402034058_h_00.wav,N,0.0,SOBER,058,058
c:\Users\nagap\OneDrive\Documentos\Maestria\2025S\Phonetics TeamLab\ALC\ses2034,0402034059_h_00.wav,N,0.0,SOBER,059,059
c:\Users\nagap\OneDrive\Documentos\Maestria\2025S\Phonetics TeamLab\ALC\ses2034,0402034060_h_00.wav,N,0.0,SOBER,060,060
c:\Users\nagap\OneDrive\Documentos\Maestria\2025S\Phonetics TeamLab\ALC\ses3091,5903091001_h_00.wav,A,0.00083,DRUNK,001,001
c:\Users\nagap\OneDrive\Documentos\Maestria\2025S\Phonetics TeamLab\ALC\ses3091,5903091002_h_00.wav,A,0.00083,DRUNK,002,034
c:\Users\nagap\OneDrive\Documentos\Maestria\2025S\Phonetics TeamLab\ALC\ses3091,5903091003_h_00.wav,A,0.00083,DRUNK,003,032
c:\Users\nagap\OneDrive\Documentos\Maestria\2025S\Phonetics TeamLab\ALC\ses3091,5903091004_h_00.wav,A,0.00083,DRUNK,004,061
c:\Users\nagap\OneDrive\Documentos\Maestria\2025S\Phonetics TeamLab\ALC\ses3091,5903091005_h_00.wav,A,0.00083,DRUNK,005,030
c:\Users\nagap\OneDrive\Documentos\Maestria\2025S\Phonetics TeamLab\ALC\ses3091,5903091006_h_00.wav,A,0.00083,DRUNK,006,026
c:\Users\nagap\OneDrive\Documentos\Maestria\2025S\Phonetics TeamLab\ALC\ses3091,5903091007_h_00.wav,A,0.00083,DRUNK,007,023
c:\Users\nagap\OneDrive\Documentos\Maestria\2025S\Phonetics TeamLab\ALC\ses3091,5903091008_h_00.wav,A,0.00083,DRUNK,008,008
c:\Users\nagap\OneDrive\Documentos\Maestria\2025S\Phonetics TeamLab\ALC\ses3091,5903091009_h_00.wav,A,0.00083,DRUNK,009,029
c:\Users\nagap\OneDrive\Documentos\Maestria\2025S\Phonetics TeamLab\ALC\ses3091,5903091010_h_00.wav,A,0.00083,DRUNK,010,010
c:\Users\nagap\OneDrive\Documentos\Maestria\2025S\Phonetics TeamLab\ALC\ses3091,5903091011_h_00.wav,A,0.00083,DRUNK,011,031
c:\Users\nagap\OneDrive\Documentos\Maestria\2025S\Phonetics TeamLab\ALC\ses3091,5903091012_h_00.wav,A,0.00083,DRUNK,012,012
c:\Users\nagap\OneDrive\Documentos\Maestria\2025S\Phonetics TeamLab\ALC\ses3091,5903091013_h_00.wav,A,0.00083,DRUNK,013,013
c:\Users\nagap\OneDrive\Documentos\Maestria\2025S\Phonetics TeamLab\ALC\ses3091,5903091014_h_00.wav,A,0.00083,DRUNK,014,014
c:\Users\nagap\OneDrive\Documentos\Maestria\2025S\Phonetics TeamLab\ALC\ses3091,5903091015_h_00.wav,A,0.00083,DRUNK,015,015
c:\Users\nagap\OneDrive\Documentos\Maestria\2025S\Phonetics TeamLab\ALC\ses3091,5903091016_h_00.wav,A,0.00083,DRUNK,016,036
c:\Users\nagap\OneDrive\Documentos\Maestria\2025S\Phonetics TeamLab\ALC\ses3091,5903091017_h_00.wav,A,0.00083,DRUNK,017,024
c:\Users\nagap\OneDrive\Documentos\Maestria\2025S\Phonetics TeamLab\ALC\ses3091,5903091018_h_00.wav,A,0.00083,DRUNK,018,038
c:\Users\nagap\OneDrive\Documentos\Maestria\2025S\Phonetics TeamLab\ALC\ses3091,5903091019_h_00.wav,A,0.00083,DRUNK,019,019
c:\Users\nagap\OneDrive\Documentos\Maestria\2025S\Phonetics TeamLab\ALC\ses3091,5903091020_h_00.wav,A,0.00083,DRUNK,020,020
c:\Users\nagap\OneDrive\Documentos\Maestria\2025S\Phonetics TeamLab\ALC\ses3091,5903091021_h_00.wav,A,0.00083,DRUNK,021,041
c:\Users\nagap\OneDrive\Documentos\Maestria\2025S\Phonetics TeamLab\ALC\ses3091,5903091022_h_00.wav,A,0.00083,DRUNK,022,042
c:\Users\nagap\OneDrive\Documentos\Maestria\2025S\Phonetics TeamLab\ALC\ses3091,5903091023_h_00.wav,A,0.00083,DRUNK,023,059
c:\Users\nagap\OneDrive\Documentos\Maestria\2025S\Phonetics TeamLab\ALC\ses3091,5903091024_h_00.wav,A,0.00083,DRUNK,024,051
c:\Users\nagap\OneDrive\Documentos\Maestria\2025S\Phonetics TeamLab\ALC\ses3091,5903091025_h_00.wav,A,0.00083,DRUNK,025,046
c:\Users\nagap\OneDrive\Documentos\Maestria\2025S\Phonetics TeamLab\ALC\ses3091,5903091026_h_00.wav,A,0.00083,DRUNK,026,055
c:\Users\nagap\OneDrive\Documentos\Maestria\2025S\Phonetics TeamLab\ALC\ses3091,5903091027_h_00.wav,A,0.00083,DRUNK,027,048
c:\Users\nagap\OneDrive\Documentos\Maestria\2025S\Phonetics TeamLab\ALC\ses3091,5903091028_h_00.wav,A,0.00083,DRUNK,028,049
c:\Users\nagap\OneDrive\Documentos\Maestria\2025S\Phonetics TeamLab\ALC\ses3091,5903091029_h_00.wav,A,0.00083,DRUNK,029,050
c:\Users\nagap\OneDrive\Documentos\Maestria\2025S\Phonetics TeamLab\ALC\ses3091,5903091030_h_00.wav,A,0.00083,DRUNK,030,060
c:\Users\nagap\OneDrive\Documentos\Maestria\2025S\Phonetics TeamLab\ALC\ses4072,5904072001_h_00.wav,N,0.0,SOBER,001,001
c:\Users\nagap\OneDrive\Documentos\Maestria\2025S\Phonetics TeamLab\ALC\ses4072,5904072002_h_00.wav,N,0.0,SOBER,002,002
c:\Users\nagap\OneDrive\Documentos\Maestria\2025S\Phonetics TeamLab\ALC\ses4072,5904072003_h_00.wav,N,0.0,SOBER,003,003
c:\Users\nagap\OneDrive\Documentos\Maestria\2025S\Phonetics TeamLab\ALC\ses4072,5904072004_h_00.wav,N,0.0,SOBER,004,004
c:\Users\nagap\OneDrive\Documentos\Maestria\2025S\Phonetics TeamLab\ALC\ses4072,5904072005_h_00.wav,N,0.0,SOBER,005,005
c:\Users\nagap\OneDrive\Documentos\Maestria\2025S\Phonetics TeamLab\ALC\ses4072,5904072006_h_00.wav,N,0.0,SOBER,006,006
c:\Users\nagap\OneDrive\Documentos\Maestria\2025S\Phonetics TeamLab\ALC\ses4072,5904072007_h_00.wav,N,0.0,SOBER,007,007
c:\Users\nagap\OneDrive\Documentos\Maestria\2025S\Phonetics TeamLab\ALC\ses4072,5904072008_h_00.wav,N,0.0,SOBER,008,008
c:\Users\nagap\OneDrive\Documentos\Maestria\2025S\Phonetics TeamLab\ALC\ses4072,5904072009_h_00.wav,N,0.0,SOBER,009,009
c:\Users\nagap\OneDrive\Documentos\Maestria\2025S\Phonetics TeamLab\ALC\ses4072,5904072010_h_00.wav,N,0.0,SOBER,010,010
c:\Users\nagap\OneDrive\Documentos\Maestria\2025S\Phonetics TeamLab\ALC\ses4072,5904072011_h_00.wav,N,0.0,SOBER,011,011
c:\Users\nagap\OneDrive\Documentos\Maestria\2025S\Phonetics TeamLab\ALC\ses4072,5904072012_h_00.wav,N,0.0,SOBER,012,012
c:\Users\nagap\OneDrive\Documentos\Maestria\2025S\Phonetics TeamLab\ALC\ses4072,5904072013_h_00.wav,N,0.0,SOBER,013,013
c:\Users\nagap\OneDrive\Documentos\Maestria\2025S\Phonetics TeamLab\ALC\ses4072,5904072014_h_00.wav,N,0.0,SOBER,014,014
c:\Users\nagap\OneDrive\Documentos\Maestria\2025S\Phonetics TeamLab\ALC\ses4072,5904072015_h_00.wav,N,0.0,SOBER,015,015
c:\Users\nagap\OneDrive\Documentos\Maestria\2025S\Phonetics TeamLab\ALC\ses4072,5904072016_h_00.wav,N,0.0,SOBER,016,016
c:\Users\nagap\OneDrive\Documentos\Maestria\2025S\Phonetics TeamLab\ALC\ses4072,5904072017_h_00.wav,N,0.0,SOBER,017,017
c:\Users\nagap\OneDrive\Documentos\Maestria\2025S\Phonetics TeamLab\ALC\ses4072,5904072018_h_00.wav,N,0.0,SOBER,018,018
c:\Users\nagap\OneDrive\Documentos\Maestria\2025S\Phonetics TeamLab\ALC\ses4072,5904072019_h_00.wav,N,0.0,SOBER,019,019
c:\Users\nagap\OneDrive\Documentos\Maestria\2025S\Phonetics TeamLab\ALC\ses4072,5904072020_h_00.wav,N,0.0,SOBER,020,020
c:\Users\nagap\OneDrive\Documentos\Maestria\2025S\Phonetics TeamLab\ALC\ses4072,5904072021_h_00.wav,N,0.0,SOBER,021,021
c:\Users\nagap\OneDrive\Documentos\Maestria\2025S\Phonetics TeamLab\ALC\ses4072,5904072022_h_00.wav,N,0.0,SOBER,022,022
c:\Users\nagap\OneDrive\Documentos\Maestria\2025S\Phonetics TeamLab\ALC\ses4072,5904072023_h_00.wav,N,0.0,SOBER,023,023
c:\Users\nagap\OneDrive\Documentos\Maestria\2025S\Phonetics TeamLab\ALC\ses4072,5904072024_h_00.wav,N,0.0,SOBER,024,024
c:\Users\nagap\OneDrive\Documentos\Maestria\2025S\Phonetics TeamLab\ALC\ses4072,5904072025_h_00.wav,N,0.0,SOBER,025,025
c:\Users\nagap\OneDrive\Documentos\Maestria\2025S\Phonetics TeamLab\ALC\ses4072,5904072026_h_00.wav,N,0.0,SOBER,026,026
c:\Users\nagap\OneDrive\Documentos\Maestria\2025S\Phonetics TeamLab\ALC\ses4072,5904072027_h_00.wav,N,0.0,SOBER,027,027
c:\Users\nagap\OneDrive\Documentos\Maestria\2025S\Phonetics TeamLab\ALC\ses4072,5904072028_h_00.wav,N,0.0,SOBER,028,028
c:\Users\nagap\OneDrive\Documentos\Maestria\2025S\Phonetics TeamLab\ALC\ses4072,5904072029_h_00.wav,N,0.0,SOBER,029,029
c:\Users\nagap\OneDrive\Documentos\Maestria\2025S\Phonetics TeamLab\ALC\ses4072,5904072030_h_00.wav,N,0.0,SOBER,030,030
c:\Users\nagap\OneDrive\Documentos\Maestria\2025S\Phonetics TeamLab\ALC\ses4072,5904072031_h_00.wav,N,0.0,SOBER,031,031
c:\Users\nagap\OneDrive\Documentos\Maestria\2025S\Phonetics TeamLab\ALC\ses4072,5904072032_h_00.wav,N,0.0,SOBER,032,032
c:\Users\nagap\OneDrive\Documentos\Maestria\2025S\Phonetics TeamLab\ALC\ses4072,5904072033_h_00.wav,N,0.0,SOBER,033,033
c:\Users\nagap\OneDrive\Documentos\Maestria\2025S\Phonetics TeamLab\ALC\ses4072,5904072034_h_00.wav,N,0.0,SOBER,034,034
c:\Users\nagap\OneDrive\Documentos\Maestria\2025S\Phonetics TeamLab\ALC\ses4072,5904072035_h_00.wav,N,0.0,SOBER,035,035
c:\Users\nagap\OneDrive\Documentos\Maestria\2025S\Phonetics TeamLab\ALC\ses4072,5904072036_h_00.wav,N,0.0,SOBER,036,036
c:\Users\nagap\OneDrive\Documentos\Maestria\2025S\Phonetics TeamLab\ALC\ses4072,5904072037_h_00.wav,N,0.0,SOBER,037,037
c:\Users\nagap\OneDrive\Documentos\Maestria\2025S\Phonetics TeamLab\ALC\ses4072,5904072038_h_00.wav,N,0.0,SOBER,038,038
c:\Users\nagap\OneDrive\Documentos\Maestria\2025S\Phonetics TeamLab\ALC\ses4072,5904072039_h_00.wav,N,0.0,SOBER,039,039
c:\Users\nagap\OneDrive\Documentos\Maestria\2025S\Phonetics TeamLab\ALC\ses4072,5904072040_h_00.wav,N,0.0,SOBER,040,040
c:\Users\nagap\OneDrive\Documentos\Maestria\2025S\Phonetics TeamLab\ALC\ses4072,5904072041_h_00.wav,N,0.0,SOBER,041,041
c:\Users\nagap\OneDrive\Documentos\Maestria\2025S\Phonetics TeamLab\ALC\ses4072,5904072042_h_00.wav,N,0.0,SOBER,042,042
c:\Users\nagap\OneDrive\Documentos\Maestria\2025S\Phonetics TeamLab\ALC\ses4072,5904072043_h_00.wav,N,0.0,SOBER,043,043
c:\Users\nagap\OneDrive\Documentos\Maestria\2025S\Phonetics TeamLab\ALC\ses4072,5904072044_h_00.wav,N,0.0,SOBER,044,044
c:\Users\nagap\OneDrive\Documentos\Maestria\2025S\Phonetics TeamLab\ALC\ses4072,5904072045_h_00.wav,N,0.0,SOBER,045,045
c:\Users\nagap\OneDrive\Documentos\Maestria\2025S\Phonetics TeamLab\ALC\ses4072,5904072046_h_00.wav,N,0.0,SOBER,046,046
c:\Users\nagap\OneDrive\Documentos\Maestria\2025S\Phonetics TeamLab\ALC\ses4072,5904072047_h_00.wav,N,0.0,SOBER,047,047
c:\Users\nagap\OneDrive\Documentos\Maestria\2025S\Phonetics TeamLab\ALC\ses4072,5904072048_h_00.wav,N,0.0,SOBER,048,048
c:\Users\nagap\OneDrive\Documentos\Maestria\2025S\Phonetics TeamLab\ALC\ses4072,5904072049_h_00.wav,N,0.0,SOBER,049,049
c:\Users\nagap\OneDrive\Documentos\Maestria\2025S\Phonetics TeamLab\ALC\ses4072,5904072050_h_00.wav,N,0.0,SOBER,050,050
c:\Users\nagap\OneDrive\Documentos\Maestria\2025S\Phonetics TeamLab\ALC\ses4072,5904072051_h_00.wav,N,0.0,SOBER,051,051
c:\Users\nagap\OneDrive\Documentos\Maestria\2025S\Phonetics TeamLab\ALC\ses4072,5904072052_h_00.wav,N,0.0,SOBER,052,052
c:\Users\nagap\OneDrive\Documentos\Maestria\2025S\Phonetics TeamLab\ALC\ses4072,5904072053_h_00.wav,N,0.0,SOBER,053,053
c:\Users\nagap\OneDrive\Documentos\Maestria\2025S\Phonetics TeamLab\ALC\ses4072,5904072054_h_00.wav,N,0.0,SOBER,054,054
c:\Users\nagap\OneDrive\Documentos\Maestria\2025S\Phonetics TeamLab\ALC\ses4072,5904072055_h_00.wav,N,0.0,SOBER,055,055
c:\Users\nagap\OneDrive\Documentos\Maestria\2025S\Phonetics TeamLab\ALC\ses4072,5904072056_h_00.wav,N,0.0,SOBER,056,056
c:\Users\nagap\OneDrive\Documentos\Maestria\2025S\Phonetics TeamLab\ALC\ses4072,5904072057_h_00.wav,N,0.0,SOBER,057,057
c:\Users\nagap\OneDrive\Documentos\Maestria\2025S\Phonetics TeamLab\ALC\ses4072,5904072058_h_00.wav,N,0.0,SOBER,058,058
c:\Users\nagap\OneDrive\Documentos\Maestria\2025S\Phonetics TeamLab\ALC\ses4072,5904072059_h_00.wav,N,0.0,SOBER,059,059
c:\Users\nagap\OneDrive\Documentos\Maestria\2025S\Phonetics TeamLab\ALC\ses4072,5904072060_h_00.wav,N,0.0,SOBER,060,060
c:\Users\nagap\OneDrive\Documentos\Maestria\2025S\Phonetics TeamLab\ALC\ses3025,5243025001_h_00.wav,A,0.00114,DRUNK,001,001
c:\Users\nagap\OneDrive\Documentos\Maestria\2025S\Phonetics TeamLab\ALC\ses3025,5243025002_h_00.wav,A,0.00114,DRUNK,002,034
c:\Users\nagap\OneDrive\Documentos\Maestria\2025S\Phonetics TeamLab\ALC\ses3025,5243025003_h_00.wav,A,0.00114,DRUNK,003,032
c:\Users\nagap\OneDrive\Documentos\Maestria\2025S\Phonetics TeamLab\ALC\ses3025,5243025004_h_00.wav,A,0.00114,DRUNK,004,061
c:\Users\nagap\OneDrive\Documentos\Maestria\2025S\Phonetics TeamLab\ALC\ses3025,5243025005_h_00.wav,A,0.00114,DRUNK,005,030
c:\Users\nagap\OneDrive\Documentos\Maestria\2025S\Phonetics TeamLab\ALC\ses3025,5243025006_h_00.wav,A,0.00114,DRUNK,006,026
c:\Users\nagap\OneDrive\Documentos\Maestria\2025S\Phonetics TeamLab\ALC\ses3025,5243025007_h_00.wav,A,0.00114,DRUNK,007,023
c:\Users\nagap\OneDrive\Documentos\Maestria\2025S\Phonetics TeamLab\ALC\ses3025,5243025008_h_00.wav,A,0.00114,DRUNK,008,008
c:\Users\nagap\OneDrive\Documentos\Maestria\2025S\Phonetics TeamLab\ALC\ses3025,5243025009_h_00.wav,A,0.00114,DRUNK,009,029
c:\Users\nagap\OneDrive\Documentos\Maestria\2025S\Phonetics TeamLab\ALC\ses3025,5243025010_h_00.wav,A,0.00114,DRUNK,010,010
c:\Users\nagap\OneDrive\Documentos\Maestria\2025S\Phonetics TeamLab\ALC\ses3025,5243025011_h_00.wav,A,0.00114,DRUNK,011,031
c:\Users\nagap\OneDrive\Documentos\Maestria\2025S\Phonetics TeamLab\ALC\ses3025,5243025012_h_00.wav,A,0.00114,DRUNK,012,012
c:\Users\nagap\OneDrive\Documentos\Maestria\2025S\Phonetics TeamLab\ALC\ses3025,5243025013_h_00.wav,A,0.00114,DRUNK,013,013
c:\Users\nagap\OneDrive\Documentos\Maestria\2025S\Phonetics TeamLab\ALC\ses3025,5243025014_h_00.wav,A,0.00114,DRUNK,014,014
c:\Users\nagap\OneDrive\Documentos\Maestria\2025S\Phonetics TeamLab\ALC\ses3025,5243025015_h_00.wav,A,0.00114,DRUNK,015,015
c:\Users\nagap\OneDrive\Documentos\Maestria\2025S\Phonetics TeamLab\ALC\ses3025,5243025016_h_00.wav,A,0.00114,DRUNK,016,036
c:\Users\nagap\OneDrive\Documentos\Maestria\2025S\Phonetics TeamLab\ALC\ses3025,5243025017_h_00.wav,A,0.00114,DRUNK,017,024
c:\Users\nagap\OneDrive\Documentos\Maestria\2025S\Phonetics TeamLab\ALC\ses3025,5243025018_h_00.wav,A,0.00114,DRUNK,018,038
c:\Users\nagap\OneDrive\Documentos\Maestria\2025S\Phonetics TeamLab\ALC\ses3025,5243025019_h_00.wav,A,0.00114,DRUNK,019,019
c:\Users\nagap\OneDrive\Documentos\Maestria\2025S\Phonetics TeamLab\ALC\ses3025,5243025020_h_00.wav,A,0.00114,DRUNK,020,020
c:\Users\nagap\OneDrive\Documentos\Maestria\2025S\Phonetics TeamLab\ALC\ses3025,5243025021_h_00.wav,A,0.00114,DRUNK,021,041
c:\Users\nagap\OneDrive\Documentos\Maestria\2025S\Phonetics TeamLab\ALC\ses3025,5243025022_h_00.wav,A,0.00114,DRUNK,022,042
c:\Users\nagap\OneDrive\Documentos\Maestria\2025S\Phonetics TeamLab\ALC\ses3025,5243025023_h_00.wav,A,0.00114,DRUNK,023,059
c:\Users\nagap\OneDrive\Documentos\Maestria\2025S\Phonetics TeamLab\ALC\ses3025,5243025024_h_00.wav,A,0.00114,DRUNK,024,051
c:\Users\nagap\OneDrive\Documentos\Maestria\2025S\Phonetics TeamLab\ALC\ses3025,5243025025_h_00.wav,A,0.00114,DRUNK,025,046
c:\Users\nagap\OneDrive\Documentos\Maestria\2025S\Phonetics TeamLab\ALC\ses3025,5243025026_h_00.wav,A,0.00114,DRUNK,026,055
c:\Users\nagap\OneDrive\Documentos\Maestria\2025S\Phonetics TeamLab\ALC\ses3025,5243025027_h_00.wav,A,0.00114,DRUNK,027,048
c:\Users\nagap\OneDrive\Documentos\Maestria\2025S\Phonetics TeamLab\ALC\ses3025,5243025028_h_00.wav,A,0.00114,DRUNK,028,049
c:\Users\nagap\OneDrive\Documentos\Maestria\2025S\Phonetics TeamLab\ALC\ses3025,5243025029_h_00.wav,A,0.00114,DRUNK,029,050
c:\Users\nagap\OneDrive\Documentos\Maestria\2025S\Phonetics TeamLab\ALC\ses3025,5243025030_h_00.wav,A,0.00114,DRUNK,030,060
c:\Users\nagap\OneDrive\Documentos\Maestria\2025S\Phonetics TeamLab\ALC\ses4008,5244008001_h_00.wav,N,0.0,SOBER,001,001
c:\Users\nagap\OneDrive\Documentos\Maestria\2025S\Phonetics TeamLab\ALC\ses4008,5244008002_h_00.wav,N,0.0,SOBER,002,002
c:\Users\nagap\OneDrive\Documentos\Maestria\2025S\Phonetics TeamLab\ALC\ses4008,5244008003_h_00.wav,N,0.0,SOBER,003,003
c:\Users\nagap\OneDrive\Documentos\Maestria\2025S\Phonetics TeamLab\ALC\ses4008,5244008004_h_00.wav,N,0.0,SOBER,004,004
c:\Users\nagap\OneDrive\Documentos\Maestria\2025S\Phonetics TeamLab\ALC\ses4008,5244008005_h_00.wav,N,0.0,SOBER,005,005
c:\Users\nagap\OneDrive\Documentos\Maestria\2025S\Phonetics TeamLab\ALC\ses4008,5244008006_h_00.wav,N,0.0,SOBER,006,006
c:\Users\nagap\OneDrive\Documentos\Maestria\2025S\Phonetics TeamLab\ALC\ses4008,5244008007_h_00.wav,N,0.0,SOBER,007,007
c:\Users\nagap\OneDrive\Documentos\Maestria\2025S\Phonetics TeamLab\ALC\ses4008,5244008008_h_00.wav,N,0.0,SOBER,008,008
c:\Users\nagap\OneDrive\Documentos\Maestria\2025S\Phonetics TeamLab\ALC\ses4008,5244008009_h_00.wav,N,0.0,SOBER,009,009
c:\Users\nagap\OneDrive\Documentos\Maestria\2025S\Phonetics TeamLab\ALC\ses4008,5244008010_h_00.wav,N,0.0,SOBER,010,010
c:\Users\nagap\OneDrive\Documentos\Maestria\2025S\Phonetics TeamLab\ALC\ses4008,5244008011_h_00.wav,N,0.0,SOBER,011,011
c:\Users\nagap\OneDrive\Documentos\Maestria\2025S\Phonetics TeamLab\ALC\ses4008,5244008012_h_00.wav,N,0.0,SOBER,012,012
c:\Users\nagap\OneDrive\Documentos\Maestria\2025S\Phonetics TeamLab\ALC\ses4008,5244008013_h_00.wav,N,0.0,SOBER,013,013
c:\Users\nagap\OneDrive\Documentos\Maestria\2025S\Phonetics TeamLab\ALC\ses4008,5244008014_h_00.wav,N,0.0,SOBER,014,014
c:\Users\nagap\OneDrive\Documentos\Maestria\2025S\Phonetics TeamLab\ALC\ses4008,5244008015_h_00.wav,N,0.0,SOBER,015,015
c:\Users\nagap\OneDrive\Documentos\Maestria\2025S\Phonetics TeamLab\ALC\ses4008,5244008016_h_00.wav,N,0.0,SOBER,016,016
c:\Users\nagap\OneDrive\Documentos\Maestria\2025S\Phonetics TeamLab\ALC\ses4008,5244008017_h_00.wav,N,0.0,SOBER,017,017
c:\Users\nagap\OneDrive\Documentos\Maestria\2025S\Phonetics TeamLab\ALC\ses4008,5244008018_h_00.wav,N,0.0,SOBER,018,018
c:\Users\nagap\OneDrive\Documentos\Maestria\2025S\Phonetics TeamLab\ALC\ses4008,5244008019_h_00.wav,N,0.0,SOBER,019,019
c:\Users\nagap\OneDrive\Documentos\Maestria\2025S\Phonetics TeamLab\ALC\ses4008,5244008020_h_00.wav,N,0.0,SOBER,020,020
c:\Users\nagap\OneDrive\Documentos\Maestria\2025S\Phonetics TeamLab\ALC\ses4008,5244008021_h_00.wav,N,0.0,SOBER,021,021
c:\Users\nagap\OneDrive\Documentos\Maestria\2025S\Phonetics TeamLab\ALC\ses4008,5244008022_h_00.wav,N,0.0,SOBER,022,022
c:\Users\nagap\OneDrive\Documentos\Maestria\2025S\Phonetics TeamLab\ALC\ses4008,5244008023_h_00.wav,N,0.0,SOBER,023,023
c:\Users\nagap\OneDrive\Documentos\Maestria\2025S\Phonetics TeamLab\ALC\ses4008,5244008024_h_00.wav,N,0.0,SOBER,024,024
c:\Users\nagap\OneDrive\Documentos\Maestria\2025S\Phonetics TeamLab\ALC\ses4008,5244008025_h_00.wav,N,0.0,SOBER,025,025
c:\Users\nagap\OneDrive\Documentos\Maestria\2025S\Phonetics TeamLab\ALC\ses4008,5244008026_h_00.wav,N,0.0,SOBER,026,026
c:\Users\nagap\OneDrive\Documentos\Maestria\2025S\Phonetics TeamLab\ALC\ses4008,5244008027_h_00.wav,N,0.0,SOBER,027,027
c:\Users\nagap\OneDrive\Documentos\Maestria\2025S\Phonetics TeamLab\ALC\ses4008,5244008028_h_00.wav,N,0.0,SOBER,028,028
c:\Users\nagap\OneDrive\Documentos\Maestria\2025S\Phonetics TeamLab\ALC\ses4008,5244008029_h_00.wav,N,0.0,SOBER,029,029
c:\Users\nagap\OneDrive\Documentos\Maestria\2025S\Phonetics TeamLab\ALC\ses4008,5244008030_h_00.wav,N,0.0,SOBER,030,030
c:\Users\nagap\OneDrive\Documentos\Maestria\2025S\Phonetics TeamLab\ALC\ses4008,5244008031_h_00.wav,N,0.0,SOBER,031,031
c:\Users\nagap\OneDrive\Documentos\Maestria\2025S\Phonetics TeamLab\ALC\ses4008,5244008032_h_00.wav,N,0.0,SOBER,032,032
c:\Users\nagap\OneDrive\Documentos\Maestria\2025S\Phonetics TeamLab\ALC\ses4008,5244008033_h_00.wav,N,0.0,SOBER,033,033
c:\Users\nagap\OneDrive\Documentos\Maestria\2025S\Phonetics TeamLab\ALC\ses4008,5244008034_h_00.wav,N,0.0,SOBER,034,034
c:\Users\nagap\OneDrive\Documentos\Maestria\2025S\Phonetics TeamLab\ALC\ses4008,5244008035_h_00.wav,N,0.0,SOBER,035,035
c:\Users\nagap\OneDrive\Documentos\Maestria\2025S\Phonetics TeamLab\ALC\ses4008,5244008036_h_00.wav,N,0.0,SOBER,036,036
c:\Users\nagap\OneDrive\Documentos\Maestria\2025S\Phonetics TeamLab\ALC\ses4008,5244008037_h_00.wav,N,0.0,SOBER,037,037
c:\Users\nagap\OneDrive\Documentos\Maestria\2025S\Phonetics TeamLab\ALC\ses4008,5244008038_h_00.wav,N,0.0,SOBER,038,038
c:\Users\nagap\OneDrive\Documentos\Maestria\2025S\Phonetics TeamLab\ALC\ses4008,5244008039_h_00.wav,N,0.0,SOBER,039,039
c:\Users\nagap\OneDrive\Documentos\Maestria\2025S\Phonetics TeamLab\ALC\ses4008,5244008040_h_00.wav,N,0.0,SOBER,040,040
c:\Users\nagap\OneDrive\Documentos\Maestria\2025S\Phonetics TeamLab\ALC\ses4008,5244008041_h_00.wav,N,0.0,SOBER,041,041
c:\Users\nagap\OneDrive\Documentos\Maestria\2025S\Phonetics TeamLab\ALC\ses4008,5244008042_h_00.wav,N,0.0,SOBER,042,042
c:\Users\nagap\OneDrive\Documentos\Maestria\2025S\Phonetics TeamLab\ALC\ses4008,5244008043_h_00.wav,N,0.0,SOBER,043,043
c:\Users\nagap\OneDrive\Documentos\Maestria\2025S\Phonetics TeamLab\ALC\ses4008,5244008044_h_00.wav,N,0.0,SOBER,044,044
c:\Users\nagap\OneDrive\Documentos\Maestria\2025S\Phonetics TeamLab\ALC\ses4008,5244008045_h_00.wav,N,0.0,SOBER,045,045
c:\Users\nagap\OneDrive\Documentos\Maestria\2025S\Phonetics TeamLab\ALC\ses4008,5244008046_h_00.wav,N,0.0,SOBER,046,046
c:\Users\nagap\OneDrive\Documentos\Maestria\2025S\Phonetics TeamLab\ALC\ses4008,5244008047_h_00.wav,N,0.0,SOBER,047,047
c:\Users\nagap\OneDrive\Documentos\Maestria\2025S\Phonetics TeamLab\ALC\ses4008,5244008048_h_00.wav,N,0.0,SOBER,048,048
c:\Users\nagap\OneDrive\Documentos\Maestria\2025S\Phonetics TeamLab\ALC\ses4008,5244008049_h_00.wav,N,0.0,SOBER,049,049
c:\Users\nagap\OneDrive\Documentos\Maestria\2025S\Phonetics TeamLab\ALC\ses4008,5244008050_h_00.wav,N,0.0,SOBER,050,050
c:\Users\nagap\OneDrive\Documentos\Maestria\2025S\Phonetics TeamLab\ALC\ses4008,5244008051_h_00.wav,N,0.0,SOBER,051,051
c:\Users\nagap\OneDrive\Documentos\Maestria\2025S\Phonetics TeamLab\ALC\ses4008,5244008052_h_00.wav,N,0.0,SOBER,052,052
c:\Users\nagap\OneDrive\Documentos\Maestria\2025S\Phonetics TeamLab\ALC\ses4008,5244008053_h_00.wav,N,0.0,SOBER,053,053
c:\Users\nagap\OneDrive\Documentos\Maestria\2025S\Phonetics TeamLab\ALC\ses4008,5244008054_h_00.wav,N,0.0,SOBER,054,054
c:\Users\nagap\OneDrive\Documentos\Maestria\2025S\Phonetics TeamLab\ALC\ses4008,5244008055_h_00.wav,N,0.0,SOBER,055,055
c:\Users\nagap\OneDrive\Documentos\Maestria\2025S\Phonetics TeamLab\ALC\ses4008,5244008056_h_00.wav,N,0.0,SOBER,056,056
c:\Users\nagap\OneDrive\Documentos\Maestria\2025S\Phonetics TeamLab\ALC\ses4008,5244008057_h_00.wav,N,0.0,SOBER,057,057
c:\Users\nagap\OneDrive\Documentos\Maestria\2025S\Phonetics TeamLab\ALC\ses4008,5244008058_h_00.wav,N,0.0,SOBER,058,058
c:\Users\nagap\OneDrive\Documentos\Maestria\2025S\Phonetics TeamLab\ALC\ses4008,5244008059_h_00.wav,N,0.0,SOBER,059,059
c:\Users\nagap\OneDrive\Documentos\Maestria\2025S\Phonetics TeamLab\ALC\ses4008,5244008060_h_00.wav,N,0.0,SOBER,060,060
c:\Users\nagap\OneDrive\Documentos\Maestria\2025S\Phonetics TeamLab\ALC\ses1037,0361037001_h_00.wav,A,0.00067,DRUNK,001,001
c:\Users\nagap\OneDrive\Documentos\Maestria\2025S\Phonetics TeamLab\ALC\ses1037,0361037002_h_00.wav,A,0.00067,DRUNK,002,034
c:\Users\nagap\OneDrive\Documentos\Maestria\2025S\Phonetics TeamLab\ALC\ses1037,0361037003_h_00.wav,A,0.00067,DRUNK,003,032
c:\Users\nagap\OneDrive\Documentos\Maestria\2025S\Phonetics TeamLab\ALC\ses1037,0361037004_h_00.wav,A,0.00067,DRUNK,004,061
c:\Users\nagap\OneDrive\Documentos\Maestria\2025S\Phonetics TeamLab\ALC\ses1037,0361037005_h_00.wav,A,0.00067,DRUNK,005,030
c:\Users\nagap\OneDrive\Documentos\Maestria\2025S\Phonetics TeamLab\ALC\ses1037,0361037006_h_00.wav,A,0.00067,DRUNK,006,026
c:\Users\nagap\OneDrive\Documentos\Maestria\2025S\Phonetics TeamLab\ALC\ses1037,0361037007_h_00.wav,A,0.00067,DRUNK,007,023
c:\Users\nagap\OneDrive\Documentos\Maestria\2025S\Phonetics TeamLab\ALC\ses1037,0361037008_h_00.wav,A,0.00067,DRUNK,008,008
c:\Users\nagap\OneDrive\Documentos\Maestria\2025S\Phonetics TeamLab\ALC\ses1037,0361037009_h_00.wav,A,0.00067,DRUNK,009,029
c:\Users\nagap\OneDrive\Documentos\Maestria\2025S\Phonetics TeamLab\ALC\ses1037,0361037010_h_00.wav,A,0.00067,DRUNK,010,010
c:\Users\nagap\OneDrive\Documentos\Maestria\2025S\Phonetics TeamLab\ALC\ses1037,0361037011_h_00.wav,A,0.00067,DRUNK,011,031
c:\Users\nagap\OneDrive\Documentos\Maestria\2025S\Phonetics TeamLab\ALC\ses1037,0361037012_h_00.wav,A,0.00067,DRUNK,012,012
c:\Users\nagap\OneDrive\Documentos\Maestria\2025S\Phonetics TeamLab\ALC\ses1037,0361037013_h_00.wav,A,0.00067,DRUNK,013,013
c:\Users\nagap\OneDrive\Documentos\Maestria\2025S\Phonetics TeamLab\ALC\ses1037,0361037014_h_00.wav,A,0.00067,DRUNK,014,014
c:\Users\nagap\OneDrive\Documentos\Maestria\2025S\Phonetics TeamLab\ALC\ses1037,0361037015_h_00.wav,A,0.00067,DRUNK,015,015
c:\Users\nagap\OneDrive\Documentos\Maestria\2025S\Phonetics TeamLab\ALC\ses1037,0361037016_h_00.wav,A,0.00067,DRUNK,016,036
c:\Users\nagap\OneDrive\Documentos\Maestria\2025S\Phonetics TeamLab\ALC\ses1037,0361037017_h_00.wav,A,0.00067,DRUNK,017,024
c:\Users\nagap\OneDrive\Documentos\Maestria\2025S\Phonetics TeamLab\ALC\ses1037,0361037018_h_00.wav,A,0.00067,DRUNK,018,038
c:\Users\nagap\OneDrive\Documentos\Maestria\2025S\Phonetics TeamLab\ALC\ses1037,0361037019_h_00.wav,A,0.00067,DRUNK,019,019
c:\Users\nagap\OneDrive\Documentos\Maestria\2025S\Phonetics TeamLab\ALC\ses1037,0361037020_h_00.wav,A,0.00067,DRUNK,020,020
c:\Users\nagap\OneDrive\Documentos\Maestria\2025S\Phonetics TeamLab\ALC\ses1037,0361037021_h_01.wav,A,0.00067,DRUNK,021,041
c:\Users\nagap\OneDrive\Documentos\Maestria\2025S\Phonetics TeamLab\ALC\ses1037,0361037022_h_00.wav,A,0.00067,DRUNK,022,042
c:\Users\nagap\OneDrive\Documentos\Maestria\2025S\Phonetics TeamLab\ALC\ses1037,0361037023_h_00.wav,A,0.00067,DRUNK,023,059
c:\Users\nagap\OneDrive\Documentos\Maestria\2025S\Phonetics TeamLab\ALC\ses1037,0361037024_h_00.wav,A,0.00067,DRUNK,024,051
c:\Users\nagap\OneDrive\Documentos\Maestria\2025S\Phonetics TeamLab\ALC\ses1037,0361037025_h_00.wav,A,0.00067,DRUNK,025,046
c:\Users\nagap\OneDrive\Documentos\Maestria\2025S\Phonetics TeamLab\ALC\ses1037,0361037026_h_00.wav,A,0.00067,DRUNK,026,055
c:\Users\nagap\OneDrive\Documentos\Maestria\2025S\Phonetics TeamLab\ALC\ses1037,0361037027_h_00.wav,A,0.00067,DRUNK,027,048
c:\Users\nagap\OneDrive\Documentos\Maestria\2025S\Phonetics TeamLab\ALC\ses1037,0361037028_h_00.wav,A,0.00067,DRUNK,028,049
c:\Users\nagap\OneDrive\Documentos\Maestria\2025S\Phonetics TeamLab\ALC\ses1037,0361037029_h_00.wav,A,0.00067,DRUNK,029,050
c:\Users\nagap\OneDrive\Documentos\Maestria\2025S\Phonetics TeamLab\ALC\ses1037,0361037030_h_00.wav,A,0.00067,DRUNK,030,060
c:\Users\nagap\OneDrive\Documentos\Maestria\2025S\Phonetics TeamLab\ALC\ses2024,0362024001_h_00.wav,N,0.0,SOBER,001,001
c:\Users\nagap\OneDrive\Documentos\Maestria\2025S\Phonetics TeamLab\ALC\ses2024,0362024002_h_00.wav,N,0.0,SOBER,002,002
c:\Users\nagap\OneDrive\Documentos\Maestria\2025S\Phonetics TeamLab\ALC\ses2024,0362024003_h_00.wav,N,0.0,SOBER,003,003
c:\Users\nagap\OneDrive\Documentos\Maestria\2025S\Phonetics TeamLab\ALC\ses2024,0362024004_h_00.wav,N,0.0,SOBER,004,004
c:\Users\nagap\OneDrive\Documentos\Maestria\2025S\Phonetics TeamLab\ALC\ses2024,0362024005_h_00.wav,N,0.0,SOBER,005,005
c:\Users\nagap\OneDrive\Documentos\Maestria\2025S\Phonetics TeamLab\ALC\ses2024,0362024006_h_00.wav,N,0.0,SOBER,006,006
c:\Users\nagap\OneDrive\Documentos\Maestria\2025S\Phonetics TeamLab\ALC\ses2024,0362024007_h_00.wav,N,0.0,SOBER,007,007
c:\Users\nagap\OneDrive\Documentos\Maestria\2025S\Phonetics TeamLab\ALC\ses2024,0362024008_h_00.wav,N,0.0,SOBER,008,008
c:\Users\nagap\OneDrive\Documentos\Maestria\2025S\Phonetics TeamLab\ALC\ses2024,0362024009_h_00.wav,N,0.0,SOBER,009,009
c:\Users\nagap\OneDrive\Documentos\Maestria\2025S\Phonetics TeamLab\ALC\ses2024,0362024010_h_00.wav,N,0.0,SOBER,010,010
c:\Users\nagap\OneDrive\Documentos\Maestria\2025S\Phonetics TeamLab\ALC\ses2024,0362024011_h_00.wav,N,0.0,SOBER,011,011
c:\Users\nagap\OneDrive\Documentos\Maestria\2025S\Phonetics TeamLab\ALC\ses2024,0362024012_h_00.wav,N,0.0,SOBER,012,012
c:\Users\nagap\OneDrive\Documentos\Maestria\2025S\Phonetics TeamLab\ALC\ses2024,0362024013_h_00.wav,N,0.0,SOBER,013,013
c:\Users\nagap\OneDrive\Documentos\Maestria\2025S\Phonetics TeamLab\ALC\ses2024,0362024014_h_00.wav,N,0.0,SOBER,014,014
c:\Users\nagap\OneDrive\Documentos\Maestria\2025S\Phonetics TeamLab\ALC\ses2024,0362024015_h_00.wav,N,0.0,SOBER,015,015
c:\Users\nagap\OneDrive\Documentos\Maestria\2025S\Phonetics TeamLab\ALC\ses2024,0362024016_h_00.wav,N,0.0,SOBER,016,016
c:\Users\nagap\OneDrive\Documentos\Maestria\2025S\Phonetics TeamLab\ALC\ses2024,0362024017_h_00.wav,N,0.0,SOBER,017,017
c:\Users\nagap\OneDrive\Documentos\Maestria\2025S\Phonetics TeamLab\ALC\ses2024,0362024018_h_00.wav,N,0.0,SOBER,018,018
c:\Users\nagap\OneDrive\Documentos\Maestria\2025S\Phonetics TeamLab\ALC\ses2024,0362024019_h_00.wav,N,0.0,SOBER,019,019
c:\Users\nagap\OneDrive\Documentos\Maestria\2025S\Phonetics TeamLab\ALC\ses2024,0362024020_h_00.wav,N,0.0,SOBER,020,020
c:\Users\nagap\OneDrive\Documentos\Maestria\2025S\Phonetics TeamLab\ALC\ses2024,0362024021_h_00.wav,N,0.0,SOBER,021,021
c:\Users\nagap\OneDrive\Documentos\Maestria\2025S\Phonetics TeamLab\ALC\ses2024,0362024022_h_00.wav,N,0.0,SOBER,022,022
c:\Users\nagap\OneDrive\Documentos\Maestria\2025S\Phonetics TeamLab\ALC\ses2024,0362024023_h_00.wav,N,0.0,SOBER,023,023
c:\Users\nagap\OneDrive\Documentos\Maestria\2025S\Phonetics TeamLab\ALC\ses2024,0362024024_h_00.wav,N,0.0,SOBER,024,024
c:\Users\nagap\OneDrive\Documentos\Maestria\2025S\Phonetics TeamLab\ALC\ses2024,0362024025_h_00.wav,N,0.0,SOBER,025,025
c:\Users\nagap\OneDrive\Documentos\Maestria\2025S\Phonetics TeamLab\ALC\ses2024,0362024026_h_00.wav,N,0.0,SOBER,026,026
c:\Users\nagap\OneDrive\Documentos\Maestria\2025S\Phonetics TeamLab\ALC\ses2024,0362024027_h_00.wav,N,0.0,SOBER,027,027
c:\Users\nagap\OneDrive\Documentos\Maestria\2025S\Phonetics TeamLab\ALC\ses2024,0362024028_h_00.wav,N,0.0,SOBER,028,028
c:\Users\nagap\OneDrive\Documentos\Maestria\2025S\Phonetics TeamLab\ALC\ses2024,0362024029_h_00.wav,N,0.0,SOBER,029,029
c:\Users\nagap\OneDrive\Documentos\Maestria\2025S\Phonetics TeamLab\ALC\ses2024,0362024030_h_00.wav,N,0.0,SOBER,030,030
c:\Users\nagap\OneDrive\Documentos\Maestria\2025S\Phonetics TeamLab\ALC\ses2024,0362024031_h_00.wav,N,0.0,SOBER,031,031
c:\Users\nagap\OneDrive\Documentos\Maestria\2025S\Phonetics TeamLab\ALC\ses2024,0362024032_h_00.wav,N,0.0,SOBER,032,032
c:\Users\nagap\OneDrive\Documentos\Maestria\2025S\Phonetics TeamLab\ALC\ses2024,0362024033_h_00.wav,N,0.0,SOBER,033,033
c:\Users\nagap\OneDrive\Documentos\Maestria\2025S\Phonetics TeamLab\ALC\ses2024,0362024034_h_00.wav,N,0.0,SOBER,034,034
c:\Users\nagap\OneDrive\Documentos\Maestria\2025S\Phonetics TeamLab\ALC\ses2024,0362024035_h_00.wav,N,0.0,SOBER,035,035
c:\Users\nagap\OneDrive\Documentos\Maestria\2025S\Phonetics TeamLab\ALC\ses2024,0362024036_h_00.wav,N,0.0,SOBER,036,036
c:\Users\nagap\OneDrive\Documentos\Maestria\2025S\Phonetics TeamLab\ALC\ses2024,0362024037_h_00.wav,N,0.0,SOBER,037,037
c:\Users\nagap\OneDrive\Documentos\Maestria\2025S\Phonetics TeamLab\ALC\ses2024,0362024038_h_00.wav,N,0.0,SOBER,038,038
c:\Users\nagap\OneDrive\Documentos\Maestria\2025S\Phonetics TeamLab\ALC\ses2024,0362024039_h_00.wav,N,0.0,SOBER,039,039
c:\Users\nagap\OneDrive\Documentos\Maestria\2025S\Phonetics TeamLab\ALC\ses2024,0362024040_h_00.wav,N,0.0,SOBER,040,040
c:\Users\nagap\OneDrive\Documentos\Maestria\2025S\Phonetics TeamLab\ALC\ses2024,0362024041_h_00.wav,N,0.0,SOBER,041,041
c:\Users\nagap\OneDrive\Documentos\Maestria\2025S\Phonetics TeamLab\ALC\ses2024,0362024042_h_00.wav,N,0.0,SOBER,042,042
c:\Users\nagap\OneDrive\Documentos\Maestria\2025S\Phonetics TeamLab\ALC\ses2024,0362024043_h_00.wav,N,0.0,SOBER,043,043
c:\Users\nagap\OneDrive\Documentos\Maestria\2025S\Phonetics TeamLab\ALC\ses2024,0362024044_h_00.wav,N,0.0,SOBER,044,044
c:\Users\nagap\OneDrive\Documentos\Maestria\2025S\Phonetics TeamLab\ALC\ses2024,0362024045_h_00.wav,N,0.0,SOBER,045,045
c:\Users\nagap\OneDrive\Documentos\Maestria\2025S\Phonetics TeamLab\ALC\ses2024,0362024046_h_00.wav,N,0.0,SOBER,046,046
c:\Users\nagap\OneDrive\Documentos\Maestria\2025S\Phonetics TeamLab\ALC\ses2024,0362024047_h_00.wav,N,0.0,SOBER,047,047
c:\Users\nagap\OneDrive\Documentos\Maestria\2025S\Phonetics TeamLab\ALC\ses2024,0362024048_h_00.wav,N,0.0,SOBER,048,048
c:\Users\nagap\OneDrive\Documentos\Maestria\2025S\Phonetics TeamLab\ALC\ses2024,0362024049_h_00.wav,N,0.0,SOBER,049,049
c:\Users\nagap\OneDrive\Documentos\Maestria\2025S\Phonetics TeamLab\ALC\ses2024,0362024050_h_00.wav,N,0.0,SOBER,050,050
c:\Users\nagap\OneDrive\Documentos\Maestria\2025S\Phonetics TeamLab\ALC\ses2024,0362024051_h_01.wav,N,0.0,SOBER,051,051
c:\Users\nagap\OneDrive\Documentos\Maestria\2025S\Phonetics TeamLab\ALC\ses2024,0362024052_h_00.wav,N,0.0,SOBER,052,052
c:\Users\nagap\OneDrive\Documentos\Maestria\2025S\Phonetics TeamLab\ALC\ses2024,0362024053_h_00.wav,N,0.0,SOBER,053,053
c:\Users\nagap\OneDrive\Documentos\Maestria\2025S\Phonetics TeamLab\ALC\ses2024,0362024054_h_00.wav,N,0.0,SOBER,054,054
c:\Users\nagap\OneDrive\Documentos\Maestria\2025S\Phonetics TeamLab\ALC\ses2024,0362024055_h_00.wav,N,0.0,SOBER,055,055
c:\Users\nagap\OneDrive\Documentos\Maestria\2025S\Phonetics TeamLab\ALC\ses2024,0362024056_h_00.wav,N,0.0,SOBER,056,056
c:\Users\nagap\OneDrive\Documentos\Maestria\2025S\Phonetics TeamLab\ALC\ses2024,0362024057_h_00.wav,N,0.0,SOBER,057,057
c:\Users\nagap\OneDrive\Documentos\Maestria\2025S\Phonetics TeamLab\ALC\ses2024,0362024058_h_00.wav,N,0.0,SOBER,058,058
c:\Users\nagap\OneDrive\Documentos\Maestria\2025S\Phonetics TeamLab\ALC\ses2024,0362024059_h_00.wav,N,0.0,SOBER,059,059
c:\Users\nagap\OneDrive\Documentos\Maestria\2025S\Phonetics TeamLab\ALC\ses2024,0362024060_h_00.wav,N,0.0,SOBER,060,060
c:\Users\nagap\OneDrive\Documentos\Maestria\2025S\Phonetics TeamLab\ALC\ses3047,5453047001_h_00.wav,A,0.00061,DRUNK,001,001
c:\Users\nagap\OneDrive\Documentos\Maestria\2025S\Phonetics TeamLab\ALC\ses3047,5453047002_h_00.wav,A,0.00061,DRUNK,002,034
c:\Users\nagap\OneDrive\Documentos\Maestria\2025S\Phonetics TeamLab\ALC\ses3047,5453047003_h_00.wav,A,0.00061,DRUNK,003,032
c:\Users\nagap\OneDrive\Documentos\Maestria\2025S\Phonetics TeamLab\ALC\ses3047,5453047004_h_00.wav,A,0.00061,DRUNK,004,061
c:\Users\nagap\OneDrive\Documentos\Maestria\2025S\Phonetics TeamLab\ALC\ses3047,5453047005_h_00.wav,A,0.00061,DRUNK,005,030
c:\Users\nagap\OneDrive\Documentos\Maestria\2025S\Phonetics TeamLab\ALC\ses3047,5453047006_h_00.wav,A,0.00061,DRUNK,006,026
c:\Users\nagap\OneDrive\Documentos\Maestria\2025S\Phonetics TeamLab\ALC\ses3047,5453047007_h_00.wav,A,0.00061,DRUNK,007,023
c:\Users\nagap\OneDrive\Documentos\Maestria\2025S\Phonetics TeamLab\ALC\ses3047,5453047008_h_00.wav,A,0.00061,DRUNK,008,008
c:\Users\nagap\OneDrive\Documentos\Maestria\2025S\Phonetics TeamLab\ALC\ses3047,5453047009_h_00.wav,A,0.00061,DRUNK,009,029
c:\Users\nagap\OneDrive\Documentos\Maestria\2025S\Phonetics TeamLab\ALC\ses3047,5453047010_h_00.wav,A,0.00061,DRUNK,010,010
c:\Users\nagap\OneDrive\Documentos\Maestria\2025S\Phonetics TeamLab\ALC\ses3047,5453047011_h_00.wav,A,0.00061,DRUNK,011,031
c:\Users\nagap\OneDrive\Documentos\Maestria\2025S\Phonetics TeamLab\ALC\ses3047,5453047012_h_00.wav,A,0.00061,DRUNK,012,012
c:\Users\nagap\OneDrive\Documentos\Maestria\2025S\Phonetics TeamLab\ALC\ses3047,5453047013_h_00.wav,A,0.00061,DRUNK,013,013
c:\Users\nagap\OneDrive\Documentos\Maestria\2025S\Phonetics TeamLab\ALC\ses3047,5453047014_h_00.wav,A,0.00061,DRUNK,014,014
c:\Users\nagap\OneDrive\Documentos\Maestria\2025S\Phonetics TeamLab\ALC\ses3047,5453047015_h_00.wav,A,0.00061,DRUNK,015,015
c:\Users\nagap\OneDrive\Documentos\Maestria\2025S\Phonetics TeamLab\ALC\ses3047,5453047016_h_00.wav,A,0.00061,DRUNK,016,036
c:\Users\nagap\OneDrive\Documentos\Maestria\2025S\Phonetics TeamLab\ALC\ses3047,5453047017_h_00.wav,A,0.00061,DRUNK,017,024
c:\Users\nagap\OneDrive\Documentos\Maestria\2025S\Phonetics TeamLab\ALC\ses3047,5453047018_h_00.wav,A,0.00061,DRUNK,018,038
c:\Users\nagap\OneDrive\Documentos\Maestria\2025S\Phonetics TeamLab\ALC\ses3047,5453047019_h_00.wav,A,0.00061,DRUNK,019,019
c:\Users\nagap\OneDrive\Documentos\Maestria\2025S\Phonetics TeamLab\ALC\ses3047,5453047020_h_00.wav,A,0.00061,DRUNK,020,020
c:\Users\nagap\OneDrive\Documentos\Maestria\2025S\Phonetics TeamLab\ALC\ses3047,5453047021_h_00.wav,A,0.00061,DRUNK,021,041
c:\Users\nagap\OneDrive\Documentos\Maestria\2025S\Phonetics TeamLab\ALC\ses3047,5453047022_h_00.wav,A,0.00061,DRUNK,022,042
c:\Users\nagap\OneDrive\Documentos\Maestria\2025S\Phonetics TeamLab\ALC\ses3047,5453047023_h_00.wav,A,0.00061,DRUNK,023,059
c:\Users\nagap\OneDrive\Documentos\Maestria\2025S\Phonetics TeamLab\ALC\ses3047,5453047024_h_00.wav,A,0.00061,DRUNK,024,051
c:\Users\nagap\OneDrive\Documentos\Maestria\2025S\Phonetics TeamLab\ALC\ses3047,5453047025_h_00.wav,A,0.00061,DRUNK,025,046
c:\Users\nagap\OneDrive\Documentos\Maestria\2025S\Phonetics TeamLab\ALC\ses3047,5453047026_h_00.wav,A,0.00061,DRUNK,026,055
c:\Users\nagap\OneDrive\Documentos\Maestria\2025S\Phonetics TeamLab\ALC\ses3047,5453047027_h_00.wav,A,0.00061,DRUNK,027,048
c:\Users\nagap\OneDrive\Documentos\Maestria\2025S\Phonetics TeamLab\ALC\ses3047,5453047028_h_00.wav,A,0.00061,DRUNK,028,049
c:\Users\nagap\OneDrive\Documentos\Maestria\2025S\Phonetics TeamLab\ALC\ses3047,5453047029_h_00.wav,A,0.00061,DRUNK,029,050
c:\Users\nagap\OneDrive\Documentos\Maestria\2025S\Phonetics TeamLab\ALC\ses3047,5453047030_h_00.wav,A,0.00061,DRUNK,030,060
c:\Users\nagap\OneDrive\Documentos\Maestria\2025S\Phonetics TeamLab\ALC\ses4050,5454050001_h_00.wav,N,0.0,SOBER,001,001
c:\Users\nagap\OneDrive\Documentos\Maestria\2025S\Phonetics TeamLab\ALC\ses4050,5454050002_h_00.wav,N,0.0,SOBER,002,002
c:\Users\nagap\OneDrive\Documentos\Maestria\2025S\Phonetics TeamLab\ALC\ses4050,5454050003_h_00.wav,N,0.0,SOBER,003,003
c:\Users\nagap\OneDrive\Documentos\Maestria\2025S\Phonetics TeamLab\ALC\ses4050,5454050004_h_00.wav,N,0.0,SOBER,004,004
c:\Users\nagap\OneDrive\Documentos\Maestria\2025S\Phonetics TeamLab\ALC\ses4050,5454050005_h_00.wav,N,0.0,SOBER,005,005
c:\Users\nagap\OneDrive\Documentos\Maestria\2025S\Phonetics TeamLab\ALC\ses4050,5454050006_h_00.wav,N,0.0,SOBER,006,006
c:\Users\nagap\OneDrive\Documentos\Maestria\2025S\Phonetics TeamLab\ALC\ses4050,5454050007_h_00.wav,N,0.0,SOBER,007,007
c:\Users\nagap\OneDrive\Documentos\Maestria\2025S\Phonetics TeamLab\ALC\ses4050,5454050008_h_00.wav,N,0.0,SOBER,008,008
c:\Users\nagap\OneDrive\Documentos\Maestria\2025S\Phonetics TeamLab\ALC\ses4050,5454050009_h_00.wav,N,0.0,SOBER,009,009
c:\Users\nagap\OneDrive\Documentos\Maestria\2025S\Phonetics TeamLab\ALC\ses4050,5454050010_h_00.wav,N,0.0,SOBER,010,010
c:\Users\nagap\OneDrive\Documentos\Maestria\2025S\Phonetics TeamLab\ALC\ses4050,5454050011_h_00.wav,N,0.0,SOBER,011,011
c:\Users\nagap\OneDrive\Documentos\Maestria\2025S\Phonetics TeamLab\ALC\ses4050,5454050012_h_00.wav,N,0.0,SOBER,012,012
c:\Users\nagap\OneDrive\Documentos\Maestria\2025S\Phonetics TeamLab\ALC\ses4050,5454050013_h_00.wav,N,0.0,SOBER,013,013
c:\Users\nagap\OneDrive\Documentos\Maestria\2025S\Phonetics TeamLab\ALC\ses4050,5454050014_h_00.wav,N,0.0,SOBER,014,014
c:\Users\nagap\OneDrive\Documentos\Maestria\2025S\Phonetics TeamLab\ALC\ses4050,5454050015_h_00.wav,N,0.0,SOBER,015,015
c:\Users\nagap\OneDrive\Documentos\Maestria\2025S\Phonetics TeamLab\ALC\ses4050,5454050016_h_00.wav,N,0.0,SOBER,016,016
c:\Users\nagap\OneDrive\Documentos\Maestria\2025S\Phonetics TeamLab\ALC\ses4050,5454050017_h_00.wav,N,0.0,SOBER,017,017
c:\Users\nagap\OneDrive\Documentos\Maestria\2025S\Phonetics TeamLab\ALC\ses4050,5454050018_h_00.wav,N,0.0,SOBER,018,018
c:\Users\nagap\OneDrive\Documentos\Maestria\2025S\Phonetics TeamLab\ALC\ses4050,5454050019_h_00.wav,N,0.0,SOBER,019,019
c:\Users\nagap\OneDrive\Documentos\Maestria\2025S\Phonetics TeamLab\ALC\ses4050,5454050020_h_00.wav,N,0.0,SOBER,020,020
c:\Users\nagap\OneDrive\Documentos\Maestria\2025S\Phonetics TeamLab\ALC\ses4050,5454050021_h_00.wav,N,0.0,SOBER,021,021
c:\Users\nagap\OneDrive\Documentos\Maestria\2025S\Phonetics TeamLab\ALC\ses4050,5454050022_h_00.wav,N,0.0,SOBER,022,022
c:\Users\nagap\OneDrive\Documentos\Maestria\2025S\Phonetics TeamLab\ALC\ses4050,5454050023_h_00.wav,N,0.0,SOBER,023,023
c:\Users\nagap\OneDrive\Documentos\Maestria\2025S\Phonetics TeamLab\ALC\ses4050,5454050024_h_00.wav,N,0.0,SOBER,024,024
c:\Users\nagap\OneDrive\Documentos\Maestria\2025S\Phonetics TeamLab\ALC\ses4050,5454050025_h_00.wav,N,0.0,SOBER,025,025
c:\Users\nagap\OneDrive\Documentos\Maestria\2025S\Phonetics TeamLab\ALC\ses4050,5454050026_h_00.wav,N,0.0,SOBER,026,026
c:\Users\nagap\OneDrive\Documentos\Maestria\2025S\Phonetics TeamLab\ALC\ses4050,5454050027_h_00.wav,N,0.0,SOBER,027,027
c:\Users\nagap\OneDrive\Documentos\Maestria\2025S\Phonetics TeamLab\ALC\ses4050,5454050028_h_00.wav,N,0.0,SOBER,028,028
c:\Users\nagap\OneDrive\Documentos\Maestria\2025S\Phonetics TeamLab\ALC\ses4050,5454050029_h_00.wav,N,0.0,SOBER,029,029
c:\Users\nagap\OneDrive\Documentos\Maestria\2025S\Phonetics TeamLab\ALC\ses4050,5454050030_h_00.wav,N,0.0,SOBER,030,030
c:\Users\nagap\OneDrive\Documentos\Maestria\2025S\Phonetics TeamLab\ALC\ses4050,5454050031_h_00.wav,N,0.0,SOBER,031,031
c:\Users\nagap\OneDrive\Documentos\Maestria\2025S\Phonetics TeamLab\ALC\ses4050,5454050032_h_00.wav,N,0.0,SOBER,032,032
c:\Users\nagap\OneDrive\Documentos\Maestria\2025S\Phonetics TeamLab\ALC\ses4050,5454050033_h_00.wav,N,0.0,SOBER,033,033
c:\Users\nagap\OneDrive\Documentos\Maestria\2025S\Phonetics TeamLab\ALC\ses4050,5454050034_h_00.wav,N,0.0,SOBER,034,034
c:\Users\nagap\OneDrive\Documentos\Maestria\2025S\Phonetics TeamLab\ALC\ses4050,5454050035_h_00.wav,N,0.0,SOBER,035,035
c:\Users\nagap\OneDrive\Documentos\Maestria\2025S\Phonetics TeamLab\ALC\ses4050,5454050036_h_00.wav,N,0.0,SOBER,036,036
c:\Users\nagap\OneDrive\Documentos\Maestria\2025S\Phonetics TeamLab\ALC\ses4050,5454050037_h_00.wav,N,0.0,SOBER,037,037
c:\Users\nagap\OneDrive\Documentos\Maestria\2025S\Phonetics TeamLab\ALC\ses4050,5454050038_h_00.wav,N,0.0,SOBER,038,038
c:\Users\nagap\OneDrive\Documentos\Maestria\2025S\Phonetics TeamLab\ALC\ses4050,5454050039_h_00.wav,N,0.0,SOBER,039,039
c:\Users\nagap\OneDrive\Documentos\Maestria\2025S\Phonetics TeamLab\ALC\ses4050,5454050040_h_00.wav,N,0.0,SOBER,040,040
c:\Users\nagap\OneDrive\Documentos\Maestria\2025S\Phonetics TeamLab\ALC\ses4050,5454050041_h_00.wav,N,0.0,SOBER,041,041
c:\Users\nagap\OneDrive\Documentos\Maestria\2025S\Phonetics TeamLab\ALC\ses4050,5454050042_h_00.wav,N,0.0,SOBER,042,042
c:\Users\nagap\OneDrive\Documentos\Maestria\2025S\Phonetics TeamLab\ALC\ses4050,5454050043_h_00.wav,N,0.0,SOBER,043,043
c:\Users\nagap\OneDrive\Documentos\Maestria\2025S\Phonetics TeamLab\ALC\ses4050,5454050044_h_00.wav,N,0.0,SOBER,044,044
c:\Users\nagap\OneDrive\Documentos\Maestria\2025S\Phonetics TeamLab\ALC\ses4050,5454050045_h_00.wav,N,0.0,SOBER,045,045
c:\Users\nagap\OneDrive\Documentos\Maestria\2025S\Phonetics TeamLab\ALC\ses4050,5454050046_h_00.wav,N,0.0,SOBER,046,046
c:\Users\nagap\OneDrive\Documentos\Maestria\2025S\Phonetics TeamLab\ALC\ses4050,5454050047_h_00.wav,N,0.0,SOBER,047,047
c:\Users\nagap\OneDrive\Documentos\Maestria\2025S\Phonetics TeamLab\ALC\ses4050,5454050048_h_00.wav,N,0.0,SOBER,048,048
c:\Users\nagap\OneDrive\Documentos\Maestria\2025S\Phonetics TeamLab\ALC\ses4050,5454050049_h_00.wav,N,0.0,SOBER,049,049
c:\Users\nagap\OneDrive\Documentos\Maestria\2025S\Phonetics TeamLab\ALC\ses4050,5454050050_h_00.wav,N,0.0,SOBER,050,050
c:\Users\nagap\OneDrive\Documentos\Maestria\2025S\Phonetics TeamLab\ALC\ses4050,5454050051_h_00.wav,N,0.0,SOBER,051,051
c:\Users\nagap\OneDrive\Documentos\Maestria\2025S\Phonetics TeamLab\ALC\ses4050,5454050052_h_00.wav,N,0.0,SOBER,052,052
c:\Users\nagap\OneDrive\Documentos\Maestria\2025S\Phonetics TeamLab\ALC\ses4050,5454050053_h_00.wav,N,0.0,SOBER,053,053
c:\Users\nagap\OneDrive\Documentos\Maestria\2025S\Phonetics TeamLab\ALC\ses4050,5454050054_h_00.wav,N,0.0,SOBER,054,054
c:\Users\nagap\OneDrive\Documentos\Maestria\2025S\Phonetics TeamLab\ALC\ses4050,5454050055_h_00.wav,N,0.0,SOBER,055,055
c:\Users\nagap\OneDrive\Documentos\Maestria\2025S\Phonetics TeamLab\ALC\ses4050,5454050056_h_00.wav,N,0.0,SOBER,056,056
c:\Users\nagap\OneDrive\Documentos\Maestria\2025S\Phonetics TeamLab\ALC\ses4050,5454050057_h_00.wav,N,0.0,SOBER,057,057
c:\Users\nagap\OneDrive\Documentos\Maestria\2025S\Phonetics TeamLab\ALC\ses4050,5454050058_h_00.wav,N,0.0,SOBER,058,058
c:\Users\nagap\OneDrive\Documentos\Maestria\2025S\Phonetics TeamLab\ALC\ses4050,5454050059_h_00.wav,N,0.0,SOBER,059,059
c:\Users\nagap\OneDrive\Documentos\Maestria\2025S\Phonetics TeamLab\ALC\ses4050,5454050060_h_00.wav,N,0.0,SOBER,060,060
c:\Users\nagap\OneDrive\Documentos\Maestria\2025S\Phonetics TeamLab\ALC\ses1070,0691070001_h_00.wav,A,0.00074,DRUNK,001,001
c:\Users\nagap\OneDrive\Documentos\Maestria\2025S\Phonetics TeamLab\ALC\ses1070,0691070002_h_00.wav,A,0.00074,DRUNK,002,034
c:\Users\nagap\OneDrive\Documentos\Maestria\2025S\Phonetics TeamLab\ALC\ses1070,0691070003_h_00.wav,A,0.00074,DRUNK,003,032
c:\Users\nagap\OneDrive\Documentos\Maestria\2025S\Phonetics TeamLab\ALC\ses1070,0691070004_h_00.wav,A,0.00074,DRUNK,004,061
c:\Users\nagap\OneDrive\Documentos\Maestria\2025S\Phonetics TeamLab\ALC\ses1070,0691070005_h_00.wav,A,0.00074,DRUNK,005,030
c:\Users\nagap\OneDrive\Documentos\Maestria\2025S\Phonetics TeamLab\ALC\ses1070,0691070006_h_00.wav,A,0.00074,DRUNK,006,026
c:\Users\nagap\OneDrive\Documentos\Maestria\2025S\Phonetics TeamLab\ALC\ses1070,0691070007_h_00.wav,A,0.00074,DRUNK,007,023
c:\Users\nagap\OneDrive\Documentos\Maestria\2025S\Phonetics TeamLab\ALC\ses1070,0691070008_h_00.wav,A,0.00074,DRUNK,008,008
c:\Users\nagap\OneDrive\Documentos\Maestria\2025S\Phonetics TeamLab\ALC\ses1070,0691070009_h_00.wav,A,0.00074,DRUNK,009,029
c:\Users\nagap\OneDrive\Documentos\Maestria\2025S\Phonetics TeamLab\ALC\ses1070,0691070010_h_00.wav,A,0.00074,DRUNK,010,010
c:\Users\nagap\OneDrive\Documentos\Maestria\2025S\Phonetics TeamLab\ALC\ses1070,0691070011_h_00.wav,A,0.00074,DRUNK,011,031
c:\Users\nagap\OneDrive\Documentos\Maestria\2025S\Phonetics TeamLab\ALC\ses1070,0691070012_h_00.wav,A,0.00074,DRUNK,012,012
c:\Users\nagap\OneDrive\Documentos\Maestria\2025S\Phonetics TeamLab\ALC\ses1070,0691070013_h_00.wav,A,0.00074,DRUNK,013,013
c:\Users\nagap\OneDrive\Documentos\Maestria\2025S\Phonetics TeamLab\ALC\ses1070,0691070014_h_00.wav,A,0.00074,DRUNK,014,014
c:\Users\nagap\OneDrive\Documentos\Maestria\2025S\Phonetics TeamLab\ALC\ses1070,0691070015_h_00.wav,A,0.00074,DRUNK,015,015
c:\Users\nagap\OneDrive\Documentos\Maestria\2025S\Phonetics TeamLab\ALC\ses1070,0691070016_h_00.wav,A,0.00074,DRUNK,016,036
c:\Users\nagap\OneDrive\Documentos\Maestria\2025S\Phonetics TeamLab\ALC\ses1070,0691070017_h_00.wav,A,0.00074,DRUNK,017,024
c:\Users\nagap\OneDrive\Documentos\Maestria\2025S\Phonetics TeamLab\ALC\ses1070,0691070018_h_00.wav,A,0.00074,DRUNK,018,038
c:\Users\nagap\OneDrive\Documentos\Maestria\2025S\Phonetics TeamLab\ALC\ses1070,0691070019_h_00.wav,A,0.00074,DRUNK,019,019
c:\Users\nagap\OneDrive\Documentos\Maestria\2025S\Phonetics TeamLab\ALC\ses1070,0691070020_h_00.wav,A,0.00074,DRUNK,020,020
c:\Users\nagap\OneDrive\Documentos\Maestria\2025S\Phonetics TeamLab\ALC\ses1070,0691070021_h_00.wav,A,0.00074,DRUNK,021,041
c:\Users\nagap\OneDrive\Documentos\Maestria\2025S\Phonetics TeamLab\ALC\ses1070,0691070022_h_00.wav,A,0.00074,DRUNK,022,042
c:\Users\nagap\OneDrive\Documentos\Maestria\2025S\Phonetics TeamLab\ALC\ses1070,0691070023_h_00.wav,A,0.00074,DRUNK,023,059
c:\Users\nagap\OneDrive\Documentos\Maestria\2025S\Phonetics TeamLab\ALC\ses1070,0691070024_h_00.wav,A,0.00074,DRUNK,024,051
c:\Users\nagap\OneDrive\Documentos\Maestria\2025S\Phonetics TeamLab\ALC\ses1070,0691070025_h_00.wav,A,0.00074,DRUNK,025,046
c:\Users\nagap\OneDrive\Documentos\Maestria\2025S\Phonetics TeamLab\ALC\ses1070,0691070026_h_00.wav,A,0.00074,DRUNK,026,055
c:\Users\nagap\OneDrive\Documentos\Maestria\2025S\Phonetics TeamLab\ALC\ses1070,0691070027_h_00.wav,A,0.00074,DRUNK,027,048
c:\Users\nagap\OneDrive\Documentos\Maestria\2025S\Phonetics TeamLab\ALC\ses1070,0691070028_h_00.wav,A,0.00074,DRUNK,028,049
c:\Users\nagap\OneDrive\Documentos\Maestria\2025S\Phonetics TeamLab\ALC\ses1070,0691070029_h_00.wav,A,0.00074,DRUNK,029,050
c:\Users\nagap\OneDrive\Documentos\Maestria\2025S\Phonetics TeamLab\ALC\ses1070,0691070030_h_00.wav,A,0.00074,DRUNK,030,060
c:\Users\nagap\OneDrive\Documentos\Maestria\2025S\Phonetics TeamLab\ALC\ses2070,0692070001_h_00.wav,N,0.0,SOBER,001,001
c:\Users\nagap\OneDrive\Documentos\Maestria\2025S\Phonetics TeamLab\ALC\ses2070,0692070002_h_00.wav,N,0.0,SOBER,002,002
c:\Users\nagap\OneDrive\Documentos\Maestria\2025S\Phonetics TeamLab\ALC\ses2070,0692070003_h_00.wav,N,0.0,SOBER,003,003
c:\Users\nagap\OneDrive\Documentos\Maestria\2025S\Phonetics TeamLab\ALC\ses2070,0692070004_h_00.wav,N,0.0,SOBER,004,004
c:\Users\nagap\OneDrive\Documentos\Maestria\2025S\Phonetics TeamLab\ALC\ses2070,0692070005_h_00.wav,N,0.0,SOBER,005,005
c:\Users\nagap\OneDrive\Documentos\Maestria\2025S\Phonetics TeamLab\ALC\ses2070,0692070006_h_00.wav,N,0.0,SOBER,006,006
c:\Users\nagap\OneDrive\Documentos\Maestria\2025S\Phonetics TeamLab\ALC\ses2070,0692070007_h_00.wav,N,0.0,SOBER,007,007
c:\Users\nagap\OneDrive\Documentos\Maestria\2025S\Phonetics TeamLab\ALC\ses2070,0692070008_h_00.wav,N,0.0,SOBER,008,008
c:\Users\nagap\OneDrive\Documentos\Maestria\2025S\Phonetics TeamLab\ALC\ses2070,0692070009_h_00.wav,N,0.0,SOBER,009,009
c:\Users\nagap\OneDrive\Documentos\Maestria\2025S\Phonetics TeamLab\ALC\ses2070,0692070010_h_00.wav,N,0.0,SOBER,010,010
c:\Users\nagap\OneDrive\Documentos\Maestria\2025S\Phonetics TeamLab\ALC\ses2070,0692070011_h_00.wav,N,0.0,SOBER,011,011
c:\Users\nagap\OneDrive\Documentos\Maestria\2025S\Phonetics TeamLab\ALC\ses2070,0692070012_h_00.wav,N,0.0,SOBER,012,012
c:\Users\nagap\OneDrive\Documentos\Maestria\2025S\Phonetics TeamLab\ALC\ses2070,0692070013_h_00.wav,N,0.0,SOBER,013,013
c:\Users\nagap\OneDrive\Documentos\Maestria\2025S\Phonetics TeamLab\ALC\ses2070,0692070014_h_00.wav,N,0.0,SOBER,014,014
c:\Users\nagap\OneDrive\Documentos\Maestria\2025S\Phonetics TeamLab\ALC\ses2070,0692070015_h_00.wav,N,0.0,SOBER,015,015
c:\Users\nagap\OneDrive\Documentos\Maestria\2025S\Phonetics TeamLab\ALC\ses2070,0692070016_h_00.wav,N,0.0,SOBER,016,016
c:\Users\nagap\OneDrive\Documentos\Maestria\2025S\Phonetics TeamLab\ALC\ses2070,0692070017_h_00.wav,N,0.0,SOBER,017,017
c:\Users\nagap\OneDrive\Documentos\Maestria\2025S\Phonetics TeamLab\ALC\ses2070,0692070018_h_00.wav,N,0.0,SOBER,018,018
c:\Users\nagap\OneDrive\Documentos\Maestria\2025S\Phonetics TeamLab\ALC\ses2070,0692070019_h_00.wav,N,0.0,SOBER,019,019
c:\Users\nagap\OneDrive\Documentos\Maestria\2025S\Phonetics TeamLab\ALC\ses2070,0692070020_h_00.wav,N,0.0,SOBER,020,020
c:\Users\nagap\OneDrive\Documentos\Maestria\2025S\Phonetics TeamLab\ALC\ses2070,0692070021_h_00.wav,N,0.0,SOBER,021,021
c:\Users\nagap\OneDrive\Documentos\Maestria\2025S\Phonetics TeamLab\ALC\ses2070,0692070022_h_00.wav,N,0.0,SOBER,022,022
c:\Users\nagap\OneDrive\Documentos\Maestria\2025S\Phonetics TeamLab\ALC\ses2070,0692070023_h_00.wav,N,0.0,SOBER,023,023
c:\Users\nagap\OneDrive\Documentos\Maestria\2025S\Phonetics TeamLab\ALC\ses2070,0692070024_h_00.wav,N,0.0,SOBER,024,024
c:\Users\nagap\OneDrive\Documentos\Maestria\2025S\Phonetics TeamLab\ALC\ses2070,0692070025_h_00.wav,N,0.0,SOBER,025,025
c:\Users\nagap\OneDrive\Documentos\Maestria\2025S\Phonetics TeamLab\ALC\ses2070,0692070026_h_01.wav,N,0.0,SOBER,026,026
c:\Users\nagap\OneDrive\Documentos\Maestria\2025S\Phonetics TeamLab\ALC\ses2070,0692070027_h_00.wav,N,0.0,SOBER,027,027
c:\Users\nagap\OneDrive\Documentos\Maestria\2025S\Phonetics TeamLab\ALC\ses2070,0692070028_h_00.wav,N,0.0,SOBER,028,028
c:\Users\nagap\OneDrive\Documentos\Maestria\2025S\Phonetics TeamLab\ALC\ses2070,0692070029_h_00.wav,N,0.0,SOBER,029,029
c:\Users\nagap\OneDrive\Documentos\Maestria\2025S\Phonetics TeamLab\ALC\ses2070,0692070030_h_00.wav,N,0.0,SOBER,030,030
c:\Users\nagap\OneDrive\Documentos\Maestria\2025S\Phonetics TeamLab\ALC\ses2070,0692070031_h_00.wav,N,0.0,SOBER,031,031
c:\Users\nagap\OneDrive\Documentos\Maestria\2025S\Phonetics TeamLab\ALC\ses2070,0692070032_h_00.wav,N,0.0,SOBER,032,032
c:\Users\nagap\OneDrive\Documentos\Maestria\2025S\Phonetics TeamLab\ALC\ses2070,0692070033_h_00.wav,N,0.0,SOBER,033,033
c:\Users\nagap\OneDrive\Documentos\Maestria\2025S\Phonetics TeamLab\ALC\ses2070,0692070034_h_00.wav,N,0.0,SOBER,034,034
c:\Users\nagap\OneDrive\Documentos\Maestria\2025S\Phonetics TeamLab\ALC\ses2070,0692070035_h_00.wav,N,0.0,SOBER,035,035
c:\Users\nagap\OneDrive\Documentos\Maestria\2025S\Phonetics TeamLab\ALC\ses2070,0692070036_h_00.wav,N,0.0,SOBER,036,036
c:\Users\nagap\OneDrive\Documentos\Maestria\2025S\Phonetics TeamLab\ALC\ses2070,0692070037_h_00.wav,N,0.0,SOBER,037,037
c:\Users\nagap\OneDrive\Documentos\Maestria\2025S\Phonetics TeamLab\ALC\ses2070,0692070038_h_00.wav,N,0.0,SOBER,038,038
c:\Users\nagap\OneDrive\Documentos\Maestria\2025S\Phonetics TeamLab\ALC\ses2070,0692070039_h_00.wav,N,0.0,SOBER,039,039
c:\Users\nagap\OneDrive\Documentos\Maestria\2025S\Phonetics TeamLab\ALC\ses2070,0692070040_h_00.wav,N,0.0,SOBER,040,040
c:\Users\nagap\OneDrive\Documentos\Maestria\2025S\Phonetics TeamLab\ALC\ses2070,0692070041_h_00.wav,N,0.0,SOBER,041,041
c:\Users\nagap\OneDrive\Documentos\Maestria\2025S\Phonetics TeamLab\ALC\ses2070,0692070042_h_00.wav,N,0.0,SOBER,042,042
c:\Users\nagap\OneDrive\Documentos\Maestria\2025S\Phonetics TeamLab\ALC\ses2070,0692070043_h_00.wav,N,0.0,SOBER,043,043
c:\Users\nagap\OneDrive\Documentos\Maestria\2025S\Phonetics TeamLab\ALC\ses2070,0692070044_h_00.wav,N,0.0,SOBER,044,044
c:\Users\nagap\OneDrive\Documentos\Maestria\2025S\Phonetics TeamLab\ALC\ses2070,0692070045_h_00.wav,N,0.0,SOBER,045,045
c:\Users\nagap\OneDrive\Documentos\Maestria\2025S\Phonetics TeamLab\ALC\ses2070,0692070046_h_00.wav,N,0.0,SOBER,046,046
c:\Users\nagap\OneDrive\Documentos\Maestria\2025S\Phonetics TeamLab\ALC\ses2070,0692070047_h_00.wav,N,0.0,SOBER,047,047
c:\Users\nagap\OneDrive\Documentos\Maestria\2025S\Phonetics TeamLab\ALC\ses2070,0692070048_h_00.wav,N,0.0,SOBER,048,048
c:\Users\nagap\OneDrive\Documentos\Maestria\2025S\Phonetics TeamLab\ALC\ses2070,0692070049_h_00.wav,N,0.0,SOBER,049,049
c:\Users\nagap\OneDrive\Documentos\Maestria\2025S\Phonetics TeamLab\ALC\ses2070,0692070050_h_00.wav,N,0.0,SOBER,050,050
c:\Users\nagap\OneDrive\Documentos\Maestria\2025S\Phonetics TeamLab\ALC\ses2070,0692070051_h_00.wav,N,0.0,SOBER,051,051
c:\Users\nagap\OneDrive\Documentos\Maestria\2025S\Phonetics TeamLab\ALC\ses2070,0692070052_h_00.wav,N,0.0,SOBER,052,052
c:\Users\nagap\OneDrive\Documentos\Maestria\2025S\Phonetics TeamLab\ALC\ses2070,0692070053_h_00.wav,N,0.0,SOBER,053,053
c:\Users\nagap\OneDrive\Documentos\Maestria\2025S\Phonetics TeamLab\ALC\ses2070,0692070054_h_00.wav,N,0.0,SOBER,054,054
c:\Users\nagap\OneDrive\Documentos\Maestria\2025S\Phonetics TeamLab\ALC\ses2070,0692070055_h_00.wav,N,0.0,SOBER,055,055
c:\Users\nagap\OneDrive\Documentos\Maestria\2025S\Phonetics TeamLab\ALC\ses2070,0692070056_h_00.wav,N,0.0,SOBER,056,056
c:\Users\nagap\OneDrive\Documentos\Maestria\2025S\Phonetics TeamLab\ALC\ses2070,0692070057_h_00.wav,N,0.0,SOBER,057,057
c:\Users\nagap\OneDrive\Documentos\Maestria\2025S\Phonetics TeamLab\ALC\ses2070,0692070058_h_00.wav,N,0.0,SOBER,058,058
c:\Users\nagap\OneDrive\Documentos\Maestria\2025S\Phonetics TeamLab\ALC\ses2070,0692070059_h_00.wav,N,0.0,SOBER,059,059
c:\Users\nagap\OneDrive\Documentos\Maestria\2025S\Phonetics TeamLab\ALC\ses2070,0692070060_h_00.wav,N,0.0,SOBER,060,060
c:\Users\nagap\OneDrive\Documentos\Maestria\2025S\Phonetics TeamLab\ALC\ses1017,0171017001_h_00.wav,A,0.0016,DRUNK,001,001
c:\Users\nagap\OneDrive\Documentos\Maestria\2025S\Phonetics TeamLab\ALC\ses1017,0171017002_h_00.wav,A,0.0016,DRUNK,002,034
c:\Users\nagap\OneDrive\Documentos\Maestria\2025S\Phonetics TeamLab\ALC\ses1017,0171017003_h_00.wav,A,0.0016,DRUNK,003,032
c:\Users\nagap\OneDrive\Documentos\Maestria\2025S\Phonetics TeamLab\ALC\ses1017,0171017004_h_01.wav,A,0.0016,DRUNK,004,061
c:\Users\nagap\OneDrive\Documentos\Maestria\2025S\Phonetics TeamLab\ALC\ses1017,0171017005_h_00.wav,A,0.0016,DRUNK,005,030
c:\Users\nagap\OneDrive\Documentos\Maestria\2025S\Phonetics TeamLab\ALC\ses1017,0171017006_h_00.wav,A,0.0016,DRUNK,006,026
c:\Users\nagap\OneDrive\Documentos\Maestria\2025S\Phonetics TeamLab\ALC\ses1017,0171017007_h_00.wav,A,0.0016,DRUNK,007,023
c:\Users\nagap\OneDrive\Documentos\Maestria\2025S\Phonetics TeamLab\ALC\ses1017,0171017008_h_00.wav,A,0.0016,DRUNK,008,008
c:\Users\nagap\OneDrive\Documentos\Maestria\2025S\Phonetics TeamLab\ALC\ses1017,0171017009_h_00.wav,A,0.0016,DRUNK,009,029
c:\Users\nagap\OneDrive\Documentos\Maestria\2025S\Phonetics TeamLab\ALC\ses1017,0171017010_h_00.wav,A,0.0016,DRUNK,010,010
c:\Users\nagap\OneDrive\Documentos\Maestria\2025S\Phonetics TeamLab\ALC\ses1017,0171017011_h_00.wav,A,0.0016,DRUNK,011,031
c:\Users\nagap\OneDrive\Documentos\Maestria\2025S\Phonetics TeamLab\ALC\ses1017,0171017012_h_00.wav,A,0.0016,DRUNK,012,012
c:\Users\nagap\OneDrive\Documentos\Maestria\2025S\Phonetics TeamLab\ALC\ses1017,0171017013_h_00.wav,A,0.0016,DRUNK,013,013
c:\Users\nagap\OneDrive\Documentos\Maestria\2025S\Phonetics TeamLab\ALC\ses1017,0171017014_h_00.wav,A,0.0016,DRUNK,014,014
c:\Users\nagap\OneDrive\Documentos\Maestria\2025S\Phonetics TeamLab\ALC\ses1017,0171017015_h_00.wav,A,0.0016,DRUNK,015,015
c:\Users\nagap\OneDrive\Documentos\Maestria\2025S\Phonetics TeamLab\ALC\ses1017,0171017016_h_00.wav,A,0.0016,DRUNK,016,036
c:\Users\nagap\OneDrive\Documentos\Maestria\2025S\Phonetics TeamLab\ALC\ses1017,0171017017_h_00.wav,A,0.0016,DRUNK,017,024
c:\Users\nagap\OneDrive\Documentos\Maestria\2025S\Phonetics TeamLab\ALC\ses1017,0171017018_h_00.wav,A,0.0016,DRUNK,018,038
c:\Users\nagap\OneDrive\Documentos\Maestria\2025S\Phonetics TeamLab\ALC\ses1017,0171017019_h_00.wav,A,0.0016,DRUNK,019,019
c:\Users\nagap\OneDrive\Documentos\Maestria\2025S\Phonetics TeamLab\ALC\ses1017,0171017020_h_00.wav,A,0.0016,DRUNK,020,020
c:\Users\nagap\OneDrive\Documentos\Maestria\2025S\Phonetics TeamLab\ALC\ses1017,0171017021_h_00.wav,A,0.0016,DRUNK,021,041
c:\Users\nagap\OneDrive\Documentos\Maestria\2025S\Phonetics TeamLab\ALC\ses1017,0171017022_h_00.wav,A,0.0016,DRUNK,022,042
c:\Users\nagap\OneDrive\Documentos\Maestria\2025S\Phonetics TeamLab\ALC\ses1017,0171017023_h_00.wav,A,0.0016,DRUNK,023,059
c:\Users\nagap\OneDrive\Documentos\Maestria\2025S\Phonetics TeamLab\ALC\ses1017,0171017024_h_00.wav,A,0.0016,DRUNK,024,051
c:\Users\nagap\OneDrive\Documentos\Maestria\2025S\Phonetics TeamLab\ALC\ses1017,0171017025_h_00.wav,A,0.0016,DRUNK,025,046
c:\Users\nagap\OneDrive\Documentos\Maestria\2025S\Phonetics TeamLab\ALC\ses1017,0171017026_h_00.wav,A,0.0016,DRUNK,026,055
c:\Users\nagap\OneDrive\Documentos\Maestria\2025S\Phonetics TeamLab\ALC\ses1017,0171017027_h_00.wav,A,0.0016,DRUNK,027,048
c:\Users\nagap\OneDrive\Documentos\Maestria\2025S\Phonetics TeamLab\ALC\ses1017,0171017028_h_00.wav,A,0.0016,DRUNK,028,049
c:\Users\nagap\OneDrive\Documentos\Maestria\2025S\Phonetics TeamLab\ALC\ses1017,0171017029_h_00.wav,A,0.0016,DRUNK,029,050
c:\Users\nagap\OneDrive\Documentos\Maestria\2025S\Phonetics TeamLab\ALC\ses1017,0171017030_h_00.wav,A,0.0016,DRUNK,030,060
c:\Users\nagap\OneDrive\Documentos\Maestria\2025S\Phonetics TeamLab\ALC\ses2032,0172032001_h_01.wav,N,0.0,SOBER,001,001
c:\Users\nagap\OneDrive\Documentos\Maestria\2025S\Phonetics TeamLab\ALC\ses2032,0172032002_h_00.wav,N,0.0,SOBER,002,002
c:\Users\nagap\OneDrive\Documentos\Maestria\2025S\Phonetics TeamLab\ALC\ses2032,0172032003_h_00.wav,N,0.0,SOBER,003,003
c:\Users\nagap\OneDrive\Documentos\Maestria\2025S\Phonetics TeamLab\ALC\ses2032,0172032004_h_00.wav,N,0.0,SOBER,004,004
c:\Users\nagap\OneDrive\Documentos\Maestria\2025S\Phonetics TeamLab\ALC\ses2032,0172032005_h_00.wav,N,0.0,SOBER,005,005
c:\Users\nagap\OneDrive\Documentos\Maestria\2025S\Phonetics TeamLab\ALC\ses2032,0172032006_h_00.wav,N,0.0,SOBER,006,006
c:\Users\nagap\OneDrive\Documentos\Maestria\2025S\Phonetics TeamLab\ALC\ses2032,0172032007_h_00.wav,N,0.0,SOBER,007,007
c:\Users\nagap\OneDrive\Documentos\Maestria\2025S\Phonetics TeamLab\ALC\ses2032,0172032008_h_00.wav,N,0.0,SOBER,008,008
c:\Users\nagap\OneDrive\Documentos\Maestria\2025S\Phonetics TeamLab\ALC\ses2032,0172032009_h_00.wav,N,0.0,SOBER,009,009
c:\Users\nagap\OneDrive\Documentos\Maestria\2025S\Phonetics TeamLab\ALC\ses2032,0172032010_h_00.wav,N,0.0,SOBER,010,010
c:\Users\nagap\OneDrive\Documentos\Maestria\2025S\Phonetics TeamLab\ALC\ses2032,0172032011_h_00.wav,N,0.0,SOBER,011,011
c:\Users\nagap\OneDrive\Documentos\Maestria\2025S\Phonetics TeamLab\ALC\ses2032,0172032012_h_00.wav,N,0.0,SOBER,012,012
c:\Users\nagap\OneDrive\Documentos\Maestria\2025S\Phonetics TeamLab\ALC\ses2032,0172032013_h_01.wav,N,0.0,SOBER,013,013
c:\Users\nagap\OneDrive\Documentos\Maestria\2025S\Phonetics TeamLab\ALC\ses2032,0172032014_h_00.wav,N,0.0,SOBER,014,014
c:\Users\nagap\OneDrive\Documentos\Maestria\2025S\Phonetics TeamLab\ALC\ses2032,0172032015_h_00.wav,N,0.0,SOBER,015,015
c:\Users\nagap\OneDrive\Documentos\Maestria\2025S\Phonetics TeamLab\ALC\ses2032,0172032016_h_00.wav,N,0.0,SOBER,016,016
c:\Users\nagap\OneDrive\Documentos\Maestria\2025S\Phonetics TeamLab\ALC\ses2032,0172032017_h_00.wav,N,0.0,SOBER,017,017
c:\Users\nagap\OneDrive\Documentos\Maestria\2025S\Phonetics TeamLab\ALC\ses2032,0172032018_h_00.wav,N,0.0,SOBER,018,018
c:\Users\nagap\OneDrive\Documentos\Maestria\2025S\Phonetics TeamLab\ALC\ses2032,0172032019_h_00.wav,N,0.0,SOBER,019,019
c:\Users\nagap\OneDrive\Documentos\Maestria\2025S\Phonetics TeamLab\ALC\ses2032,0172032020_h_00.wav,N,0.0,SOBER,020,020
c:\Users\nagap\OneDrive\Documentos\Maestria\2025S\Phonetics TeamLab\ALC\ses2032,0172032021_h_00.wav,N,0.0,SOBER,021,021
c:\Users\nagap\OneDrive\Documentos\Maestria\2025S\Phonetics TeamLab\ALC\ses2032,0172032022_h_00.wav,N,0.0,SOBER,022,022
c:\Users\nagap\OneDrive\Documentos\Maestria\2025S\Phonetics TeamLab\ALC\ses2032,0172032023_h_00.wav,N,0.0,SOBER,023,023
c:\Users\nagap\OneDrive\Documentos\Maestria\2025S\Phonetics TeamLab\ALC\ses2032,0172032024_h_00.wav,N,0.0,SOBER,024,024
c:\Users\nagap\OneDrive\Documentos\Maestria\2025S\Phonetics TeamLab\ALC\ses2032,0172032025_h_00.wav,N,0.0,SOBER,025,025
c:\Users\nagap\OneDrive\Documentos\Maestria\2025S\Phonetics TeamLab\ALC\ses2032,0172032026_h_00.wav,N,0.0,SOBER,026,026
c:\Users\nagap\OneDrive\Documentos\Maestria\2025S\Phonetics TeamLab\ALC\ses2032,0172032027_h_00.wav,N,0.0,SOBER,027,027
c:\Users\nagap\OneDrive\Documentos\Maestria\2025S\Phonetics TeamLab\ALC\ses2032,0172032028_h_00.wav,N,0.0,SOBER,028,028
c:\Users\nagap\OneDrive\Documentos\Maestria\2025S\Phonetics TeamLab\ALC\ses2032,0172032029_h_00.wav,N,0.0,SOBER,029,029
c:\Users\nagap\OneDrive\Documentos\Maestria\2025S\Phonetics TeamLab\ALC\ses2032,0172032030_h_00.wav,N,0.0,SOBER,030,030
c:\Users\nagap\OneDrive\Documentos\Maestria\2025S\Phonetics TeamLab\ALC\ses2032,0172032031_h_00.wav,N,0.0,SOBER,031,031
c:\Users\nagap\OneDrive\Documentos\Maestria\2025S\Phonetics TeamLab\ALC\ses2032,0172032032_h_00.wav,N,0.0,SOBER,032,032
c:\Users\nagap\OneDrive\Documentos\Maestria\2025S\Phonetics TeamLab\ALC\ses2032,0172032033_h_00.wav,N,0.0,SOBER,033,033
c:\Users\nagap\OneDrive\Documentos\Maestria\2025S\Phonetics TeamLab\ALC\ses2032,0172032034_h_00.wav,N,0.0,SOBER,034,034
c:\Users\nagap\OneDrive\Documentos\Maestria\2025S\Phonetics TeamLab\ALC\ses2032,0172032035_h_00.wav,N,0.0,SOBER,035,035
c:\Users\nagap\OneDrive\Documentos\Maestria\2025S\Phonetics TeamLab\ALC\ses2032,0172032036_h_00.wav,N,0.0,SOBER,036,036
c:\Users\nagap\OneDrive\Documentos\Maestria\2025S\Phonetics TeamLab\ALC\ses2032,0172032037_h_00.wav,N,0.0,SOBER,037,037
c:\Users\nagap\OneDrive\Documentos\Maestria\2025S\Phonetics TeamLab\ALC\ses2032,0172032038_h_00.wav,N,0.0,SOBER,038,038
c:\Users\nagap\OneDrive\Documentos\Maestria\2025S\Phonetics TeamLab\ALC\ses2032,0172032039_h_00.wav,N,0.0,SOBER,039,039
c:\Users\nagap\OneDrive\Documentos\Maestria\2025S\Phonetics TeamLab\ALC\ses2032,0172032040_h_00.wav,N,0.0,SOBER,040,040
c:\Users\nagap\OneDrive\Documentos\Maestria\2025S\Phonetics TeamLab\ALC\ses2032,0172032041_h_00.wav,N,0.0,SOBER,041,041
c:\Users\nagap\OneDrive\Documentos\Maestria\2025S\Phonetics TeamLab\ALC\ses2032,0172032042_h_00.wav,N,0.0,SOBER,042,042
c:\Users\nagap\OneDrive\Documentos\Maestria\2025S\Phonetics TeamLab\ALC\ses2032,0172032043_h_00.wav,N,0.0,SOBER,043,043
c:\Users\nagap\OneDrive\Documentos\Maestria\2025S\Phonetics TeamLab\ALC\ses2032,0172032044_h_00.wav,N,0.0,SOBER,044,044
c:\Users\nagap\OneDrive\Documentos\Maestria\2025S\Phonetics TeamLab\ALC\ses2032,0172032045_h_00.wav,N,0.0,SOBER,045,045
c:\Users\nagap\OneDrive\Documentos\Maestria\2025S\Phonetics TeamLab\ALC\ses2032,0172032046_h_00.wav,N,0.0,SOBER,046,046
c:\Users\nagap\OneDrive\Documentos\Maestria\2025S\Phonetics TeamLab\ALC\ses2032,0172032047_h_00.wav,N,0.0,SOBER,047,047
c:\Users\nagap\OneDrive\Documentos\Maestria\2025S\Phonetics TeamLab\ALC\ses2032,0172032048_h_00.wav,N,0.0,SOBER,048,048
c:\Users\nagap\OneDrive\Documentos\Maestria\2025S\Phonetics TeamLab\ALC\ses2032,0172032049_h_00.wav,N,0.0,SOBER,049,049
c:\Users\nagap\OneDrive\Documentos\Maestria\2025S\Phonetics TeamLab\ALC\ses2032,0172032050_h_00.wav,N,0.0,SOBER,050,050
c:\Users\nagap\OneDrive\Documentos\Maestria\2025S\Phonetics TeamLab\ALC\ses2032,0172032051_h_00.wav,N,0.0,SOBER,051,051
c:\Users\nagap\OneDrive\Documentos\Maestria\2025S\Phonetics TeamLab\ALC\ses2032,0172032052_h_00.wav,N,0.0,SOBER,052,052
c:\Users\nagap\OneDrive\Documentos\Maestria\2025S\Phonetics TeamLab\ALC\ses2032,0172032053_h_00.wav,N,0.0,SOBER,053,053
c:\Users\nagap\OneDrive\Documentos\Maestria\2025S\Phonetics TeamLab\ALC\ses2032,0172032054_h_00.wav,N,0.0,SOBER,054,054
c:\Users\nagap\OneDrive\Documentos\Maestria\2025S\Phonetics TeamLab\ALC\ses2032,0172032055_h_00.wav,N,0.0,SOBER,055,055
c:\Users\nagap\OneDrive\Documentos\Maestria\2025S\Phonetics TeamLab\ALC\ses2032,0172032056_h_00.wav,N,0.0,SOBER,056,056
c:\Users\nagap\OneDrive\Documentos\Maestria\2025S\Phonetics TeamLab\ALC\ses2032,0172032057_h_00.wav,N,0.0,SOBER,057,057
c:\Users\nagap\OneDrive\Documentos\Maestria\2025S\Phonetics TeamLab\ALC\ses2032,0172032058_h_00.wav,N,0.0,SOBER,058,058
c:\Users\nagap\OneDrive\Documentos\Maestria\2025S\Phonetics TeamLab\ALC\ses2032,0172032059_h_00.wav,N,0.0,SOBER,059,059
c:\Users\nagap\OneDrive\Documentos\Maestria\2025S\Phonetics TeamLab\ALC\ses2032,0172032060_h_00.wav,N,0.0,SOBER,060,060
c:\Users\nagap\OneDrive\Documentos\Maestria\2025S\Phonetics TeamLab\ALC\ses3026,5253026001_h_00.wav,A,0.00107,DRUNK,001,001
c:\Users\nagap\OneDrive\Documentos\Maestria\2025S\Phonetics TeamLab\ALC\ses3026,5253026002_h_00.wav,A,0.00107,DRUNK,002,034
c:\Users\nagap\OneDrive\Documentos\Maestria\2025S\Phonetics TeamLab\ALC\ses3026,5253026003_h_00.wav,A,0.00107,DRUNK,003,032
c:\Users\nagap\OneDrive\Documentos\Maestria\2025S\Phonetics TeamLab\ALC\ses3026,5253026004_h_00.wav,A,0.00107,DRUNK,004,061
c:\Users\nagap\OneDrive\Documentos\Maestria\2025S\Phonetics TeamLab\ALC\ses3026,5253026005_h_00.wav,A,0.00107,DRUNK,005,030
c:\Users\nagap\OneDrive\Documentos\Maestria\2025S\Phonetics TeamLab\ALC\ses3026,5253026006_h_00.wav,A,0.00107,DRUNK,006,026
c:\Users\nagap\OneDrive\Documentos\Maestria\2025S\Phonetics TeamLab\ALC\ses3026,5253026007_h_00.wav,A,0.00107,DRUNK,007,023
c:\Users\nagap\OneDrive\Documentos\Maestria\2025S\Phonetics TeamLab\ALC\ses3026,5253026008_h_00.wav,A,0.00107,DRUNK,008,008
c:\Users\nagap\OneDrive\Documentos\Maestria\2025S\Phonetics TeamLab\ALC\ses3026,5253026009_h_00.wav,A,0.00107,DRUNK,009,029
c:\Users\nagap\OneDrive\Documentos\Maestria\2025S\Phonetics TeamLab\ALC\ses3026,5253026010_h_00.wav,A,0.00107,DRUNK,010,010
c:\Users\nagap\OneDrive\Documentos\Maestria\2025S\Phonetics TeamLab\ALC\ses3026,5253026011_h_00.wav,A,0.00107,DRUNK,011,031
c:\Users\nagap\OneDrive\Documentos\Maestria\2025S\Phonetics TeamLab\ALC\ses3026,5253026012_h_00.wav,A,0.00107,DRUNK,012,012
c:\Users\nagap\OneDrive\Documentos\Maestria\2025S\Phonetics TeamLab\ALC\ses3026,5253026013_h_00.wav,A,0.00107,DRUNK,013,013
c:\Users\nagap\OneDrive\Documentos\Maestria\2025S\Phonetics TeamLab\ALC\ses3026,5253026014_h_00.wav,A,0.00107,DRUNK,014,014
c:\Users\nagap\OneDrive\Documentos\Maestria\2025S\Phonetics TeamLab\ALC\ses3026,5253026015_h_00.wav,A,0.00107,DRUNK,015,015
c:\Users\nagap\OneDrive\Documentos\Maestria\2025S\Phonetics TeamLab\ALC\ses3026,5253026016_h_00.wav,A,0.00107,DRUNK,016,036
c:\Users\nagap\OneDrive\Documentos\Maestria\2025S\Phonetics TeamLab\ALC\ses3026,5253026017_h_00.wav,A,0.00107,DRUNK,017,024
c:\Users\nagap\OneDrive\Documentos\Maestria\2025S\Phonetics TeamLab\ALC\ses3026,5253026018_h_00.wav,A,0.00107,DRUNK,018,038
c:\Users\nagap\OneDrive\Documentos\Maestria\2025S\Phonetics TeamLab\ALC\ses3026,5253026019_h_00.wav,A,0.00107,DRUNK,019,019
c:\Users\nagap\OneDrive\Documentos\Maestria\2025S\Phonetics TeamLab\ALC\ses3026,5253026020_h_00.wav,A,0.00107,DRUNK,020,020
c:\Users\nagap\OneDrive\Documentos\Maestria\2025S\Phonetics TeamLab\ALC\ses3026,5253026021_h_00.wav,A,0.00107,DRUNK,021,041
c:\Users\nagap\OneDrive\Documentos\Maestria\2025S\Phonetics TeamLab\ALC\ses3026,5253026022_h_00.wav,A,0.00107,DRUNK,022,042
c:\Users\nagap\OneDrive\Documentos\Maestria\2025S\Phonetics TeamLab\ALC\ses3026,5253026023_h_00.wav,A,0.00107,DRUNK,023,059
c:\Users\nagap\OneDrive\Documentos\Maestria\2025S\Phonetics TeamLab\ALC\ses3026,5253026024_h_00.wav,A,0.00107,DRUNK,024,051
c:\Users\nagap\OneDrive\Documentos\Maestria\2025S\Phonetics TeamLab\ALC\ses3026,5253026025_h_00.wav,A,0.00107,DRUNK,025,046
c:\Users\nagap\OneDrive\Documentos\Maestria\2025S\Phonetics TeamLab\ALC\ses3026,5253026026_h_01.wav,A,0.00107,DRUNK,026,055
c:\Users\nagap\OneDrive\Documentos\Maestria\2025S\Phonetics TeamLab\ALC\ses3026,5253026027_h_00.wav,A,0.00107,DRUNK,027,048
c:\Users\nagap\OneDrive\Documentos\Maestria\2025S\Phonetics TeamLab\ALC\ses3026,5253026028_h_00.wav,A,0.00107,DRUNK,028,049
c:\Users\nagap\OneDrive\Documentos\Maestria\2025S\Phonetics TeamLab\ALC\ses3026,5253026029_h_00.wav,A,0.00107,DRUNK,029,050
c:\Users\nagap\OneDrive\Documentos\Maestria\2025S\Phonetics TeamLab\ALC\ses3026,5253026030_h_00.wav,A,0.00107,DRUNK,030,060
c:\Users\nagap\OneDrive\Documentos\Maestria\2025S\Phonetics TeamLab\ALC\ses4016,5254016001_h_00.wav,N,0.0,SOBER,001,001
c:\Users\nagap\OneDrive\Documentos\Maestria\2025S\Phonetics TeamLab\ALC\ses4016,5254016002_h_00.wav,N,0.0,SOBER,002,002
c:\Users\nagap\OneDrive\Documentos\Maestria\2025S\Phonetics TeamLab\ALC\ses4016,5254016003_h_00.wav,N,0.0,SOBER,003,003
c:\Users\nagap\OneDrive\Documentos\Maestria\2025S\Phonetics TeamLab\ALC\ses4016,5254016004_h_00.wav,N,0.0,SOBER,004,004
c:\Users\nagap\OneDrive\Documentos\Maestria\2025S\Phonetics TeamLab\ALC\ses4016,5254016005_h_00.wav,N,0.0,SOBER,005,005
c:\Users\nagap\OneDrive\Documentos\Maestria\2025S\Phonetics TeamLab\ALC\ses4016,5254016006_h_00.wav,N,0.0,SOBER,006,006
c:\Users\nagap\OneDrive\Documentos\Maestria\2025S\Phonetics TeamLab\ALC\ses4016,5254016007_h_00.wav,N,0.0,SOBER,007,007
c:\Users\nagap\OneDrive\Documentos\Maestria\2025S\Phonetics TeamLab\ALC\ses4016,5254016008_h_00.wav,N,0.0,SOBER,008,008
c:\Users\nagap\OneDrive\Documentos\Maestria\2025S\Phonetics TeamLab\ALC\ses4016,5254016009_h_00.wav,N,0.0,SOBER,009,009
c:\Users\nagap\OneDrive\Documentos\Maestria\2025S\Phonetics TeamLab\ALC\ses4016,5254016010_h_00.wav,N,0.0,SOBER,010,010
c:\Users\nagap\OneDrive\Documentos\Maestria\2025S\Phonetics TeamLab\ALC\ses4016,5254016011_h_00.wav,N,0.0,SOBER,011,011
c:\Users\nagap\OneDrive\Documentos\Maestria\2025S\Phonetics TeamLab\ALC\ses4016,5254016012_h_00.wav,N,0.0,SOBER,012,012
c:\Users\nagap\OneDrive\Documentos\Maestria\2025S\Phonetics TeamLab\ALC\ses4016,5254016013_h_00.wav,N,0.0,SOBER,013,013
c:\Users\nagap\OneDrive\Documentos\Maestria\2025S\Phonetics TeamLab\ALC\ses4016,5254016014_h_00.wav,N,0.0,SOBER,014,014
c:\Users\nagap\OneDrive\Documentos\Maestria\2025S\Phonetics TeamLab\ALC\ses4016,5254016015_h_00.wav,N,0.0,SOBER,015,015
c:\Users\nagap\OneDrive\Documentos\Maestria\2025S\Phonetics TeamLab\ALC\ses4016,5254016016_h_00.wav,N,0.0,SOBER,016,016
c:\Users\nagap\OneDrive\Documentos\Maestria\2025S\Phonetics TeamLab\ALC\ses4016,5254016017_h_00.wav,N,0.0,SOBER,017,017
c:\Users\nagap\OneDrive\Documentos\Maestria\2025S\Phonetics TeamLab\ALC\ses4016,5254016018_h_00.wav,N,0.0,SOBER,018,018
c:\Users\nagap\OneDrive\Documentos\Maestria\2025S\Phonetics TeamLab\ALC\ses4016,5254016019_h_00.wav,N,0.0,SOBER,019,019
c:\Users\nagap\OneDrive\Documentos\Maestria\2025S\Phonetics TeamLab\ALC\ses4016,5254016020_h_00.wav,N,0.0,SOBER,020,020
c:\Users\nagap\OneDrive\Documentos\Maestria\2025S\Phonetics TeamLab\ALC\ses4016,5254016021_h_00.wav,N,0.0,SOBER,021,021
c:\Users\nagap\OneDrive\Documentos\Maestria\2025S\Phonetics TeamLab\ALC\ses4016,5254016022_h_00.wav,N,0.0,SOBER,022,022
c:\Users\nagap\OneDrive\Documentos\Maestria\2025S\Phonetics TeamLab\ALC\ses4016,5254016023_h_00.wav,N,0.0,SOBER,023,023
c:\Users\nagap\OneDrive\Documentos\Maestria\2025S\Phonetics TeamLab\ALC\ses4016,5254016024_h_00.wav,N,0.0,SOBER,024,024
c:\Users\nagap\OneDrive\Documentos\Maestria\2025S\Phonetics TeamLab\ALC\ses4016,5254016025_h_00.wav,N,0.0,SOBER,025,025
c:\Users\nagap\OneDrive\Documentos\Maestria\2025S\Phonetics TeamLab\ALC\ses4016,5254016026_h_00.wav,N,0.0,SOBER,026,026
c:\Users\nagap\OneDrive\Documentos\Maestria\2025S\Phonetics TeamLab\ALC\ses4016,5254016027_h_00.wav,N,0.0,SOBER,027,027
c:\Users\nagap\OneDrive\Documentos\Maestria\2025S\Phonetics TeamLab\ALC\ses4016,5254016028_h_00.wav,N,0.0,SOBER,028,028
c:\Users\nagap\OneDrive\Documentos\Maestria\2025S\Phonetics TeamLab\ALC\ses4016,5254016029_h_00.wav,N,0.0,SOBER,029,029
c:\Users\nagap\OneDrive\Documentos\Maestria\2025S\Phonetics TeamLab\ALC\ses4016,5254016030_h_00.wav,N,0.0,SOBER,030,030
c:\Users\nagap\OneDrive\Documentos\Maestria\2025S\Phonetics TeamLab\ALC\ses4016,5254016031_h_00.wav,N,0.0,SOBER,031,031
c:\Users\nagap\OneDrive\Documentos\Maestria\2025S\Phonetics TeamLab\ALC\ses4016,5254016032_h_00.wav,N,0.0,SOBER,032,032
c:\Users\nagap\OneDrive\Documentos\Maestria\2025S\Phonetics TeamLab\ALC\ses4016,5254016033_h_00.wav,N,0.0,SOBER,033,033
c:\Users\nagap\OneDrive\Documentos\Maestria\2025S\Phonetics TeamLab\ALC\ses4016,5254016034_h_00.wav,N,0.0,SOBER,034,034
c:\Users\nagap\OneDrive\Documentos\Maestria\2025S\Phonetics TeamLab\ALC\ses4016,5254016035_h_00.wav,N,0.0,SOBER,035,035
c:\Users\nagap\OneDrive\Documentos\Maestria\2025S\Phonetics TeamLab\ALC\ses4016,5254016036_h_00.wav,N,0.0,SOBER,036,036
c:\Users\nagap\OneDrive\Documentos\Maestria\2025S\Phonetics TeamLab\ALC\ses4016,5254016037_h_00.wav,N,0.0,SOBER,037,037
c:\Users\nagap\OneDrive\Documentos\Maestria\2025S\Phonetics TeamLab\ALC\ses4016,5254016038_h_00.wav,N,0.0,SOBER,038,038
c:\Users\nagap\OneDrive\Documentos\Maestria\2025S\Phonetics TeamLab\ALC\ses4016,5254016039_h_00.wav,N,0.0,SOBER,039,039
c:\Users\nagap\OneDrive\Documentos\Maestria\2025S\Phonetics TeamLab\ALC\ses4016,5254016040_h_00.wav,N,0.0,SOBER,040,040
c:\Users\nagap\OneDrive\Documentos\Maestria\2025S\Phonetics TeamLab\ALC\ses4016,5254016041_h_00.wav,N,0.0,SOBER,041,041
c:\Users\nagap\OneDrive\Documentos\Maestria\2025S\Phonetics TeamLab\ALC\ses4016,5254016042_h_00.wav,N,0.0,SOBER,042,042
c:\Users\nagap\OneDrive\Documentos\Maestria\2025S\Phonetics TeamLab\ALC\ses4016,5254016043_h_00.wav,N,0.0,SOBER,043,043
c:\Users\nagap\OneDrive\Documentos\Maestria\2025S\Phonetics TeamLab\ALC\ses4016,5254016044_h_00.wav,N,0.0,SOBER,044,044
c:\Users\nagap\OneDrive\Documentos\Maestria\2025S\Phonetics TeamLab\ALC\ses4016,5254016045_h_00.wav,N,0.0,SOBER,045,045
c:\Users\nagap\OneDrive\Documentos\Maestria\2025S\Phonetics TeamLab\ALC\ses4016,5254016046_h_00.wav,N,0.0,SOBER,046,046
c:\Users\nagap\OneDrive\Documentos\Maestria\2025S\Phonetics TeamLab\ALC\ses4016,5254016047_h_00.wav,N,0.0,SOBER,047,047
c:\Users\nagap\OneDrive\Documentos\Maestria\2025S\Phonetics TeamLab\ALC\ses4016,5254016048_h_00.wav,N,0.0,SOBER,048,048
c:\Users\nagap\OneDrive\Documentos\Maestria\2025S\Phonetics TeamLab\ALC\ses4016,5254016049_h_00.wav,N,0.0,SOBER,049,049
c:\Users\nagap\OneDrive\Documentos\Maestria\2025S\Phonetics TeamLab\ALC\ses4016,5254016050_h_00.wav,N,0.0,SOBER,050,050
c:\Users\nagap\OneDrive\Documentos\Maestria\2025S\Phonetics TeamLab\ALC\ses4016,5254016051_h_00.wav,N,0.0,SOBER,051,051
c:\Users\nagap\OneDrive\Documentos\Maestria\2025S\Phonetics TeamLab\ALC\ses4016,5254016052_h_00.wav,N,0.0,SOBER,052,052
c:\Users\nagap\OneDrive\Documentos\Maestria\2025S\Phonetics TeamLab\ALC\ses4016,5254016053_h_00.wav,N,0.0,SOBER,053,053
c:\Users\nagap\OneDrive\Documentos\Maestria\2025S\Phonetics TeamLab\ALC\ses4016,5254016054_h_00.wav,N,0.0,SOBER,054,054
c:\Users\nagap\OneDrive\Documentos\Maestria\2025S\Phonetics TeamLab\ALC\ses4016,5254016055_h_00.wav,N,0.0,SOBER,055,055
c:\Users\nagap\OneDrive\Documentos\Maestria\2025S\Phonetics TeamLab\ALC\ses4016,5254016056_h_00.wav,N,0.0,SOBER,056,056
c:\Users\nagap\OneDrive\Documentos\Maestria\2025S\Phonetics TeamLab\ALC\ses4016,5254016057_h_00.wav,N,0.0,SOBER,057,057
c:\Users\nagap\OneDrive\Documentos\Maestria\2025S\Phonetics TeamLab\ALC\ses4016,5254016058_h_00.wav,N,0.0,SOBER,058,058
c:\Users\nagap\OneDrive\Documentos\Maestria\2025S\Phonetics TeamLab\ALC\ses4016,5254016059_h_00.wav,N,0.0,SOBER,059,059
c:\Users\nagap\OneDrive\Documentos\Maestria\2025S\Phonetics TeamLab\ALC\ses4016,5254016060_h_00.wav,N,0.0,SOBER,060,060
c:\Users\nagap\OneDrive\Documentos\Maestria\2025S\Phonetics TeamLab\ALC\ses3019,5183019001_h_00.wav,A,0.00051,DRUNK,001,001
c:\Users\nagap\OneDrive\Documentos\Maestria\2025S\Phonetics TeamLab\ALC\ses3019,5183019002_h_00.wav,A,0.00051,DRUNK,002,034
c:\Users\nagap\OneDrive\Documentos\Maestria\2025S\Phonetics TeamLab\ALC\ses3019,5183019003_h_00.wav,A,0.00051,DRUNK,003,032
c:\Users\nagap\OneDrive\Documentos\Maestria\2025S\Phonetics TeamLab\ALC\ses3019,5183019004_h_00.wav,A,0.00051,DRUNK,004,061
c:\Users\nagap\OneDrive\Documentos\Maestria\2025S\Phonetics TeamLab\ALC\ses3019,5183019005_h_00.wav,A,0.00051,DRUNK,005,030
c:\Users\nagap\OneDrive\Documentos\Maestria\2025S\Phonetics TeamLab\ALC\ses3019,5183019006_h_00.wav,A,0.00051,DRUNK,006,026
c:\Users\nagap\OneDrive\Documentos\Maestria\2025S\Phonetics TeamLab\ALC\ses3019,5183019007_h_00.wav,A,0.00051,DRUNK,007,023
c:\Users\nagap\OneDrive\Documentos\Maestria\2025S\Phonetics TeamLab\ALC\ses3019,5183019008_h_00.wav,A,0.00051,DRUNK,008,008
c:\Users\nagap\OneDrive\Documentos\Maestria\2025S\Phonetics TeamLab\ALC\ses3019,5183019009_h_00.wav,A,0.00051,DRUNK,009,029
c:\Users\nagap\OneDrive\Documentos\Maestria\2025S\Phonetics TeamLab\ALC\ses3019,5183019010_h_00.wav,A,0.00051,DRUNK,010,010
c:\Users\nagap\OneDrive\Documentos\Maestria\2025S\Phonetics TeamLab\ALC\ses3019,5183019011_h_00.wav,A,0.00051,DRUNK,011,031
c:\Users\nagap\OneDrive\Documentos\Maestria\2025S\Phonetics TeamLab\ALC\ses3019,5183019012_h_00.wav,A,0.00051,DRUNK,012,012
c:\Users\nagap\OneDrive\Documentos\Maestria\2025S\Phonetics TeamLab\ALC\ses3019,5183019013_h_00.wav,A,0.00051,DRUNK,013,013
c:\Users\nagap\OneDrive\Documentos\Maestria\2025S\Phonetics TeamLab\ALC\ses3019,5183019014_h_00.wav,A,0.00051,DRUNK,014,014
c:\Users\nagap\OneDrive\Documentos\Maestria\2025S\Phonetics TeamLab\ALC\ses3019,5183019015_h_00.wav,A,0.00051,DRUNK,015,015
c:\Users\nagap\OneDrive\Documentos\Maestria\2025S\Phonetics TeamLab\ALC\ses3019,5183019016_h_00.wav,A,0.00051,DRUNK,016,036
c:\Users\nagap\OneDrive\Documentos\Maestria\2025S\Phonetics TeamLab\ALC\ses3019,5183019017_h_00.wav,A,0.00051,DRUNK,017,024
c:\Users\nagap\OneDrive\Documentos\Maestria\2025S\Phonetics TeamLab\ALC\ses3019,5183019018_h_00.wav,A,0.00051,DRUNK,018,038
c:\Users\nagap\OneDrive\Documentos\Maestria\2025S\Phonetics TeamLab\ALC\ses3019,5183019019_h_00.wav,A,0.00051,DRUNK,019,019
c:\Users\nagap\OneDrive\Documentos\Maestria\2025S\Phonetics TeamLab\ALC\ses3019,5183019020_h_00.wav,A,0.00051,DRUNK,020,020
c:\Users\nagap\OneDrive\Documentos\Maestria\2025S\Phonetics TeamLab\ALC\ses3019,5183019021_h_00.wav,A,0.00051,DRUNK,021,041
c:\Users\nagap\OneDrive\Documentos\Maestria\2025S\Phonetics TeamLab\ALC\ses3019,5183019022_h_00.wav,A,0.00051,DRUNK,022,042
c:\Users\nagap\OneDrive\Documentos\Maestria\2025S\Phonetics TeamLab\ALC\ses3019,5183019023_h_00.wav,A,0.00051,DRUNK,023,059
c:\Users\nagap\OneDrive\Documentos\Maestria\2025S\Phonetics TeamLab\ALC\ses3019,5183019024_h_00.wav,A,0.00051,DRUNK,024,051
c:\Users\nagap\OneDrive\Documentos\Maestria\2025S\Phonetics TeamLab\ALC\ses3019,5183019025_h_00.wav,A,0.00051,DRUNK,025,046
c:\Users\nagap\OneDrive\Documentos\Maestria\2025S\Phonetics TeamLab\ALC\ses3019,5183019026_h_00.wav,A,0.00051,DRUNK,026,055
c:\Users\nagap\OneDrive\Documentos\Maestria\2025S\Phonetics TeamLab\ALC\ses3019,5183019027_h_00.wav,A,0.00051,DRUNK,027,048
c:\Users\nagap\OneDrive\Documentos\Maestria\2025S\Phonetics TeamLab\ALC\ses3019,5183019028_h_00.wav,A,0.00051,DRUNK,028,049
c:\Users\nagap\OneDrive\Documentos\Maestria\2025S\Phonetics TeamLab\ALC\ses3019,5183019029_h_00.wav,A,0.00051,DRUNK,029,050
c:\Users\nagap\OneDrive\Documentos\Maestria\2025S\Phonetics TeamLab\ALC\ses3019,5183019030_h_00.wav,A,0.00051,DRUNK,030,060
c:\Users\nagap\OneDrive\Documentos\Maestria\2025S\Phonetics TeamLab\ALC\ses4024,5184024001_h_00.wav,N,0.0,SOBER,001,001
c:\Users\nagap\OneDrive\Documentos\Maestria\2025S\Phonetics TeamLab\ALC\ses4024,5184024002_h_00.wav,N,0.0,SOBER,002,002
c:\Users\nagap\OneDrive\Documentos\Maestria\2025S\Phonetics TeamLab\ALC\ses4024,5184024003_h_00.wav,N,0.0,SOBER,003,003
c:\Users\nagap\OneDrive\Documentos\Maestria\2025S\Phonetics TeamLab\ALC\ses4024,5184024004_h_00.wav,N,0.0,SOBER,004,004
c:\Users\nagap\OneDrive\Documentos\Maestria\2025S\Phonetics TeamLab\ALC\ses4024,5184024005_h_00.wav,N,0.0,SOBER,005,005
c:\Users\nagap\OneDrive\Documentos\Maestria\2025S\Phonetics TeamLab\ALC\ses4024,5184024006_h_00.wav,N,0.0,SOBER,006,006
c:\Users\nagap\OneDrive\Documentos\Maestria\2025S\Phonetics TeamLab\ALC\ses4024,5184024007_h_00.wav,N,0.0,SOBER,007,007
c:\Users\nagap\OneDrive\Documentos\Maestria\2025S\Phonetics TeamLab\ALC\ses4024,5184024008_h_00.wav,N,0.0,SOBER,008,008
c:\Users\nagap\OneDrive\Documentos\Maestria\2025S\Phonetics TeamLab\ALC\ses4024,5184024009_h_00.wav,N,0.0,SOBER,009,009
c:\Users\nagap\OneDrive\Documentos\Maestria\2025S\Phonetics TeamLab\ALC\ses4024,5184024010_h_00.wav,N,0.0,SOBER,010,010
c:\Users\nagap\OneDrive\Documentos\Maestria\2025S\Phonetics TeamLab\ALC\ses4024,5184024011_h_00.wav,N,0.0,SOBER,011,011
c:\Users\nagap\OneDrive\Documentos\Maestria\2025S\Phonetics TeamLab\ALC\ses4024,5184024012_h_00.wav,N,0.0,SOBER,012,012
c:\Users\nagap\OneDrive\Documentos\Maestria\2025S\Phonetics TeamLab\ALC\ses4024,5184024013_h_00.wav,N,0.0,SOBER,013,013
c:\Users\nagap\OneDrive\Documentos\Maestria\2025S\Phonetics TeamLab\ALC\ses4024,5184024014_h_00.wav,N,0.0,SOBER,014,014
c:\Users\nagap\OneDrive\Documentos\Maestria\2025S\Phonetics TeamLab\ALC\ses4024,5184024015_h_00.wav,N,0.0,SOBER,015,015
c:\Users\nagap\OneDrive\Documentos\Maestria\2025S\Phonetics TeamLab\ALC\ses4024,5184024016_h_00.wav,N,0.0,SOBER,016,016
c:\Users\nagap\OneDrive\Documentos\Maestria\2025S\Phonetics TeamLab\ALC\ses4024,5184024017_h_00.wav,N,0.0,SOBER,017,017
c:\Users\nagap\OneDrive\Documentos\Maestria\2025S\Phonetics TeamLab\ALC\ses4024,5184024018_h_00.wav,N,0.0,SOBER,018,018
c:\Users\nagap\OneDrive\Documentos\Maestria\2025S\Phonetics TeamLab\ALC\ses4024,5184024019_h_00.wav,N,0.0,SOBER,019,019
c:\Users\nagap\OneDrive\Documentos\Maestria\2025S\Phonetics TeamLab\ALC\ses4024,5184024020_h_00.wav,N,0.0,SOBER,020,020
c:\Users\nagap\OneDrive\Documentos\Maestria\2025S\Phonetics TeamLab\ALC\ses4024,5184024021_h_00.wav,N,0.0,SOBER,021,021
c:\Users\nagap\OneDrive\Documentos\Maestria\2025S\Phonetics TeamLab\ALC\ses4024,5184024022_h_00.wav,N,0.0,SOBER,022,022
c:\Users\nagap\OneDrive\Documentos\Maestria\2025S\Phonetics TeamLab\ALC\ses4024,5184024023_h_00.wav,N,0.0,SOBER,023,023
c:\Users\nagap\OneDrive\Documentos\Maestria\2025S\Phonetics TeamLab\ALC\ses4024,5184024024_h_00.wav,N,0.0,SOBER,024,024
c:\Users\nagap\OneDrive\Documentos\Maestria\2025S\Phonetics TeamLab\ALC\ses4024,5184024025_h_00.wav,N,0.0,SOBER,025,025
c:\Users\nagap\OneDrive\Documentos\Maestria\2025S\Phonetics TeamLab\ALC\ses4024,5184024026_h_00.wav,N,0.0,SOBER,026,026
c:\Users\nagap\OneDrive\Documentos\Maestria\2025S\Phonetics TeamLab\ALC\ses4024,5184024027_h_00.wav,N,0.0,SOBER,027,027
c:\Users\nagap\OneDrive\Documentos\Maestria\2025S\Phonetics TeamLab\ALC\ses4024,5184024028_h_00.wav,N,0.0,SOBER,028,028
c:\Users\nagap\OneDrive\Documentos\Maestria\2025S\Phonetics TeamLab\ALC\ses4024,5184024029_h_00.wav,N,0.0,SOBER,029,029
c:\Users\nagap\OneDrive\Documentos\Maestria\2025S\Phonetics TeamLab\ALC\ses4024,5184024030_h_00.wav,N,0.0,SOBER,030,030
c:\Users\nagap\OneDrive\Documentos\Maestria\2025S\Phonetics TeamLab\ALC\ses4024,5184024031_h_00.wav,N,0.0,SOBER,031,031
c:\Users\nagap\OneDrive\Documentos\Maestria\2025S\Phonetics TeamLab\ALC\ses4024,5184024032_h_00.wav,N,0.0,SOBER,032,032
c:\Users\nagap\OneDrive\Documentos\Maestria\2025S\Phonetics TeamLab\ALC\ses4024,5184024033_h_00.wav,N,0.0,SOBER,033,033
c:\Users\nagap\OneDrive\Documentos\Maestria\2025S\Phonetics TeamLab\ALC\ses4024,5184024034_h_00.wav,N,0.0,SOBER,034,034
c:\Users\nagap\OneDrive\Documentos\Maestria\2025S\Phonetics TeamLab\ALC\ses4024,5184024035_h_00.wav,N,0.0,SOBER,035,035
c:\Users\nagap\OneDrive\Documentos\Maestria\2025S\Phonetics TeamLab\ALC\ses4024,5184024036_h_00.wav,N,0.0,SOBER,036,036
c:\Users\nagap\OneDrive\Documentos\Maestria\2025S\Phonetics TeamLab\ALC\ses4024,5184024037_h_00.wav,N,0.0,SOBER,037,037
c:\Users\nagap\OneDrive\Documentos\Maestria\2025S\Phonetics TeamLab\ALC\ses4024,5184024038_h_00.wav,N,0.0,SOBER,038,038
c:\Users\nagap\OneDrive\Documentos\Maestria\2025S\Phonetics TeamLab\ALC\ses4024,5184024039_h_00.wav,N,0.0,SOBER,039,039
c:\Users\nagap\OneDrive\Documentos\Maestria\2025S\Phonetics TeamLab\ALC\ses4024,5184024040_h_00.wav,N,0.0,SOBER,040,040
c:\Users\nagap\OneDrive\Documentos\Maestria\2025S\Phonetics TeamLab\ALC\ses4024,5184024041_h_00.wav,N,0.0,SOBER,041,041
c:\Users\nagap\OneDrive\Documentos\Maestria\2025S\Phonetics TeamLab\ALC\ses4024,5184024042_h_00.wav,N,0.0,SOBER,042,042
c:\Users\nagap\OneDrive\Documentos\Maestria\2025S\Phonetics TeamLab\ALC\ses4024,5184024043_h_00.wav,N,0.0,SOBER,043,043
c:\Users\nagap\OneDrive\Documentos\Maestria\2025S\Phonetics TeamLab\ALC\ses4024,5184024044_h_00.wav,N,0.0,SOBER,044,044
c:\Users\nagap\OneDrive\Documentos\Maestria\2025S\Phonetics TeamLab\ALC\ses4024,5184024045_h_00.wav,N,0.0,SOBER,045,045
c:\Users\nagap\OneDrive\Documentos\Maestria\2025S\Phonetics TeamLab\ALC\ses4024,5184024046_h_00.wav,N,0.0,SOBER,046,046
c:\Users\nagap\OneDrive\Documentos\Maestria\2025S\Phonetics TeamLab\ALC\ses4024,5184024047_h_00.wav,N,0.0,SOBER,047,047
c:\Users\nagap\OneDrive\Documentos\Maestria\2025S\Phonetics TeamLab\ALC\ses4024,5184024048_h_00.wav,N,0.0,SOBER,048,048
c:\Users\nagap\OneDrive\Documentos\Maestria\2025S\Phonetics TeamLab\ALC\ses4024,5184024049_h_00.wav,N,0.0,SOBER,049,049
c:\Users\nagap\OneDrive\Documentos\Maestria\2025S\Phonetics TeamLab\ALC\ses4024,5184024050_h_00.wav,N,0.0,SOBER,050,050
c:\Users\nagap\OneDrive\Documentos\Maestria\2025S\Phonetics TeamLab\ALC\ses4024,5184024051_h_00.wav,N,0.0,SOBER,051,051
c:\Users\nagap\OneDrive\Documentos\Maestria\2025S\Phonetics TeamLab\ALC\ses4024,5184024052_h_00.wav,N,0.0,SOBER,052,052
c:\Users\nagap\OneDrive\Documentos\Maestria\2025S\Phonetics TeamLab\ALC\ses4024,5184024053_h_00.wav,N,0.0,SOBER,053,053
c:\Users\nagap\OneDrive\Documentos\Maestria\2025S\Phonetics TeamLab\ALC\ses4024,5184024054_h_00.wav,N,0.0,SOBER,054,054
c:\Users\nagap\OneDrive\Documentos\Maestria\2025S\Phonetics TeamLab\ALC\ses4024,5184024055_h_00.wav,N,0.0,SOBER,055,055
c:\Users\nagap\OneDrive\Documentos\Maestria\2025S\Phonetics TeamLab\ALC\ses4024,5184024056_h_00.wav,N,0.0,SOBER,056,056
c:\Users\nagap\OneDrive\Documentos\Maestria\2025S\Phonetics TeamLab\ALC\ses4024,5184024057_h_00.wav,N,0.0,SOBER,057,057
c:\Users\nagap\OneDrive\Documentos\Maestria\2025S\Phonetics TeamLab\ALC\ses4024,5184024058_h_00.wav,N,0.0,SOBER,058,058
c:\Users\nagap\OneDrive\Documentos\Maestria\2025S\Phonetics TeamLab\ALC\ses4024,5184024059_h_00.wav,N,0.0,SOBER,059,059
c:\Users\nagap\OneDrive\Documentos\Maestria\2025S\Phonetics TeamLab\ALC\ses4024,5184024060_h_00.wav,N,0.0,SOBER,060,060
c:\Users\nagap\OneDrive\Documentos\Maestria\2025S\Phonetics TeamLab\ALC\ses1013,0131013001_h_00.wav,A,0.00062,DRUNK,001,001
c:\Users\nagap\OneDrive\Documentos\Maestria\2025S\Phonetics TeamLab\ALC\ses1013,0131013002_h_01.wav,A,0.00062,DRUNK,002,034
c:\Users\nagap\OneDrive\Documentos\Maestria\2025S\Phonetics TeamLab\ALC\ses1013,0131013003_h_00.wav,A,0.00062,DRUNK,003,032
c:\Users\nagap\OneDrive\Documentos\Maestria\2025S\Phonetics TeamLab\ALC\ses1013,0131013004_h_00.wav,A,0.00062,DRUNK,004,061
c:\Users\nagap\OneDrive\Documentos\Maestria\2025S\Phonetics TeamLab\ALC\ses1013,0131013005_h_00.wav,A,0.00062,DRUNK,005,030
c:\Users\nagap\OneDrive\Documentos\Maestria\2025S\Phonetics TeamLab\ALC\ses1013,0131013006_h_00.wav,A,0.00062,DRUNK,006,026
c:\Users\nagap\OneDrive\Documentos\Maestria\2025S\Phonetics TeamLab\ALC\ses1013,0131013007_h_00.wav,A,0.00062,DRUNK,007,023
c:\Users\nagap\OneDrive\Documentos\Maestria\2025S\Phonetics TeamLab\ALC\ses1013,0131013008_h_00.wav,A,0.00062,DRUNK,008,008
c:\Users\nagap\OneDrive\Documentos\Maestria\2025S\Phonetics TeamLab\ALC\ses1013,0131013009_h_00.wav,A,0.00062,DRUNK,009,029
c:\Users\nagap\OneDrive\Documentos\Maestria\2025S\Phonetics TeamLab\ALC\ses1013,0131013010_h_01.wav,A,0.00062,DRUNK,010,010
c:\Users\nagap\OneDrive\Documentos\Maestria\2025S\Phonetics TeamLab\ALC\ses1013,0131013011_h_00.wav,A,0.00062,DRUNK,011,031
c:\Users\nagap\OneDrive\Documentos\Maestria\2025S\Phonetics TeamLab\ALC\ses1013,0131013012_h_00.wav,A,0.00062,DRUNK,012,012
c:\Users\nagap\OneDrive\Documentos\Maestria\2025S\Phonetics TeamLab\ALC\ses1013,0131013013_h_00.wav,A,0.00062,DRUNK,013,013
c:\Users\nagap\OneDrive\Documentos\Maestria\2025S\Phonetics TeamLab\ALC\ses1013,0131013014_h_00.wav,A,0.00062,DRUNK,014,014
c:\Users\nagap\OneDrive\Documentos\Maestria\2025S\Phonetics TeamLab\ALC\ses1013,0131013015_h_00.wav,A,0.00062,DRUNK,015,015
c:\Users\nagap\OneDrive\Documentos\Maestria\2025S\Phonetics TeamLab\ALC\ses1013,0131013016_h_00.wav,A,0.00062,DRUNK,016,036
c:\Users\nagap\OneDrive\Documentos\Maestria\2025S\Phonetics TeamLab\ALC\ses1013,0131013017_h_00.wav,A,0.00062,DRUNK,017,024
c:\Users\nagap\OneDrive\Documentos\Maestria\2025S\Phonetics TeamLab\ALC\ses1013,0131013018_h_00.wav,A,0.00062,DRUNK,018,038
c:\Users\nagap\OneDrive\Documentos\Maestria\2025S\Phonetics TeamLab\ALC\ses1013,0131013019_h_00.wav,A,0.00062,DRUNK,019,019
c:\Users\nagap\OneDrive\Documentos\Maestria\2025S\Phonetics TeamLab\ALC\ses1013,0131013020_h_00.wav,A,0.00062,DRUNK,020,020
c:\Users\nagap\OneDrive\Documentos\Maestria\2025S\Phonetics TeamLab\ALC\ses1013,0131013021_h_00.wav,A,0.00062,DRUNK,021,041
c:\Users\nagap\OneDrive\Documentos\Maestria\2025S\Phonetics TeamLab\ALC\ses1013,0131013022_h_03.wav,A,0.00062,DRUNK,022,042
c:\Users\nagap\OneDrive\Documentos\Maestria\2025S\Phonetics TeamLab\ALC\ses1013,0131013023_h_00.wav,A,0.00062,DRUNK,023,059
c:\Users\nagap\OneDrive\Documentos\Maestria\2025S\Phonetics TeamLab\ALC\ses1013,0131013024_h_00.wav,A,0.00062,DRUNK,024,051
c:\Users\nagap\OneDrive\Documentos\Maestria\2025S\Phonetics TeamLab\ALC\ses1013,0131013025_h_00.wav,A,0.00062,DRUNK,025,046
c:\Users\nagap\OneDrive\Documentos\Maestria\2025S\Phonetics TeamLab\ALC\ses1013,0131013026_h_00.wav,A,0.00062,DRUNK,026,055
c:\Users\nagap\OneDrive\Documentos\Maestria\2025S\Phonetics TeamLab\ALC\ses1013,0131013027_h_00.wav,A,0.00062,DRUNK,027,048
c:\Users\nagap\OneDrive\Documentos\Maestria\2025S\Phonetics TeamLab\ALC\ses1013,0131013028_h_00.wav,A,0.00062,DRUNK,028,049
c:\Users\nagap\OneDrive\Documentos\Maestria\2025S\Phonetics TeamLab\ALC\ses1013,0131013029_h_03.wav,A,0.00062,DRUNK,029,050
c:\Users\nagap\OneDrive\Documentos\Maestria\2025S\Phonetics TeamLab\ALC\ses1013,0131013030_h_00.wav,A,0.00062,DRUNK,030,060
c:\Users\nagap\OneDrive\Documentos\Maestria\2025S\Phonetics TeamLab\ALC\ses2035,0132035001_h_00.wav,N,0.0,SOBER,001,001
c:\Users\nagap\OneDrive\Documentos\Maestria\2025S\Phonetics TeamLab\ALC\ses2035,0132035002_h_00.wav,N,0.0,SOBER,002,002
c:\Users\nagap\OneDrive\Documentos\Maestria\2025S\Phonetics TeamLab\ALC\ses2035,0132035003_h_00.wav,N,0.0,SOBER,003,003
c:\Users\nagap\OneDrive\Documentos\Maestria\2025S\Phonetics TeamLab\ALC\ses2035,0132035004_h_00.wav,N,0.0,SOBER,004,004
c:\Users\nagap\OneDrive\Documentos\Maestria\2025S\Phonetics TeamLab\ALC\ses2035,0132035005_h_00.wav,N,0.0,SOBER,005,005
c:\Users\nagap\OneDrive\Documentos\Maestria\2025S\Phonetics TeamLab\ALC\ses2035,0132035006_h_00.wav,N,0.0,SOBER,006,006
c:\Users\nagap\OneDrive\Documentos\Maestria\2025S\Phonetics TeamLab\ALC\ses2035,0132035007_h_00.wav,N,0.0,SOBER,007,007
c:\Users\nagap\OneDrive\Documentos\Maestria\2025S\Phonetics TeamLab\ALC\ses2035,0132035008_h_00.wav,N,0.0,SOBER,008,008
c:\Users\nagap\OneDrive\Documentos\Maestria\2025S\Phonetics TeamLab\ALC\ses2035,0132035009_h_00.wav,N,0.0,SOBER,009,009
c:\Users\nagap\OneDrive\Documentos\Maestria\2025S\Phonetics TeamLab\ALC\ses2035,0132035010_h_00.wav,N,0.0,SOBER,010,010
c:\Users\nagap\OneDrive\Documentos\Maestria\2025S\Phonetics TeamLab\ALC\ses2035,0132035011_h_00.wav,N,0.0,SOBER,011,011
c:\Users\nagap\OneDrive\Documentos\Maestria\2025S\Phonetics TeamLab\ALC\ses2035,0132035012_h_00.wav,N,0.0,SOBER,012,012
c:\Users\nagap\OneDrive\Documentos\Maestria\2025S\Phonetics TeamLab\ALC\ses2035,0132035013_h_00.wav,N,0.0,SOBER,013,013
c:\Users\nagap\OneDrive\Documentos\Maestria\2025S\Phonetics TeamLab\ALC\ses2035,0132035014_h_00.wav,N,0.0,SOBER,014,014
c:\Users\nagap\OneDrive\Documentos\Maestria\2025S\Phonetics TeamLab\ALC\ses2035,0132035015_h_00.wav,N,0.0,SOBER,015,015
c:\Users\nagap\OneDrive\Documentos\Maestria\2025S\Phonetics TeamLab\ALC\ses2035,0132035016_h_00.wav,N,0.0,SOBER,016,016
c:\Users\nagap\OneDrive\Documentos\Maestria\2025S\Phonetics TeamLab\ALC\ses2035,0132035017_h_00.wav,N,0.0,SOBER,017,017
c:\Users\nagap\OneDrive\Documentos\Maestria\2025S\Phonetics TeamLab\ALC\ses2035,0132035018_h_01.wav,N,0.0,SOBER,018,018
c:\Users\nagap\OneDrive\Documentos\Maestria\2025S\Phonetics TeamLab\ALC\ses2035,0132035019_h_00.wav,N,0.0,SOBER,019,019
c:\Users\nagap\OneDrive\Documentos\Maestria\2025S\Phonetics TeamLab\ALC\ses2035,0132035020_h_00.wav,N,0.0,SOBER,020,020
c:\Users\nagap\OneDrive\Documentos\Maestria\2025S\Phonetics TeamLab\ALC\ses2035,0132035021_h_00.wav,N,0.0,SOBER,021,021
c:\Users\nagap\OneDrive\Documentos\Maestria\2025S\Phonetics TeamLab\ALC\ses2035,0132035022_h_00.wav,N,0.0,SOBER,022,022
c:\Users\nagap\OneDrive\Documentos\Maestria\2025S\Phonetics TeamLab\ALC\ses2035,0132035023_h_00.wav,N,0.0,SOBER,023,023
c:\Users\nagap\OneDrive\Documentos\Maestria\2025S\Phonetics TeamLab\ALC\ses2035,0132035024_h_00.wav,N,0.0,SOBER,024,024
c:\Users\nagap\OneDrive\Documentos\Maestria\2025S\Phonetics TeamLab\ALC\ses2035,0132035025_h_00.wav,N,0.0,SOBER,025,025
c:\Users\nagap\OneDrive\Documentos\Maestria\2025S\Phonetics TeamLab\ALC\ses2035,0132035026_h_00.wav,N,0.0,SOBER,026,026
c:\Users\nagap\OneDrive\Documentos\Maestria\2025S\Phonetics TeamLab\ALC\ses2035,0132035027_h_00.wav,N,0.0,SOBER,027,027
c:\Users\nagap\OneDrive\Documentos\Maestria\2025S\Phonetics TeamLab\ALC\ses2035,0132035028_h_00.wav,N,0.0,SOBER,028,028
c:\Users\nagap\OneDrive\Documentos\Maestria\2025S\Phonetics TeamLab\ALC\ses2035,0132035029_h_00.wav,N,0.0,SOBER,029,029
c:\Users\nagap\OneDrive\Documentos\Maestria\2025S\Phonetics TeamLab\ALC\ses2035,0132035030_h_00.wav,N,0.0,SOBER,030,030
c:\Users\nagap\OneDrive\Documentos\Maestria\2025S\Phonetics TeamLab\ALC\ses2035,0132035031_h_00.wav,N,0.0,SOBER,031,031
c:\Users\nagap\OneDrive\Documentos\Maestria\2025S\Phonetics TeamLab\ALC\ses2035,0132035032_h_00.wav,N,0.0,SOBER,032,032
c:\Users\nagap\OneDrive\Documentos\Maestria\2025S\Phonetics TeamLab\ALC\ses2035,0132035033_h_00.wav,N,0.0,SOBER,033,033
c:\Users\nagap\OneDrive\Documentos\Maestria\2025S\Phonetics TeamLab\ALC\ses2035,0132035034_h_00.wav,N,0.0,SOBER,034,034
c:\Users\nagap\OneDrive\Documentos\Maestria\2025S\Phonetics TeamLab\ALC\ses2035,0132035035_h_00.wav,N,0.0,SOBER,035,035
c:\Users\nagap\OneDrive\Documentos\Maestria\2025S\Phonetics TeamLab\ALC\ses2035,0132035036_h_00.wav,N,0.0,SOBER,036,036
c:\Users\nagap\OneDrive\Documentos\Maestria\2025S\Phonetics TeamLab\ALC\ses2035,0132035037_h_00.wav,N,0.0,SOBER,037,037
c:\Users\nagap\OneDrive\Documentos\Maestria\2025S\Phonetics TeamLab\ALC\ses2035,0132035038_h_00.wav,N,0.0,SOBER,038,038
c:\Users\nagap\OneDrive\Documentos\Maestria\2025S\Phonetics TeamLab\ALC\ses2035,0132035039_h_00.wav,N,0.0,SOBER,039,039
c:\Users\nagap\OneDrive\Documentos\Maestria\2025S\Phonetics TeamLab\ALC\ses2035,0132035040_h_00.wav,N,0.0,SOBER,040,040
c:\Users\nagap\OneDrive\Documentos\Maestria\2025S\Phonetics TeamLab\ALC\ses2035,0132035041_h_00.wav,N,0.0,SOBER,041,041
c:\Users\nagap\OneDrive\Documentos\Maestria\2025S\Phonetics TeamLab\ALC\ses2035,0132035042_h_00.wav,N,0.0,SOBER,042,042
c:\Users\nagap\OneDrive\Documentos\Maestria\2025S\Phonetics TeamLab\ALC\ses2035,0132035043_h_00.wav,N,0.0,SOBER,043,043
c:\Users\nagap\OneDrive\Documentos\Maestria\2025S\Phonetics TeamLab\ALC\ses2035,0132035044_h_00.wav,N,0.0,SOBER,044,044
c:\Users\nagap\OneDrive\Documentos\Maestria\2025S\Phonetics TeamLab\ALC\ses2035,0132035045_h_00.wav,N,0.0,SOBER,045,045
c:\Users\nagap\OneDrive\Documentos\Maestria\2025S\Phonetics TeamLab\ALC\ses2035,0132035046_h_00.wav,N,0.0,SOBER,046,046
c:\Users\nagap\OneDrive\Documentos\Maestria\2025S\Phonetics TeamLab\ALC\ses2035,0132035047_h_00.wav,N,0.0,SOBER,047,047
c:\Users\nagap\OneDrive\Documentos\Maestria\2025S\Phonetics TeamLab\ALC\ses2035,0132035048_h_00.wav,N,0.0,SOBER,048,048
c:\Users\nagap\OneDrive\Documentos\Maestria\2025S\Phonetics TeamLab\ALC\ses2035,0132035049_h_00.wav,N,0.0,SOBER,049,049
c:\Users\nagap\OneDrive\Documentos\Maestria\2025S\Phonetics TeamLab\ALC\ses2035,0132035050_h_00.wav,N,0.0,SOBER,050,050
c:\Users\nagap\OneDrive\Documentos\Maestria\2025S\Phonetics TeamLab\ALC\ses2035,0132035051_h_00.wav,N,0.0,SOBER,051,051
c:\Users\nagap\OneDrive\Documentos\Maestria\2025S\Phonetics TeamLab\ALC\ses2035,0132035052_h_00.wav,N,0.0,SOBER,052,052
c:\Users\nagap\OneDrive\Documentos\Maestria\2025S\Phonetics TeamLab\ALC\ses2035,0132035053_h_00.wav,N,0.0,SOBER,053,053
c:\Users\nagap\OneDrive\Documentos\Maestria\2025S\Phonetics TeamLab\ALC\ses2035,0132035054_h_00.wav,N,0.0,SOBER,054,054
c:\Users\nagap\OneDrive\Documentos\Maestria\2025S\Phonetics TeamLab\ALC\ses2035,0132035055_h_00.wav,N,0.0,SOBER,055,055
c:\Users\nagap\OneDrive\Documentos\Maestria\2025S\Phonetics TeamLab\ALC\ses2035,0132035056_h_00.wav,N,0.0,SOBER,056,056
c:\Users\nagap\OneDrive\Documentos\Maestria\2025S\Phonetics TeamLab\ALC\ses2035,0132035057_h_00.wav,N,0.0,SOBER,057,057
c:\Users\nagap\OneDrive\Documentos\Maestria\2025S\Phonetics TeamLab\ALC\ses2035,0132035058_h_00.wav,N,0.0,SOBER,058,058
c:\Users\nagap\OneDrive\Documentos\Maestria\2025S\Phonetics TeamLab\ALC\ses2035,0132035059_h_00.wav,N,0.0,SOBER,059,059
c:\Users\nagap\OneDrive\Documentos\Maestria\2025S\Phonetics TeamLab\ALC\ses2035,0132035060_h_00.wav,N,0.0,SOBER,060,060
c:\Users\nagap\OneDrive\Documentos\Maestria\2025S\Phonetics TeamLab\ALC\ses3071,5703071001_h_00.wav,A,0.00085,DRUNK,001,001
c:\Users\nagap\OneDrive\Documentos\Maestria\2025S\Phonetics TeamLab\ALC\ses3071,5703071002_h_00.wav,A,0.00085,DRUNK,002,034
c:\Users\nagap\OneDrive\Documentos\Maestria\2025S\Phonetics TeamLab\ALC\ses3071,5703071003_h_00.wav,A,0.00085,DRUNK,003,032
c:\Users\nagap\OneDrive\Documentos\Maestria\2025S\Phonetics TeamLab\ALC\ses3071,5703071004_h_00.wav,A,0.00085,DRUNK,004,061
c:\Users\nagap\OneDrive\Documentos\Maestria\2025S\Phonetics TeamLab\ALC\ses3071,5703071005_h_00.wav,A,0.00085,DRUNK,005,030
c:\Users\nagap\OneDrive\Documentos\Maestria\2025S\Phonetics TeamLab\ALC\ses3071,5703071006_h_00.wav,A,0.00085,DRUNK,006,026
c:\Users\nagap\OneDrive\Documentos\Maestria\2025S\Phonetics TeamLab\ALC\ses3071,5703071007_h_00.wav,A,0.00085,DRUNK,007,023
c:\Users\nagap\OneDrive\Documentos\Maestria\2025S\Phonetics TeamLab\ALC\ses3071,5703071008_h_00.wav,A,0.00085,DRUNK,008,008
c:\Users\nagap\OneDrive\Documentos\Maestria\2025S\Phonetics TeamLab\ALC\ses3071,5703071009_h_00.wav,A,0.00085,DRUNK,009,029
c:\Users\nagap\OneDrive\Documentos\Maestria\2025S\Phonetics TeamLab\ALC\ses3071,5703071010_h_00.wav,A,0.00085,DRUNK,010,010
c:\Users\nagap\OneDrive\Documentos\Maestria\2025S\Phonetics TeamLab\ALC\ses3071,5703071011_h_00.wav,A,0.00085,DRUNK,011,031
c:\Users\nagap\OneDrive\Documentos\Maestria\2025S\Phonetics TeamLab\ALC\ses3071,5703071012_h_00.wav,A,0.00085,DRUNK,012,012
c:\Users\nagap\OneDrive\Documentos\Maestria\2025S\Phonetics TeamLab\ALC\ses3071,5703071013_h_00.wav,A,0.00085,DRUNK,013,013
c:\Users\nagap\OneDrive\Documentos\Maestria\2025S\Phonetics TeamLab\ALC\ses3071,5703071014_h_00.wav,A,0.00085,DRUNK,014,014
c:\Users\nagap\OneDrive\Documentos\Maestria\2025S\Phonetics TeamLab\ALC\ses3071,5703071015_h_00.wav,A,0.00085,DRUNK,015,015
c:\Users\nagap\OneDrive\Documentos\Maestria\2025S\Phonetics TeamLab\ALC\ses3071,5703071016_h_00.wav,A,0.00085,DRUNK,016,036
c:\Users\nagap\OneDrive\Documentos\Maestria\2025S\Phonetics TeamLab\ALC\ses3071,5703071017_h_00.wav,A,0.00085,DRUNK,017,024
c:\Users\nagap\OneDrive\Documentos\Maestria\2025S\Phonetics TeamLab\ALC\ses3071,5703071018_h_00.wav,A,0.00085,DRUNK,018,038
c:\Users\nagap\OneDrive\Documentos\Maestria\2025S\Phonetics TeamLab\ALC\ses3071,5703071019_h_00.wav,A,0.00085,DRUNK,019,019
c:\Users\nagap\OneDrive\Documentos\Maestria\2025S\Phonetics TeamLab\ALC\ses3071,5703071020_h_00.wav,A,0.00085,DRUNK,020,020
c:\Users\nagap\OneDrive\Documentos\Maestria\2025S\Phonetics TeamLab\ALC\ses3071,5703071021_h_00.wav,A,0.00085,DRUNK,021,041
c:\Users\nagap\OneDrive\Documentos\Maestria\2025S\Phonetics TeamLab\ALC\ses3071,5703071022_h_00.wav,A,0.00085,DRUNK,022,042
c:\Users\nagap\OneDrive\Documentos\Maestria\2025S\Phonetics TeamLab\ALC\ses3071,5703071023_h_00.wav,A,0.00085,DRUNK,023,059
c:\Users\nagap\OneDrive\Documentos\Maestria\2025S\Phonetics TeamLab\ALC\ses3071,5703071024_h_00.wav,A,0.00085,DRUNK,024,051
c:\Users\nagap\OneDrive\Documentos\Maestria\2025S\Phonetics TeamLab\ALC\ses3071,5703071025_h_00.wav,A,0.00085,DRUNK,025,046
c:\Users\nagap\OneDrive\Documentos\Maestria\2025S\Phonetics TeamLab\ALC\ses3071,5703071026_h_00.wav,A,0.00085,DRUNK,026,055
c:\Users\nagap\OneDrive\Documentos\Maestria\2025S\Phonetics TeamLab\ALC\ses3071,5703071027_h_00.wav,A,0.00085,DRUNK,027,048
c:\Users\nagap\OneDrive\Documentos\Maestria\2025S\Phonetics TeamLab\ALC\ses3071,5703071028_h_00.wav,A,0.00085,DRUNK,028,049
c:\Users\nagap\OneDrive\Documentos\Maestria\2025S\Phonetics TeamLab\ALC\ses3071,5703071029_h_00.wav,A,0.00085,DRUNK,029,050
c:\Users\nagap\OneDrive\Documentos\Maestria\2025S\Phonetics TeamLab\ALC\ses3071,5703071030_h_00.wav,A,0.00085,DRUNK,030,060
c:\Users\nagap\OneDrive\Documentos\Maestria\2025S\Phonetics TeamLab\ALC\ses4060,5704060001_h_00.wav,N,0.0,SOBER,001,001
c:\Users\nagap\OneDrive\Documentos\Maestria\2025S\Phonetics TeamLab\ALC\ses4060,5704060002_h_00.wav,N,0.0,SOBER,002,002
c:\Users\nagap\OneDrive\Documentos\Maestria\2025S\Phonetics TeamLab\ALC\ses4060,5704060003_h_00.wav,N,0.0,SOBER,003,003
c:\Users\nagap\OneDrive\Documentos\Maestria\2025S\Phonetics TeamLab\ALC\ses4060,5704060004_h_00.wav,N,0.0,SOBER,004,004
c:\Users\nagap\OneDrive\Documentos\Maestria\2025S\Phonetics TeamLab\ALC\ses4060,5704060005_h_00.wav,N,0.0,SOBER,005,005
c:\Users\nagap\OneDrive\Documentos\Maestria\2025S\Phonetics TeamLab\ALC\ses4060,5704060006_h_00.wav,N,0.0,SOBER,006,006
c:\Users\nagap\OneDrive\Documentos\Maestria\2025S\Phonetics TeamLab\ALC\ses4060,5704060007_h_00.wav,N,0.0,SOBER,007,007
c:\Users\nagap\OneDrive\Documentos\Maestria\2025S\Phonetics TeamLab\ALC\ses4060,5704060008_h_00.wav,N,0.0,SOBER,008,008
c:\Users\nagap\OneDrive\Documentos\Maestria\2025S\Phonetics TeamLab\ALC\ses4060,5704060009_h_00.wav,N,0.0,SOBER,009,009
c:\Users\nagap\OneDrive\Documentos\Maestria\2025S\Phonetics TeamLab\ALC\ses4060,5704060010_h_00.wav,N,0.0,SOBER,010,010
c:\Users\nagap\OneDrive\Documentos\Maestria\2025S\Phonetics TeamLab\ALC\ses4060,5704060011_h_00.wav,N,0.0,SOBER,011,011
c:\Users\nagap\OneDrive\Documentos\Maestria\2025S\Phonetics TeamLab\ALC\ses4060,5704060012_h_00.wav,N,0.0,SOBER,012,012
c:\Users\nagap\OneDrive\Documentos\Maestria\2025S\Phonetics TeamLab\ALC\ses4060,5704060013_h_00.wav,N,0.0,SOBER,013,013
c:\Users\nagap\OneDrive\Documentos\Maestria\2025S\Phonetics TeamLab\ALC\ses4060,5704060014_h_00.wav,N,0.0,SOBER,014,014
c:\Users\nagap\OneDrive\Documentos\Maestria\2025S\Phonetics TeamLab\ALC\ses4060,5704060015_h_00.wav,N,0.0,SOBER,015,015
c:\Users\nagap\OneDrive\Documentos\Maestria\2025S\Phonetics TeamLab\ALC\ses4060,5704060016_h_00.wav,N,0.0,SOBER,016,016
c:\Users\nagap\OneDrive\Documentos\Maestria\2025S\Phonetics TeamLab\ALC\ses4060,5704060017_h_00.wav,N,0.0,SOBER,017,017
c:\Users\nagap\OneDrive\Documentos\Maestria\2025S\Phonetics TeamLab\ALC\ses4060,5704060018_h_00.wav,N,0.0,SOBER,018,018
c:\Users\nagap\OneDrive\Documentos\Maestria\2025S\Phonetics TeamLab\ALC\ses4060,5704060019_h_00.wav,N,0.0,SOBER,019,019
c:\Users\nagap\OneDrive\Documentos\Maestria\2025S\Phonetics TeamLab\ALC\ses4060,5704060020_h_00.wav,N,0.0,SOBER,020,020
c:\Users\nagap\OneDrive\Documentos\Maestria\2025S\Phonetics TeamLab\ALC\ses4060,5704060021_h_00.wav,N,0.0,SOBER,021,021
c:\Users\nagap\OneDrive\Documentos\Maestria\2025S\Phonetics TeamLab\ALC\ses4060,5704060022_h_00.wav,N,0.0,SOBER,022,022
c:\Users\nagap\OneDrive\Documentos\Maestria\2025S\Phonetics TeamLab\ALC\ses4060,5704060023_h_00.wav,N,0.0,SOBER,023,023
c:\Users\nagap\OneDrive\Documentos\Maestria\2025S\Phonetics TeamLab\ALC\ses4060,5704060024_h_00.wav,N,0.0,SOBER,024,024
c:\Users\nagap\OneDrive\Documentos\Maestria\2025S\Phonetics TeamLab\ALC\ses4060,5704060025_h_00.wav,N,0.0,SOBER,025,025
c:\Users\nagap\OneDrive\Documentos\Maestria\2025S\Phonetics TeamLab\ALC\ses4060,5704060026_h_00.wav,N,0.0,SOBER,026,026
c:\Users\nagap\OneDrive\Documentos\Maestria\2025S\Phonetics TeamLab\ALC\ses4060,5704060027_h_00.wav,N,0.0,SOBER,027,027
c:\Users\nagap\OneDrive\Documentos\Maestria\2025S\Phonetics TeamLab\ALC\ses4060,5704060028_h_00.wav,N,0.0,SOBER,028,028
c:\Users\nagap\OneDrive\Documentos\Maestria\2025S\Phonetics TeamLab\ALC\ses4060,5704060029_h_00.wav,N,0.0,SOBER,029,029
c:\Users\nagap\OneDrive\Documentos\Maestria\2025S\Phonetics TeamLab\ALC\ses4060,5704060030_h_00.wav,N,0.0,SOBER,030,030
c:\Users\nagap\OneDrive\Documentos\Maestria\2025S\Phonetics TeamLab\ALC\ses4060,5704060031_h_00.wav,N,0.0,SOBER,031,031
c:\Users\nagap\OneDrive\Documentos\Maestria\2025S\Phonetics TeamLab\ALC\ses4060,5704060032_h_00.wav,N,0.0,SOBER,032,032
c:\Users\nagap\OneDrive\Documentos\Maestria\2025S\Phonetics TeamLab\ALC\ses4060,5704060033_h_00.wav,N,0.0,SOBER,033,033
c:\Users\nagap\OneDrive\Documentos\Maestria\2025S\Phonetics TeamLab\ALC\ses4060,5704060034_h_00.wav,N,0.0,SOBER,034,034
c:\Users\nagap\OneDrive\Documentos\Maestria\2025S\Phonetics TeamLab\ALC\ses4060,5704060035_h_00.wav,N,0.0,SOBER,035,035
c:\Users\nagap\OneDrive\Documentos\Maestria\2025S\Phonetics TeamLab\ALC\ses4060,5704060036_h_00.wav,N,0.0,SOBER,036,036
c:\Users\nagap\OneDrive\Documentos\Maestria\2025S\Phonetics TeamLab\ALC\ses4060,5704060037_h_00.wav,N,0.0,SOBER,037,037
c:\Users\nagap\OneDrive\Documentos\Maestria\2025S\Phonetics TeamLab\ALC\ses4060,5704060038_h_00.wav,N,0.0,SOBER,038,038
c:\Users\nagap\OneDrive\Documentos\Maestria\2025S\Phonetics TeamLab\ALC\ses4060,5704060039_h_00.wav,N,0.0,SOBER,039,039
c:\Users\nagap\OneDrive\Documentos\Maestria\2025S\Phonetics TeamLab\ALC\ses4060,5704060040_h_00.wav,N,0.0,SOBER,040,040
c:\Users\nagap\OneDrive\Documentos\Maestria\2025S\Phonetics TeamLab\ALC\ses4060,5704060041_h_00.wav,N,0.0,SOBER,041,041
c:\Users\nagap\OneDrive\Documentos\Maestria\2025S\Phonetics TeamLab\ALC\ses4060,5704060042_h_00.wav,N,0.0,SOBER,042,042
c:\Users\nagap\OneDrive\Documentos\Maestria\2025S\Phonetics TeamLab\ALC\ses4060,5704060043_h_00.wav,N,0.0,SOBER,043,043
c:\Users\nagap\OneDrive\Documentos\Maestria\2025S\Phonetics TeamLab\ALC\ses4060,5704060044_h_00.wav,N,0.0,SOBER,044,044
c:\Users\nagap\OneDrive\Documentos\Maestria\2025S\Phonetics TeamLab\ALC\ses4060,5704060045_h_00.wav,N,0.0,SOBER,045,045
c:\Users\nagap\OneDrive\Documentos\Maestria\2025S\Phonetics TeamLab\ALC\ses4060,5704060046_h_00.wav,N,0.0,SOBER,046,046
c:\Users\nagap\OneDrive\Documentos\Maestria\2025S\Phonetics TeamLab\ALC\ses4060,5704060047_h_00.wav,N,0.0,SOBER,047,047
c:\Users\nagap\OneDrive\Documentos\Maestria\2025S\Phonetics TeamLab\ALC\ses4060,5704060048_h_00.wav,N,0.0,SOBER,048,048
c:\Users\nagap\OneDrive\Documentos\Maestria\2025S\Phonetics TeamLab\ALC\ses4060,5704060049_h_00.wav,N,0.0,SOBER,049,049
c:\Users\nagap\OneDrive\Documentos\Maestria\2025S\Phonetics TeamLab\ALC\ses4060,5704060050_h_00.wav,N,0.0,SOBER,050,050
c:\Users\nagap\OneDrive\Documentos\Maestria\2025S\Phonetics TeamLab\ALC\ses4060,5704060051_h_00.wav,N,0.0,SOBER,051,051
c:\Users\nagap\OneDrive\Documentos\Maestria\2025S\Phonetics TeamLab\ALC\ses4060,5704060052_h_00.wav,N,0.0,SOBER,052,052
c:\Users\nagap\OneDrive\Documentos\Maestria\2025S\Phonetics TeamLab\ALC\ses4060,5704060053_h_00.wav,N,0.0,SOBER,053,053
c:\Users\nagap\OneDrive\Documentos\Maestria\2025S\Phonetics TeamLab\ALC\ses4060,5704060054_h_00.wav,N,0.0,SOBER,054,054
c:\Users\nagap\OneDrive\Documentos\Maestria\2025S\Phonetics TeamLab\ALC\ses4060,5704060055_h_00.wav,N,0.0,SOBER,055,055
c:\Users\nagap\OneDrive\Documentos\Maestria\2025S\Phonetics TeamLab\ALC\ses4060,5704060056_h_00.wav,N,0.0,SOBER,056,056
c:\Users\nagap\OneDrive\Documentos\Maestria\2025S\Phonetics TeamLab\ALC\ses4060,5704060057_h_00.wav,N,0.0,SOBER,057,057
c:\Users\nagap\OneDrive\Documentos\Maestria\2025S\Phonetics TeamLab\ALC\ses4060,5704060058_h_00.wav,N,0.0,SOBER,058,058
c:\Users\nagap\OneDrive\Documentos\Maestria\2025S\Phonetics TeamLab\ALC\ses4060,5704060059_h_00.wav,N,0.0,SOBER,059,059
c:\Users\nagap\OneDrive\Documentos\Maestria\2025S\Phonetics TeamLab\ALC\ses4060,5704060060_h_00.wav,N,0.0,SOBER,060,060
c:\Users\nagap\OneDrive\Documentos\Maestria\2025S\Phonetics TeamLab\ALC\ses3035,5343035001_h_00.wav,A,0.00069,DRUNK,001,001
c:\Users\nagap\OneDrive\Documentos\Maestria\2025S\Phonetics TeamLab\ALC\ses3035,5343035002_h_00.wav,A,0.00069,DRUNK,002,034
c:\Users\nagap\OneDrive\Documentos\Maestria\2025S\Phonetics TeamLab\ALC\ses3035,5343035003_h_00.wav,A,0.00069,DRUNK,003,032
c:\Users\nagap\OneDrive\Documentos\Maestria\2025S\Phonetics TeamLab\ALC\ses3035,5343035004_h_00.wav,A,0.00069,DRUNK,004,061
c:\Users\nagap\OneDrive\Documentos\Maestria\2025S\Phonetics TeamLab\ALC\ses3035,5343035005_h_00.wav,A,0.00069,DRUNK,005,030
c:\Users\nagap\OneDrive\Documentos\Maestria\2025S\Phonetics TeamLab\ALC\ses3035,5343035006_h_00.wav,A,0.00069,DRUNK,006,026
c:\Users\nagap\OneDrive\Documentos\Maestria\2025S\Phonetics TeamLab\ALC\ses3035,5343035007_h_00.wav,A,0.00069,DRUNK,007,023
c:\Users\nagap\OneDrive\Documentos\Maestria\2025S\Phonetics TeamLab\ALC\ses3035,5343035008_h_00.wav,A,0.00069,DRUNK,008,008
c:\Users\nagap\OneDrive\Documentos\Maestria\2025S\Phonetics TeamLab\ALC\ses3035,5343035009_h_00.wav,A,0.00069,DRUNK,009,029
c:\Users\nagap\OneDrive\Documentos\Maestria\2025S\Phonetics TeamLab\ALC\ses3035,5343035010_h_00.wav,A,0.00069,DRUNK,010,010
c:\Users\nagap\OneDrive\Documentos\Maestria\2025S\Phonetics TeamLab\ALC\ses3035,5343035011_h_00.wav,A,0.00069,DRUNK,011,031
c:\Users\nagap\OneDrive\Documentos\Maestria\2025S\Phonetics TeamLab\ALC\ses3035,5343035012_h_00.wav,A,0.00069,DRUNK,012,012
c:\Users\nagap\OneDrive\Documentos\Maestria\2025S\Phonetics TeamLab\ALC\ses3035,5343035013_h_00.wav,A,0.00069,DRUNK,013,013
c:\Users\nagap\OneDrive\Documentos\Maestria\2025S\Phonetics TeamLab\ALC\ses3035,5343035014_h_00.wav,A,0.00069,DRUNK,014,014
c:\Users\nagap\OneDrive\Documentos\Maestria\2025S\Phonetics TeamLab\ALC\ses3035,5343035015_h_00.wav,A,0.00069,DRUNK,015,015
c:\Users\nagap\OneDrive\Documentos\Maestria\2025S\Phonetics TeamLab\ALC\ses3035,5343035016_h_00.wav,A,0.00069,DRUNK,016,036
c:\Users\nagap\OneDrive\Documentos\Maestria\2025S\Phonetics TeamLab\ALC\ses3035,5343035017_h_00.wav,A,0.00069,DRUNK,017,024
c:\Users\nagap\OneDrive\Documentos\Maestria\2025S\Phonetics TeamLab\ALC\ses3035,5343035018_h_00.wav,A,0.00069,DRUNK,018,038
c:\Users\nagap\OneDrive\Documentos\Maestria\2025S\Phonetics TeamLab\ALC\ses3035,5343035019_h_00.wav,A,0.00069,DRUNK,019,019
c:\Users\nagap\OneDrive\Documentos\Maestria\2025S\Phonetics TeamLab\ALC\ses3035,5343035020_h_00.wav,A,0.00069,DRUNK,020,020
c:\Users\nagap\OneDrive\Documentos\Maestria\2025S\Phonetics TeamLab\ALC\ses3035,5343035021_h_00.wav,A,0.00069,DRUNK,021,041
c:\Users\nagap\OneDrive\Documentos\Maestria\2025S\Phonetics TeamLab\ALC\ses3035,5343035022_h_00.wav,A,0.00069,DRUNK,022,042
c:\Users\nagap\OneDrive\Documentos\Maestria\2025S\Phonetics TeamLab\ALC\ses3035,5343035023_h_00.wav,A,0.00069,DRUNK,023,059
c:\Users\nagap\OneDrive\Documentos\Maestria\2025S\Phonetics TeamLab\ALC\ses3035,5343035024_h_00.wav,A,0.00069,DRUNK,024,051
c:\Users\nagap\OneDrive\Documentos\Maestria\2025S\Phonetics TeamLab\ALC\ses3035,5343035025_h_00.wav,A,0.00069,DRUNK,025,046
c:\Users\nagap\OneDrive\Documentos\Maestria\2025S\Phonetics TeamLab\ALC\ses3035,5343035026_h_00.wav,A,0.00069,DRUNK,026,055
c:\Users\nagap\OneDrive\Documentos\Maestria\2025S\Phonetics TeamLab\ALC\ses3035,5343035027_h_00.wav,A,0.00069,DRUNK,027,048
c:\Users\nagap\OneDrive\Documentos\Maestria\2025S\Phonetics TeamLab\ALC\ses3035,5343035028_h_00.wav,A,0.00069,DRUNK,028,049
c:\Users\nagap\OneDrive\Documentos\Maestria\2025S\Phonetics TeamLab\ALC\ses3035,5343035029_h_00.wav,A,0.00069,DRUNK,029,050
c:\Users\nagap\OneDrive\Documentos\Maestria\2025S\Phonetics TeamLab\ALC\ses3035,5343035030_h_00.wav,A,0.00069,DRUNK,030,060
c:\Users\nagap\OneDrive\Documentos\Maestria\2025S\Phonetics TeamLab\ALC\ses4036,5344036001_h_00.wav,N,0.0,SOBER,001,001
c:\Users\nagap\OneDrive\Documentos\Maestria\2025S\Phonetics TeamLab\ALC\ses4036,5344036002_h_01.wav,N,0.0,SOBER,002,002
c:\Users\nagap\OneDrive\Documentos\Maestria\2025S\Phonetics TeamLab\ALC\ses4036,5344036003_h_00.wav,N,0.0,SOBER,003,003
c:\Users\nagap\OneDrive\Documentos\Maestria\2025S\Phonetics TeamLab\ALC\ses4036,5344036004_h_00.wav,N,0.0,SOBER,004,004
c:\Users\nagap\OneDrive\Documentos\Maestria\2025S\Phonetics TeamLab\ALC\ses4036,5344036005_h_00.wav,N,0.0,SOBER,005,005
c:\Users\nagap\OneDrive\Documentos\Maestria\2025S\Phonetics TeamLab\ALC\ses4036,5344036006_h_00.wav,N,0.0,SOBER,006,006
c:\Users\nagap\OneDrive\Documentos\Maestria\2025S\Phonetics TeamLab\ALC\ses4036,5344036007_h_00.wav,N,0.0,SOBER,007,007
c:\Users\nagap\OneDrive\Documentos\Maestria\2025S\Phonetics TeamLab\ALC\ses4036,5344036008_h_00.wav,N,0.0,SOBER,008,008
c:\Users\nagap\OneDrive\Documentos\Maestria\2025S\Phonetics TeamLab\ALC\ses4036,5344036009_h_00.wav,N,0.0,SOBER,009,009
c:\Users\nagap\OneDrive\Documentos\Maestria\2025S\Phonetics TeamLab\ALC\ses4036,5344036010_h_00.wav,N,0.0,SOBER,010,010
c:\Users\nagap\OneDrive\Documentos\Maestria\2025S\Phonetics TeamLab\ALC\ses4036,5344036011_h_00.wav,N,0.0,SOBER,011,011
c:\Users\nagap\OneDrive\Documentos\Maestria\2025S\Phonetics TeamLab\ALC\ses4036,5344036012_h_00.wav,N,0.0,SOBER,012,012
c:\Users\nagap\OneDrive\Documentos\Maestria\2025S\Phonetics TeamLab\ALC\ses4036,5344036013_h_00.wav,N,0.0,SOBER,013,013
c:\Users\nagap\OneDrive\Documentos\Maestria\2025S\Phonetics TeamLab\ALC\ses4036,5344036014_h_00.wav,N,0.0,SOBER,014,014
c:\Users\nagap\OneDrive\Documentos\Maestria\2025S\Phonetics TeamLab\ALC\ses4036,5344036015_h_00.wav,N,0.0,SOBER,015,015
c:\Users\nagap\OneDrive\Documentos\Maestria\2025S\Phonetics TeamLab\ALC\ses4036,5344036016_h_00.wav,N,0.0,SOBER,016,016
c:\Users\nagap\OneDrive\Documentos\Maestria\2025S\Phonetics TeamLab\ALC\ses4036,5344036017_h_00.wav,N,0.0,SOBER,017,017
c:\Users\nagap\OneDrive\Documentos\Maestria\2025S\Phonetics TeamLab\ALC\ses4036,5344036018_h_00.wav,N,0.0,SOBER,018,018
c:\Users\nagap\OneDrive\Documentos\Maestria\2025S\Phonetics TeamLab\ALC\ses4036,5344036019_h_00.wav,N,0.0,SOBER,019,019
c:\Users\nagap\OneDrive\Documentos\Maestria\2025S\Phonetics TeamLab\ALC\ses4036,5344036020_h_00.wav,N,0.0,SOBER,020,020
c:\Users\nagap\OneDrive\Documentos\Maestria\2025S\Phonetics TeamLab\ALC\ses4036,5344036021_h_00.wav,N,0.0,SOBER,021,021
c:\Users\nagap\OneDrive\Documentos\Maestria\2025S\Phonetics TeamLab\ALC\ses4036,5344036022_h_00.wav,N,0.0,SOBER,022,022
c:\Users\nagap\OneDrive\Documentos\Maestria\2025S\Phonetics TeamLab\ALC\ses4036,5344036023_h_00.wav,N,0.0,SOBER,023,023
c:\Users\nagap\OneDrive\Documentos\Maestria\2025S\Phonetics TeamLab\ALC\ses4036,5344036024_h_00.wav,N,0.0,SOBER,024,024
c:\Users\nagap\OneDrive\Documentos\Maestria\2025S\Phonetics TeamLab\ALC\ses4036,5344036025_h_00.wav,N,0.0,SOBER,025,025
c:\Users\nagap\OneDrive\Documentos\Maestria\2025S\Phonetics TeamLab\ALC\ses4036,5344036026_h_00.wav,N,0.0,SOBER,026,026
c:\Users\nagap\OneDrive\Documentos\Maestria\2025S\Phonetics TeamLab\ALC\ses4036,5344036027_h_00.wav,N,0.0,SOBER,027,027
c:\Users\nagap\OneDrive\Documentos\Maestria\2025S\Phonetics TeamLab\ALC\ses4036,5344036028_h_00.wav,N,0.0,SOBER,028,028
c:\Users\nagap\OneDrive\Documentos\Maestria\2025S\Phonetics TeamLab\ALC\ses4036,5344036029_h_00.wav,N,0.0,SOBER,029,029
c:\Users\nagap\OneDrive\Documentos\Maestria\2025S\Phonetics TeamLab\ALC\ses4036,5344036030_h_00.wav,N,0.0,SOBER,030,030
c:\Users\nagap\OneDrive\Documentos\Maestria\2025S\Phonetics TeamLab\ALC\ses4036,5344036031_h_00.wav,N,0.0,SOBER,031,031
c:\Users\nagap\OneDrive\Documentos\Maestria\2025S\Phonetics TeamLab\ALC\ses4036,5344036032_h_00.wav,N,0.0,SOBER,032,032
c:\Users\nagap\OneDrive\Documentos\Maestria\2025S\Phonetics TeamLab\ALC\ses4036,5344036033_h_00.wav,N,0.0,SOBER,033,033
c:\Users\nagap\OneDrive\Documentos\Maestria\2025S\Phonetics TeamLab\ALC\ses4036,5344036034_h_00.wav,N,0.0,SOBER,034,034
c:\Users\nagap\OneDrive\Documentos\Maestria\2025S\Phonetics TeamLab\ALC\ses4036,5344036035_h_00.wav,N,0.0,SOBER,035,035
c:\Users\nagap\OneDrive\Documentos\Maestria\2025S\Phonetics TeamLab\ALC\ses4036,5344036036_h_00.wav,N,0.0,SOBER,036,036
c:\Users\nagap\OneDrive\Documentos\Maestria\2025S\Phonetics TeamLab\ALC\ses4036,5344036037_h_00.wav,N,0.0,SOBER,037,037
c:\Users\nagap\OneDrive\Documentos\Maestria\2025S\Phonetics TeamLab\ALC\ses4036,5344036038_h_00.wav,N,0.0,SOBER,038,038
c:\Users\nagap\OneDrive\Documentos\Maestria\2025S\Phonetics TeamLab\ALC\ses4036,5344036039_h_00.wav,N,0.0,SOBER,039,039
c:\Users\nagap\OneDrive\Documentos\Maestria\2025S\Phonetics TeamLab\ALC\ses4036,5344036040_h_00.wav,N,0.0,SOBER,040,040
c:\Users\nagap\OneDrive\Documentos\Maestria\2025S\Phonetics TeamLab\ALC\ses4036,5344036041_h_00.wav,N,0.0,SOBER,041,041
c:\Users\nagap\OneDrive\Documentos\Maestria\2025S\Phonetics TeamLab\ALC\ses4036,5344036042_h_00.wav,N,0.0,SOBER,042,042
c:\Users\nagap\OneDrive\Documentos\Maestria\2025S\Phonetics TeamLab\ALC\ses4036,5344036043_h_00.wav,N,0.0,SOBER,043,043
c:\Users\nagap\OneDrive\Documentos\Maestria\2025S\Phonetics TeamLab\ALC\ses4036,5344036044_h_00.wav,N,0.0,SOBER,044,044
c:\Users\nagap\OneDrive\Documentos\Maestria\2025S\Phonetics TeamLab\ALC\ses4036,5344036045_h_00.wav,N,0.0,SOBER,045,045
c:\Users\nagap\OneDrive\Documentos\Maestria\2025S\Phonetics TeamLab\ALC\ses4036,5344036046_h_00.wav,N,0.0,SOBER,046,046
c:\Users\nagap\OneDrive\Documentos\Maestria\2025S\Phonetics TeamLab\ALC\ses4036,5344036047_h_00.wav,N,0.0,SOBER,047,047
c:\Users\nagap\OneDrive\Documentos\Maestria\2025S\Phonetics TeamLab\ALC\ses4036,5344036048_h_00.wav,N,0.0,SOBER,048,048
c:\Users\nagap\OneDrive\Documentos\Maestria\2025S\Phonetics TeamLab\ALC\ses4036,5344036049_h_00.wav,N,0.0,SOBER,049,049
c:\Users\nagap\OneDrive\Documentos\Maestria\2025S\Phonetics TeamLab\ALC\ses4036,5344036050_h_00.wav,N,0.0,SOBER,050,050
c:\Users\nagap\OneDrive\Documentos\Maestria\2025S\Phonetics TeamLab\ALC\ses4036,5344036051_h_00.wav,N,0.0,SOBER,051,051
c:\Users\nagap\OneDrive\Documentos\Maestria\2025S\Phonetics TeamLab\ALC\ses4036,5344036052_h_00.wav,N,0.0,SOBER,052,052
c:\Users\nagap\OneDrive\Documentos\Maestria\2025S\Phonetics TeamLab\ALC\ses4036,5344036053_h_00.wav,N,0.0,SOBER,053,053
c:\Users\nagap\OneDrive\Documentos\Maestria\2025S\Phonetics TeamLab\ALC\ses4036,5344036054_h_00.wav,N,0.0,SOBER,054,054
c:\Users\nagap\OneDrive\Documentos\Maestria\2025S\Phonetics TeamLab\ALC\ses4036,5344036055_h_00.wav,N,0.0,SOBER,055,055
c:\Users\nagap\OneDrive\Documentos\Maestria\2025S\Phonetics TeamLab\ALC\ses4036,5344036056_h_00.wav,N,0.0,SOBER,056,056
c:\Users\nagap\OneDrive\Documentos\Maestria\2025S\Phonetics TeamLab\ALC\ses4036,5344036057_h_00.wav,N,0.0,SOBER,057,057
c:\Users\nagap\OneDrive\Documentos\Maestria\2025S\Phonetics TeamLab\ALC\ses4036,5344036058_h_00.wav,N,0.0,SOBER,058,058
c:\Users\nagap\OneDrive\Documentos\Maestria\2025S\Phonetics TeamLab\ALC\ses4036,5344036059_h_00.wav,N,0.0,SOBER,059,059
c:\Users\nagap\OneDrive\Documentos\Maestria\2025S\Phonetics TeamLab\ALC\ses4036,5344036060_h_00.wav,N,0.0,SOBER,060,060
c:\Users\nagap\OneDrive\Documentos\Maestria\2025S\Phonetics TeamLab\ALC\ses3079,5783079001_h_00.wav,A,0.00089,DRUNK,001,001
c:\Users\nagap\OneDrive\Documentos\Maestria\2025S\Phonetics TeamLab\ALC\ses3079,5783079002_h_00.wav,A,0.00089,DRUNK,002,034
c:\Users\nagap\OneDrive\Documentos\Maestria\2025S\Phonetics TeamLab\ALC\ses3079,5783079003_h_00.wav,A,0.00089,DRUNK,003,032
c:\Users\nagap\OneDrive\Documentos\Maestria\2025S\Phonetics TeamLab\ALC\ses3079,5783079004_h_00.wav,A,0.00089,DRUNK,004,061
c:\Users\nagap\OneDrive\Documentos\Maestria\2025S\Phonetics TeamLab\ALC\ses3079,5783079005_h_00.wav,A,0.00089,DRUNK,005,030
c:\Users\nagap\OneDrive\Documentos\Maestria\2025S\Phonetics TeamLab\ALC\ses3079,5783079006_h_00.wav,A,0.00089,DRUNK,006,026
c:\Users\nagap\OneDrive\Documentos\Maestria\2025S\Phonetics TeamLab\ALC\ses3079,5783079007_h_00.wav,A,0.00089,DRUNK,007,023
c:\Users\nagap\OneDrive\Documentos\Maestria\2025S\Phonetics TeamLab\ALC\ses3079,5783079008_h_00.wav,A,0.00089,DRUNK,008,008
c:\Users\nagap\OneDrive\Documentos\Maestria\2025S\Phonetics TeamLab\ALC\ses3079,5783079009_h_00.wav,A,0.00089,DRUNK,009,029
c:\Users\nagap\OneDrive\Documentos\Maestria\2025S\Phonetics TeamLab\ALC\ses3079,5783079010_h_00.wav,A,0.00089,DRUNK,010,010
c:\Users\nagap\OneDrive\Documentos\Maestria\2025S\Phonetics TeamLab\ALC\ses3079,5783079011_h_00.wav,A,0.00089,DRUNK,011,031
c:\Users\nagap\OneDrive\Documentos\Maestria\2025S\Phonetics TeamLab\ALC\ses3079,5783079012_h_00.wav,A,0.00089,DRUNK,012,012
c:\Users\nagap\OneDrive\Documentos\Maestria\2025S\Phonetics TeamLab\ALC\ses3079,5783079013_h_00.wav,A,0.00089,DRUNK,013,013
c:\Users\nagap\OneDrive\Documentos\Maestria\2025S\Phonetics TeamLab\ALC\ses3079,5783079014_h_00.wav,A,0.00089,DRUNK,014,014
c:\Users\nagap\OneDrive\Documentos\Maestria\2025S\Phonetics TeamLab\ALC\ses3079,5783079015_h_00.wav,A,0.00089,DRUNK,015,015
c:\Users\nagap\OneDrive\Documentos\Maestria\2025S\Phonetics TeamLab\ALC\ses3079,5783079016_h_00.wav,A,0.00089,DRUNK,016,036
c:\Users\nagap\OneDrive\Documentos\Maestria\2025S\Phonetics TeamLab\ALC\ses3079,5783079017_h_00.wav,A,0.00089,DRUNK,017,024
c:\Users\nagap\OneDrive\Documentos\Maestria\2025S\Phonetics TeamLab\ALC\ses3079,5783079018_h_00.wav,A,0.00089,DRUNK,018,038
c:\Users\nagap\OneDrive\Documentos\Maestria\2025S\Phonetics TeamLab\ALC\ses3079,5783079019_h_00.wav,A,0.00089,DRUNK,019,019
c:\Users\nagap\OneDrive\Documentos\Maestria\2025S\Phonetics TeamLab\ALC\ses3079,5783079020_h_00.wav,A,0.00089,DRUNK,020,020
c:\Users\nagap\OneDrive\Documentos\Maestria\2025S\Phonetics TeamLab\ALC\ses3079,5783079021_h_00.wav,A,0.00089,DRUNK,021,041
c:\Users\nagap\OneDrive\Documentos\Maestria\2025S\Phonetics TeamLab\ALC\ses3079,5783079022_h_00.wav,A,0.00089,DRUNK,022,042
c:\Users\nagap\OneDrive\Documentos\Maestria\2025S\Phonetics TeamLab\ALC\ses3079,5783079023_h_00.wav,A,0.00089,DRUNK,023,059
c:\Users\nagap\OneDrive\Documentos\Maestria\2025S\Phonetics TeamLab\ALC\ses3079,5783079024_h_00.wav,A,0.00089,DRUNK,024,051
c:\Users\nagap\OneDrive\Documentos\Maestria\2025S\Phonetics TeamLab\ALC\ses3079,5783079025_h_00.wav,A,0.00089,DRUNK,025,046
c:\Users\nagap\OneDrive\Documentos\Maestria\2025S\Phonetics TeamLab\ALC\ses3079,5783079026_h_00.wav,A,0.00089,DRUNK,026,055
c:\Users\nagap\OneDrive\Documentos\Maestria\2025S\Phonetics TeamLab\ALC\ses3079,5783079027_h_00.wav,A,0.00089,DRUNK,027,048
c:\Users\nagap\OneDrive\Documentos\Maestria\2025S\Phonetics TeamLab\ALC\ses3079,5783079028_h_00.wav,A,0.00089,DRUNK,028,049
c:\Users\nagap\OneDrive\Documentos\Maestria\2025S\Phonetics TeamLab\ALC\ses3079,5783079029_h_00.wav,A,0.00089,DRUNK,029,050
c:\Users\nagap\OneDrive\Documentos\Maestria\2025S\Phonetics TeamLab\ALC\ses3079,5783079030_h_00.wav,A,0.00089,DRUNK,030,060
c:\Users\nagap\OneDrive\Documentos\Maestria\2025S\Phonetics TeamLab\ALC\ses4051,5784051001_h_00.wav,N,0.0,SOBER,001,001
c:\Users\nagap\OneDrive\Documentos\Maestria\2025S\Phonetics TeamLab\ALC\ses4051,5784051002_h_00.wav,N,0.0,SOBER,002,002
c:\Users\nagap\OneDrive\Documentos\Maestria\2025S\Phonetics TeamLab\ALC\ses4051,5784051003_h_00.wav,N,0.0,SOBER,003,003
c:\Users\nagap\OneDrive\Documentos\Maestria\2025S\Phonetics TeamLab\ALC\ses4051,5784051004_h_00.wav,N,0.0,SOBER,004,004
c:\Users\nagap\OneDrive\Documentos\Maestria\2025S\Phonetics TeamLab\ALC\ses4051,5784051005_h_00.wav,N,0.0,SOBER,005,005
c:\Users\nagap\OneDrive\Documentos\Maestria\2025S\Phonetics TeamLab\ALC\ses4051,5784051006_h_00.wav,N,0.0,SOBER,006,006
c:\Users\nagap\OneDrive\Documentos\Maestria\2025S\Phonetics TeamLab\ALC\ses4051,5784051007_h_00.wav,N,0.0,SOBER,007,007
c:\Users\nagap\OneDrive\Documentos\Maestria\2025S\Phonetics TeamLab\ALC\ses4051,5784051008_h_00.wav,N,0.0,SOBER,008,008
c:\Users\nagap\OneDrive\Documentos\Maestria\2025S\Phonetics TeamLab\ALC\ses4051,5784051009_h_00.wav,N,0.0,SOBER,009,009
c:\Users\nagap\OneDrive\Documentos\Maestria\2025S\Phonetics TeamLab\ALC\ses4051,5784051010_h_00.wav,N,0.0,SOBER,010,010
c:\Users\nagap\OneDrive\Documentos\Maestria\2025S\Phonetics TeamLab\ALC\ses4051,5784051011_h_00.wav,N,0.0,SOBER,011,011
c:\Users\nagap\OneDrive\Documentos\Maestria\2025S\Phonetics TeamLab\ALC\ses4051,5784051012_h_00.wav,N,0.0,SOBER,012,012
c:\Users\nagap\OneDrive\Documentos\Maestria\2025S\Phonetics TeamLab\ALC\ses4051,5784051013_h_00.wav,N,0.0,SOBER,013,013
c:\Users\nagap\OneDrive\Documentos\Maestria\2025S\Phonetics TeamLab\ALC\ses4051,5784051014_h_00.wav,N,0.0,SOBER,014,014
c:\Users\nagap\OneDrive\Documentos\Maestria\2025S\Phonetics TeamLab\ALC\ses4051,5784051015_h_00.wav,N,0.0,SOBER,015,015
c:\Users\nagap\OneDrive\Documentos\Maestria\2025S\Phonetics TeamLab\ALC\ses4051,5784051016_h_00.wav,N,0.0,SOBER,016,016
c:\Users\nagap\OneDrive\Documentos\Maestria\2025S\Phonetics TeamLab\ALC\ses4051,5784051017_h_00.wav,N,0.0,SOBER,017,017
c:\Users\nagap\OneDrive\Documentos\Maestria\2025S\Phonetics TeamLab\ALC\ses4051,5784051018_h_00.wav,N,0.0,SOBER,018,018
c:\Users\nagap\OneDrive\Documentos\Maestria\2025S\Phonetics TeamLab\ALC\ses4051,5784051019_h_00.wav,N,0.0,SOBER,019,019
c:\Users\nagap\OneDrive\Documentos\Maestria\2025S\Phonetics TeamLab\ALC\ses4051,5784051020_h_00.wav,N,0.0,SOBER,020,020
c:\Users\nagap\OneDrive\Documentos\Maestria\2025S\Phonetics TeamLab\ALC\ses4051,5784051021_h_00.wav,N,0.0,SOBER,021,021
c:\Users\nagap\OneDrive\Documentos\Maestria\2025S\Phonetics TeamLab\ALC\ses4051,5784051022_h_00.wav,N,0.0,SOBER,022,022
c:\Users\nagap\OneDrive\Documentos\Maestria\2025S\Phonetics TeamLab\ALC\ses4051,5784051023_h_00.wav,N,0.0,SOBER,023,023
c:\Users\nagap\OneDrive\Documentos\Maestria\2025S\Phonetics TeamLab\ALC\ses4051,5784051024_h_00.wav,N,0.0,SOBER,024,024
c:\Users\nagap\OneDrive\Documentos\Maestria\2025S\Phonetics TeamLab\ALC\ses4051,5784051025_h_00.wav,N,0.0,SOBER,025,025
c:\Users\nagap\OneDrive\Documentos\Maestria\2025S\Phonetics TeamLab\ALC\ses4051,5784051026_h_00.wav,N,0.0,SOBER,026,026
c:\Users\nagap\OneDrive\Documentos\Maestria\2025S\Phonetics TeamLab\ALC\ses4051,5784051027_h_00.wav,N,0.0,SOBER,027,027
c:\Users\nagap\OneDrive\Documentos\Maestria\2025S\Phonetics TeamLab\ALC\ses4051,5784051028_h_00.wav,N,0.0,SOBER,028,028
c:\Users\nagap\OneDrive\Documentos\Maestria\2025S\Phonetics TeamLab\ALC\ses4051,5784051029_h_00.wav,N,0.0,SOBER,029,029
c:\Users\nagap\OneDrive\Documentos\Maestria\2025S\Phonetics TeamLab\ALC\ses4051,5784051030_h_00.wav,N,0.0,SOBER,030,030
c:\Users\nagap\OneDrive\Documentos\Maestria\2025S\Phonetics TeamLab\ALC\ses4051,5784051031_h_00.wav,N,0.0,SOBER,031,031
c:\Users\nagap\OneDrive\Documentos\Maestria\2025S\Phonetics TeamLab\ALC\ses4051,5784051032_h_00.wav,N,0.0,SOBER,032,032
c:\Users\nagap\OneDrive\Documentos\Maestria\2025S\Phonetics TeamLab\ALC\ses4051,5784051033_h_00.wav,N,0.0,SOBER,033,033
c:\Users\nagap\OneDrive\Documentos\Maestria\2025S\Phonetics TeamLab\ALC\ses4051,5784051034_h_00.wav,N,0.0,SOBER,034,034
c:\Users\nagap\OneDrive\Documentos\Maestria\2025S\Phonetics TeamLab\ALC\ses4051,5784051035_h_00.wav,N,0.0,SOBER,035,035
c:\Users\nagap\OneDrive\Documentos\Maestria\2025S\Phonetics TeamLab\ALC\ses4051,5784051036_h_00.wav,N,0.0,SOBER,036,036
c:\Users\nagap\OneDrive\Documentos\Maestria\2025S\Phonetics TeamLab\ALC\ses4051,5784051037_h_00.wav,N,0.0,SOBER,037,037
c:\Users\nagap\OneDrive\Documentos\Maestria\2025S\Phonetics TeamLab\ALC\ses4051,5784051038_h_00.wav,N,0.0,SOBER,038,038
c:\Users\nagap\OneDrive\Documentos\Maestria\2025S\Phonetics TeamLab\ALC\ses4051,5784051039_h_00.wav,N,0.0,SOBER,039,039
c:\Users\nagap\OneDrive\Documentos\Maestria\2025S\Phonetics TeamLab\ALC\ses4051,5784051040_h_00.wav,N,0.0,SOBER,040,040
c:\Users\nagap\OneDrive\Documentos\Maestria\2025S\Phonetics TeamLab\ALC\ses4051,5784051041_h_00.wav,N,0.0,SOBER,041,041
c:\Users\nagap\OneDrive\Documentos\Maestria\2025S\Phonetics TeamLab\ALC\ses4051,5784051042_h_00.wav,N,0.0,SOBER,042,042
c:\Users\nagap\OneDrive\Documentos\Maestria\2025S\Phonetics TeamLab\ALC\ses4051,5784051043_h_00.wav,N,0.0,SOBER,043,043
c:\Users\nagap\OneDrive\Documentos\Maestria\2025S\Phonetics TeamLab\ALC\ses4051,5784051044_h_00.wav,N,0.0,SOBER,044,044
c:\Users\nagap\OneDrive\Documentos\Maestria\2025S\Phonetics TeamLab\ALC\ses4051,5784051045_h_00.wav,N,0.0,SOBER,045,045
c:\Users\nagap\OneDrive\Documentos\Maestria\2025S\Phonetics TeamLab\ALC\ses4051,5784051046_h_00.wav,N,0.0,SOBER,046,046
c:\Users\nagap\OneDrive\Documentos\Maestria\2025S\Phonetics TeamLab\ALC\ses4051,5784051047_h_00.wav,N,0.0,SOBER,047,047
c:\Users\nagap\OneDrive\Documentos\Maestria\2025S\Phonetics TeamLab\ALC\ses4051,5784051048_h_00.wav,N,0.0,SOBER,048,048
c:\Users\nagap\OneDrive\Documentos\Maestria\2025S\Phonetics TeamLab\ALC\ses4051,5784051049_h_00.wav,N,0.0,SOBER,049,049
c:\Users\nagap\OneDrive\Documentos\Maestria\2025S\Phonetics TeamLab\ALC\ses4051,5784051050_h_00.wav,N,0.0,SOBER,050,050
c:\Users\nagap\OneDrive\Documentos\Maestria\2025S\Phonetics TeamLab\ALC\ses4051,5784051051_h_00.wav,N,0.0,SOBER,051,051
c:\Users\nagap\OneDrive\Documentos\Maestria\2025S\Phonetics TeamLab\ALC\ses4051,5784051052_h_00.wav,N,0.0,SOBER,052,052
c:\Users\nagap\OneDrive\Documentos\Maestria\2025S\Phonetics TeamLab\ALC\ses4051,5784051053_h_00.wav,N,0.0,SOBER,053,053
c:\Users\nagap\OneDrive\Documentos\Maestria\2025S\Phonetics TeamLab\ALC\ses4051,5784051054_h_00.wav,N,0.0,SOBER,054,054
c:\Users\nagap\OneDrive\Documentos\Maestria\2025S\Phonetics TeamLab\ALC\ses4051,5784051055_h_00.wav,N,0.0,SOBER,055,055
c:\Users\nagap\OneDrive\Documentos\Maestria\2025S\Phonetics TeamLab\ALC\ses4051,5784051056_h_00.wav,N,0.0,SOBER,056,056
c:\Users\nagap\OneDrive\Documentos\Maestria\2025S\Phonetics TeamLab\ALC\ses4051,5784051057_h_00.wav,N,0.0,SOBER,057,057
c:\Users\nagap\OneDrive\Documentos\Maestria\2025S\Phonetics TeamLab\ALC\ses4051,5784051058_h_00.wav,N,0.0,SOBER,058,058
c:\Users\nagap\OneDrive\Documentos\Maestria\2025S\Phonetics TeamLab\ALC\ses4051,5784051059_h_00.wav,N,0.0,SOBER,059,059
c:\Users\nagap\OneDrive\Documentos\Maestria\2025S\Phonetics TeamLab\ALC\ses4051,5784051060_h_00.wav,N,0.0,SOBER,060,060
c:\Users\nagap\OneDrive\Documentos\Maestria\2025S\Phonetics TeamLab\ALC\ses1010,0101010001_h_00.wav,A,0.00058,DRUNK,001,001
c:\Users\nagap\OneDrive\Documentos\Maestria\2025S\Phonetics TeamLab\ALC\ses1010,0101010002_h_00.wav,A,0.00058,DRUNK,002,034
c:\Users\nagap\OneDrive\Documentos\Maestria\2025S\Phonetics TeamLab\ALC\ses1010,0101010003_h_00.wav,A,0.00058,DRUNK,003,032
c:\Users\nagap\OneDrive\Documentos\Maestria\2025S\Phonetics TeamLab\ALC\ses1010,0101010004_h_00.wav,A,0.00058,DRUNK,004,061
c:\Users\nagap\OneDrive\Documentos\Maestria\2025S\Phonetics TeamLab\ALC\ses1010,0101010005_h_00.wav,A,0.00058,DRUNK,005,030
c:\Users\nagap\OneDrive\Documentos\Maestria\2025S\Phonetics TeamLab\ALC\ses1010,0101010006_h_00.wav,A,0.00058,DRUNK,006,026
c:\Users\nagap\OneDrive\Documentos\Maestria\2025S\Phonetics TeamLab\ALC\ses1010,0101010007_h_00.wav,A,0.00058,DRUNK,007,023
c:\Users\nagap\OneDrive\Documentos\Maestria\2025S\Phonetics TeamLab\ALC\ses1010,0101010008_h_00.wav,A,0.00058,DRUNK,008,008
c:\Users\nagap\OneDrive\Documentos\Maestria\2025S\Phonetics TeamLab\ALC\ses1010,0101010009_h_00.wav,A,0.00058,DRUNK,009,029
c:\Users\nagap\OneDrive\Documentos\Maestria\2025S\Phonetics TeamLab\ALC\ses1010,0101010010_h_00.wav,A,0.00058,DRUNK,010,010
c:\Users\nagap\OneDrive\Documentos\Maestria\2025S\Phonetics TeamLab\ALC\ses1010,0101010011_h_00.wav,A,0.00058,DRUNK,011,031
c:\Users\nagap\OneDrive\Documentos\Maestria\2025S\Phonetics TeamLab\ALC\ses1010,0101010012_h_00.wav,A,0.00058,DRUNK,012,012
c:\Users\nagap\OneDrive\Documentos\Maestria\2025S\Phonetics TeamLab\ALC\ses1010,0101010013_h_00.wav,A,0.00058,DRUNK,013,013
c:\Users\nagap\OneDrive\Documentos\Maestria\2025S\Phonetics TeamLab\ALC\ses1010,0101010014_h_00.wav,A,0.00058,DRUNK,014,014
c:\Users\nagap\OneDrive\Documentos\Maestria\2025S\Phonetics TeamLab\ALC\ses1010,0101010015_h_00.wav,A,0.00058,DRUNK,015,015
c:\Users\nagap\OneDrive\Documentos\Maestria\2025S\Phonetics TeamLab\ALC\ses1010,0101010016_h_00.wav,A,0.00058,DRUNK,016,036
c:\Users\nagap\OneDrive\Documentos\Maestria\2025S\Phonetics TeamLab\ALC\ses1010,0101010017_h_00.wav,A,0.00058,DRUNK,017,024
c:\Users\nagap\OneDrive\Documentos\Maestria\2025S\Phonetics TeamLab\ALC\ses1010,0101010018_h_00.wav,A,0.00058,DRUNK,018,038
c:\Users\nagap\OneDrive\Documentos\Maestria\2025S\Phonetics TeamLab\ALC\ses1010,0101010019_h_00.wav,A,0.00058,DRUNK,019,019
c:\Users\nagap\OneDrive\Documentos\Maestria\2025S\Phonetics TeamLab\ALC\ses1010,0101010020_h_00.wav,A,0.00058,DRUNK,020,020
c:\Users\nagap\OneDrive\Documentos\Maestria\2025S\Phonetics TeamLab\ALC\ses1010,0101010021_h_00.wav,A,0.00058,DRUNK,021,041
c:\Users\nagap\OneDrive\Documentos\Maestria\2025S\Phonetics TeamLab\ALC\ses1010,0101010022_h_00.wav,A,0.00058,DRUNK,022,042
c:\Users\nagap\OneDrive\Documentos\Maestria\2025S\Phonetics TeamLab\ALC\ses1010,0101010023_h_01.wav,A,0.00058,DRUNK,023,059
c:\Users\nagap\OneDrive\Documentos\Maestria\2025S\Phonetics TeamLab\ALC\ses1010,0101010024_h_00.wav,A,0.00058,DRUNK,024,051
c:\Users\nagap\OneDrive\Documentos\Maestria\2025S\Phonetics TeamLab\ALC\ses1010,0101010025_h_00.wav,A,0.00058,DRUNK,025,046
c:\Users\nagap\OneDrive\Documentos\Maestria\2025S\Phonetics TeamLab\ALC\ses1010,0101010026_h_00.wav,A,0.00058,DRUNK,026,055
c:\Users\nagap\OneDrive\Documentos\Maestria\2025S\Phonetics TeamLab\ALC\ses1010,0101010027_h_00.wav,A,0.00058,DRUNK,027,048
c:\Users\nagap\OneDrive\Documentos\Maestria\2025S\Phonetics TeamLab\ALC\ses1010,0101010028_h_00.wav,A,0.00058,DRUNK,028,049
c:\Users\nagap\OneDrive\Documentos\Maestria\2025S\Phonetics TeamLab\ALC\ses1010,0101010029_h_00.wav,A,0.00058,DRUNK,029,050
c:\Users\nagap\OneDrive\Documentos\Maestria\2025S\Phonetics TeamLab\ALC\ses1010,0101010030_h_00.wav,A,0.00058,DRUNK,030,060
c:\Users\nagap\OneDrive\Documentos\Maestria\2025S\Phonetics TeamLab\ALC\ses2010,0102010001_h_00.wav,N,0.0,SOBER,001,001
c:\Users\nagap\OneDrive\Documentos\Maestria\2025S\Phonetics TeamLab\ALC\ses2010,0102010002_h_00.wav,N,0.0,SOBER,002,002
c:\Users\nagap\OneDrive\Documentos\Maestria\2025S\Phonetics TeamLab\ALC\ses2010,0102010003_h_00.wav,N,0.0,SOBER,003,003
c:\Users\nagap\OneDrive\Documentos\Maestria\2025S\Phonetics TeamLab\ALC\ses2010,0102010004_h_00.wav,N,0.0,SOBER,004,004
c:\Users\nagap\OneDrive\Documentos\Maestria\2025S\Phonetics TeamLab\ALC\ses2010,0102010005_h_00.wav,N,0.0,SOBER,005,005
c:\Users\nagap\OneDrive\Documentos\Maestria\2025S\Phonetics TeamLab\ALC\ses2010,0102010006_h_00.wav,N,0.0,SOBER,006,006
c:\Users\nagap\OneDrive\Documentos\Maestria\2025S\Phonetics TeamLab\ALC\ses2010,0102010007_h_00.wav,N,0.0,SOBER,007,007
c:\Users\nagap\OneDrive\Documentos\Maestria\2025S\Phonetics TeamLab\ALC\ses2010,0102010008_h_00.wav,N,0.0,SOBER,008,008
c:\Users\nagap\OneDrive\Documentos\Maestria\2025S\Phonetics TeamLab\ALC\ses2010,0102010009_h_00.wav,N,0.0,SOBER,009,009
c:\Users\nagap\OneDrive\Documentos\Maestria\2025S\Phonetics TeamLab\ALC\ses2010,0102010010_h_00.wav,N,0.0,SOBER,010,010
c:\Users\nagap\OneDrive\Documentos\Maestria\2025S\Phonetics TeamLab\ALC\ses2010,0102010011_h_00.wav,N,0.0,SOBER,011,011
c:\Users\nagap\OneDrive\Documentos\Maestria\2025S\Phonetics TeamLab\ALC\ses2010,0102010012_h_00.wav,N,0.0,SOBER,012,012
c:\Users\nagap\OneDrive\Documentos\Maestria\2025S\Phonetics TeamLab\ALC\ses2010,0102010013_h_00.wav,N,0.0,SOBER,013,013
c:\Users\nagap\OneDrive\Documentos\Maestria\2025S\Phonetics TeamLab\ALC\ses2010,0102010014_h_00.wav,N,0.0,SOBER,014,014
c:\Users\nagap\OneDrive\Documentos\Maestria\2025S\Phonetics TeamLab\ALC\ses2010,0102010015_h_00.wav,N,0.0,SOBER,015,015
c:\Users\nagap\OneDrive\Documentos\Maestria\2025S\Phonetics TeamLab\ALC\ses2010,0102010016_h_00.wav,N,0.0,SOBER,016,016
c:\Users\nagap\OneDrive\Documentos\Maestria\2025S\Phonetics TeamLab\ALC\ses2010,0102010017_h_00.wav,N,0.0,SOBER,017,017
c:\Users\nagap\OneDrive\Documentos\Maestria\2025S\Phonetics TeamLab\ALC\ses2010,0102010018_h_00.wav,N,0.0,SOBER,018,018
c:\Users\nagap\OneDrive\Documentos\Maestria\2025S\Phonetics TeamLab\ALC\ses2010,0102010019_h_00.wav,N,0.0,SOBER,019,019
c:\Users\nagap\OneDrive\Documentos\Maestria\2025S\Phonetics TeamLab\ALC\ses2010,0102010020_h_00.wav,N,0.0,SOBER,020,020
c:\Users\nagap\OneDrive\Documentos\Maestria\2025S\Phonetics TeamLab\ALC\ses2010,0102010021_h_00.wav,N,0.0,SOBER,021,021
c:\Users\nagap\OneDrive\Documentos\Maestria\2025S\Phonetics TeamLab\ALC\ses2010,0102010022_h_00.wav,N,0.0,SOBER,022,022
c:\Users\nagap\OneDrive\Documentos\Maestria\2025S\Phonetics TeamLab\ALC\ses2010,0102010023_h_00.wav,N,0.0,SOBER,023,023
c:\Users\nagap\OneDrive\Documentos\Maestria\2025S\Phonetics TeamLab\ALC\ses2010,0102010024_h_00.wav,N,0.0,SOBER,024,024
c:\Users\nagap\OneDrive\Documentos\Maestria\2025S\Phonetics TeamLab\ALC\ses2010,0102010025_h_00.wav,N,0.0,SOBER,025,025
c:\Users\nagap\OneDrive\Documentos\Maestria\2025S\Phonetics TeamLab\ALC\ses2010,0102010026_h_00.wav,N,0.0,SOBER,026,026
c:\Users\nagap\OneDrive\Documentos\Maestria\2025S\Phonetics TeamLab\ALC\ses2010,0102010027_h_00.wav,N,0.0,SOBER,027,027
c:\Users\nagap\OneDrive\Documentos\Maestria\2025S\Phonetics TeamLab\ALC\ses2010,0102010028_h_00.wav,N,0.0,SOBER,028,028
c:\Users\nagap\OneDrive\Documentos\Maestria\2025S\Phonetics TeamLab\ALC\ses2010,0102010029_h_00.wav,N,0.0,SOBER,029,029
c:\Users\nagap\OneDrive\Documentos\Maestria\2025S\Phonetics TeamLab\ALC\ses2010,0102010030_h_00.wav,N,0.0,SOBER,030,030
c:\Users\nagap\OneDrive\Documentos\Maestria\2025S\Phonetics TeamLab\ALC\ses2010,0102010031_h_00.wav,N,0.0,SOBER,031,031
c:\Users\nagap\OneDrive\Documentos\Maestria\2025S\Phonetics TeamLab\ALC\ses2010,0102010032_h_00.wav,N,0.0,SOBER,032,032
c:\Users\nagap\OneDrive\Documentos\Maestria\2025S\Phonetics TeamLab\ALC\ses2010,0102010033_h_00.wav,N,0.0,SOBER,033,033
c:\Users\nagap\OneDrive\Documentos\Maestria\2025S\Phonetics TeamLab\ALC\ses2010,0102010034_h_00.wav,N,0.0,SOBER,034,034
c:\Users\nagap\OneDrive\Documentos\Maestria\2025S\Phonetics TeamLab\ALC\ses2010,0102010035_h_00.wav,N,0.0,SOBER,035,035
c:\Users\nagap\OneDrive\Documentos\Maestria\2025S\Phonetics TeamLab\ALC\ses2010,0102010036_h_00.wav,N,0.0,SOBER,036,036
c:\Users\nagap\OneDrive\Documentos\Maestria\2025S\Phonetics TeamLab\ALC\ses2010,0102010037_h_00.wav,N,0.0,SOBER,037,037
c:\Users\nagap\OneDrive\Documentos\Maestria\2025S\Phonetics TeamLab\ALC\ses2010,0102010038_h_00.wav,N,0.0,SOBER,038,038
c:\Users\nagap\OneDrive\Documentos\Maestria\2025S\Phonetics TeamLab\ALC\ses2010,0102010039_h_00.wav,N,0.0,SOBER,039,039
c:\Users\nagap\OneDrive\Documentos\Maestria\2025S\Phonetics TeamLab\ALC\ses2010,0102010040_h_00.wav,N,0.0,SOBER,040,040
c:\Users\nagap\OneDrive\Documentos\Maestria\2025S\Phonetics TeamLab\ALC\ses2010,0102010041_h_00.wav,N,0.0,SOBER,041,041
c:\Users\nagap\OneDrive\Documentos\Maestria\2025S\Phonetics TeamLab\ALC\ses2010,0102010042_h_00.wav,N,0.0,SOBER,042,042
c:\Users\nagap\OneDrive\Documentos\Maestria\2025S\Phonetics TeamLab\ALC\ses2010,0102010043_h_00.wav,N,0.0,SOBER,043,043
c:\Users\nagap\OneDrive\Documentos\Maestria\2025S\Phonetics TeamLab\ALC\ses2010,0102010044_h_00.wav,N,0.0,SOBER,044,044
c:\Users\nagap\OneDrive\Documentos\Maestria\2025S\Phonetics TeamLab\ALC\ses2010,0102010045_h_00.wav,N,0.0,SOBER,045,045
c:\Users\nagap\OneDrive\Documentos\Maestria\2025S\Phonetics TeamLab\ALC\ses2010,0102010046_h_00.wav,N,0.0,SOBER,046,046
c:\Users\nagap\OneDrive\Documentos\Maestria\2025S\Phonetics TeamLab\ALC\ses2010,0102010047_h_00.wav,N,0.0,SOBER,047,047
c:\Users\nagap\OneDrive\Documentos\Maestria\2025S\Phonetics TeamLab\ALC\ses2010,0102010048_h_00.wav,N,0.0,SOBER,048,048
c:\Users\nagap\OneDrive\Documentos\Maestria\2025S\Phonetics TeamLab\ALC\ses2010,0102010049_h_00.wav,N,0.0,SOBER,049,049
c:\Users\nagap\OneDrive\Documentos\Maestria\2025S\Phonetics TeamLab\ALC\ses2010,0102010050_h_00.wav,N,0.0,SOBER,050,050
c:\Users\nagap\OneDrive\Documentos\Maestria\2025S\Phonetics TeamLab\ALC\ses2010,0102010051_h_00.wav,N,0.0,SOBER,051,051
c:\Users\nagap\OneDrive\Documentos\Maestria\2025S\Phonetics TeamLab\ALC\ses2010,0102010052_h_00.wav,N,0.0,SOBER,052,052
c:\Users\nagap\OneDrive\Documentos\Maestria\2025S\Phonetics TeamLab\ALC\ses2010,0102010053_h_00.wav,N,0.0,SOBER,053,053
c:\Users\nagap\OneDrive\Documentos\Maestria\2025S\Phonetics TeamLab\ALC\ses2010,0102010054_h_00.wav,N,0.0,SOBER,054,054
c:\Users\nagap\OneDrive\Documentos\Maestria\2025S\Phonetics TeamLab\ALC\ses2010,0102010055_h_00.wav,N,0.0,SOBER,055,055
c:\Users\nagap\OneDrive\Documentos\Maestria\2025S\Phonetics TeamLab\ALC\ses2010,0102010056_h_00.wav,N,0.0,SOBER,056,056
c:\Users\nagap\OneDrive\Documentos\Maestria\2025S\Phonetics TeamLab\ALC\ses2010,0102010057_h_00.wav,N,0.0,SOBER,057,057
c:\Users\nagap\OneDrive\Documentos\Maestria\2025S\Phonetics TeamLab\ALC\ses2010,0102010058_h_00.wav,N,0.0,SOBER,058,058
c:\Users\nagap\OneDrive\Documentos\Maestria\2025S\Phonetics TeamLab\ALC\ses2010,0102010059_h_00.wav,N,0.0,SOBER,059,059
c:\Users\nagap\OneDrive\Documentos\Maestria\2025S\Phonetics TeamLab\ALC\ses2010,0102010060_h_00.wav,N,0.0,SOBER,060,060
c:\Users\nagap\OneDrive\Documentos\Maestria\2025S\Phonetics TeamLab\ALC\ses3088,5873088001_h_00.wav,A,0.00083,DRUNK,001,001
c:\Users\nagap\OneDrive\Documentos\Maestria\2025S\Phonetics TeamLab\ALC\ses3088,5873088002_h_00.wav,A,0.00083,DRUNK,002,034
c:\Users\nagap\OneDrive\Documentos\Maestria\2025S\Phonetics TeamLab\ALC\ses3088,5873088003_h_00.wav,A,0.00083,DRUNK,003,032
c:\Users\nagap\OneDrive\Documentos\Maestria\2025S\Phonetics TeamLab\ALC\ses3088,5873088004_h_00.wav,A,0.00083,DRUNK,004,061
c:\Users\nagap\OneDrive\Documentos\Maestria\2025S\Phonetics TeamLab\ALC\ses3088,5873088005_h_00.wav,A,0.00083,DRUNK,005,030
c:\Users\nagap\OneDrive\Documentos\Maestria\2025S\Phonetics TeamLab\ALC\ses3088,5873088006_h_00.wav,A,0.00083,DRUNK,006,026
c:\Users\nagap\OneDrive\Documentos\Maestria\2025S\Phonetics TeamLab\ALC\ses3088,5873088007_h_00.wav,A,0.00083,DRUNK,007,023
c:\Users\nagap\OneDrive\Documentos\Maestria\2025S\Phonetics TeamLab\ALC\ses3088,5873088008_h_00.wav,A,0.00083,DRUNK,008,008
c:\Users\nagap\OneDrive\Documentos\Maestria\2025S\Phonetics TeamLab\ALC\ses3088,5873088009_h_00.wav,A,0.00083,DRUNK,009,029
c:\Users\nagap\OneDrive\Documentos\Maestria\2025S\Phonetics TeamLab\ALC\ses3088,5873088010_h_00.wav,A,0.00083,DRUNK,010,010
c:\Users\nagap\OneDrive\Documentos\Maestria\2025S\Phonetics TeamLab\ALC\ses3088,5873088011_h_00.wav,A,0.00083,DRUNK,011,031
c:\Users\nagap\OneDrive\Documentos\Maestria\2025S\Phonetics TeamLab\ALC\ses3088,5873088012_h_00.wav,A,0.00083,DRUNK,012,012
c:\Users\nagap\OneDrive\Documentos\Maestria\2025S\Phonetics TeamLab\ALC\ses3088,5873088013_h_00.wav,A,0.00083,DRUNK,013,013
c:\Users\nagap\OneDrive\Documentos\Maestria\2025S\Phonetics TeamLab\ALC\ses3088,5873088014_h_00.wav,A,0.00083,DRUNK,014,014
c:\Users\nagap\OneDrive\Documentos\Maestria\2025S\Phonetics TeamLab\ALC\ses3088,5873088015_h_00.wav,A,0.00083,DRUNK,015,015
c:\Users\nagap\OneDrive\Documentos\Maestria\2025S\Phonetics TeamLab\ALC\ses3088,5873088016_h_00.wav,A,0.00083,DRUNK,016,036
c:\Users\nagap\OneDrive\Documentos\Maestria\2025S\Phonetics TeamLab\ALC\ses3088,5873088017_h_00.wav,A,0.00083,DRUNK,017,024
c:\Users\nagap\OneDrive\Documentos\Maestria\2025S\Phonetics TeamLab\ALC\ses3088,5873088018_h_00.wav,A,0.00083,DRUNK,018,038
c:\Users\nagap\OneDrive\Documentos\Maestria\2025S\Phonetics TeamLab\ALC\ses3088,5873088019_h_00.wav,A,0.00083,DRUNK,019,019
c:\Users\nagap\OneDrive\Documentos\Maestria\2025S\Phonetics TeamLab\ALC\ses3088,5873088020_h_00.wav,A,0.00083,DRUNK,020,020
c:\Users\nagap\OneDrive\Documentos\Maestria\2025S\Phonetics TeamLab\ALC\ses3088,5873088021_h_00.wav,A,0.00083,DRUNK,021,041
c:\Users\nagap\OneDrive\Documentos\Maestria\2025S\Phonetics TeamLab\ALC\ses3088,5873088022_h_00.wav,A,0.00083,DRUNK,022,042
c:\Users\nagap\OneDrive\Documentos\Maestria\2025S\Phonetics TeamLab\ALC\ses3088,5873088023_h_00.wav,A,0.00083,DRUNK,023,059
c:\Users\nagap\OneDrive\Documentos\Maestria\2025S\Phonetics TeamLab\ALC\ses3088,5873088024_h_00.wav,A,0.00083,DRUNK,024,051
c:\Users\nagap\OneDrive\Documentos\Maestria\2025S\Phonetics TeamLab\ALC\ses3088,5873088025_h_00.wav,A,0.00083,DRUNK,025,046
c:\Users\nagap\OneDrive\Documentos\Maestria\2025S\Phonetics TeamLab\ALC\ses3088,5873088026_h_00.wav,A,0.00083,DRUNK,026,055
c:\Users\nagap\OneDrive\Documentos\Maestria\2025S\Phonetics TeamLab\ALC\ses3088,5873088027_h_00.wav,A,0.00083,DRUNK,027,048
c:\Users\nagap\OneDrive\Documentos\Maestria\2025S\Phonetics TeamLab\ALC\ses3088,5873088028_h_00.wav,A,0.00083,DRUNK,028,049
c:\Users\nagap\OneDrive\Documentos\Maestria\2025S\Phonetics TeamLab\ALC\ses3088,5873088029_h_00.wav,A,0.00083,DRUNK,029,050
c:\Users\nagap\OneDrive\Documentos\Maestria\2025S\Phonetics TeamLab\ALC\ses3088,5873088030_h_00.wav,A,0.00083,DRUNK,030,060
c:\Users\nagap\OneDrive\Documentos\Maestria\2025S\Phonetics TeamLab\ALC\ses4073,5874073001_h_00.wav,N,0.0,SOBER,001,001
c:\Users\nagap\OneDrive\Documentos\Maestria\2025S\Phonetics TeamLab\ALC\ses4073,5874073002_h_00.wav,N,0.0,SOBER,002,002
c:\Users\nagap\OneDrive\Documentos\Maestria\2025S\Phonetics TeamLab\ALC\ses4073,5874073003_h_00.wav,N,0.0,SOBER,003,003
c:\Users\nagap\OneDrive\Documentos\Maestria\2025S\Phonetics TeamLab\ALC\ses4073,5874073004_h_00.wav,N,0.0,SOBER,004,004
c:\Users\nagap\OneDrive\Documentos\Maestria\2025S\Phonetics TeamLab\ALC\ses4073,5874073005_h_00.wav,N,0.0,SOBER,005,005
c:\Users\nagap\OneDrive\Documentos\Maestria\2025S\Phonetics TeamLab\ALC\ses4073,5874073006_h_00.wav,N,0.0,SOBER,006,006
c:\Users\nagap\OneDrive\Documentos\Maestria\2025S\Phonetics TeamLab\ALC\ses4073,5874073007_h_00.wav,N,0.0,SOBER,007,007
c:\Users\nagap\OneDrive\Documentos\Maestria\2025S\Phonetics TeamLab\ALC\ses4073,5874073008_h_00.wav,N,0.0,SOBER,008,008
c:\Users\nagap\OneDrive\Documentos\Maestria\2025S\Phonetics TeamLab\ALC\ses4073,5874073009_h_00.wav,N,0.0,SOBER,009,009
c:\Users\nagap\OneDrive\Documentos\Maestria\2025S\Phonetics TeamLab\ALC\ses4073,5874073010_h_00.wav,N,0.0,SOBER,010,010
c:\Users\nagap\OneDrive\Documentos\Maestria\2025S\Phonetics TeamLab\ALC\ses4073,5874073011_h_00.wav,N,0.0,SOBER,011,011
c:\Users\nagap\OneDrive\Documentos\Maestria\2025S\Phonetics TeamLab\ALC\ses4073,5874073012_h_00.wav,N,0.0,SOBER,012,012
c:\Users\nagap\OneDrive\Documentos\Maestria\2025S\Phonetics TeamLab\ALC\ses4073,5874073013_h_00.wav,N,0.0,SOBER,013,013
c:\Users\nagap\OneDrive\Documentos\Maestria\2025S\Phonetics TeamLab\ALC\ses4073,5874073014_h_00.wav,N,0.0,SOBER,014,014
c:\Users\nagap\OneDrive\Documentos\Maestria\2025S\Phonetics TeamLab\ALC\ses4073,5874073015_h_00.wav,N,0.0,SOBER,015,015
c:\Users\nagap\OneDrive\Documentos\Maestria\2025S\Phonetics TeamLab\ALC\ses4073,5874073016_h_00.wav,N,0.0,SOBER,016,016
c:\Users\nagap\OneDrive\Documentos\Maestria\2025S\Phonetics TeamLab\ALC\ses4073,5874073017_h_00.wav,N,0.0,SOBER,017,017
c:\Users\nagap\OneDrive\Documentos\Maestria\2025S\Phonetics TeamLab\ALC\ses4073,5874073018_h_00.wav,N,0.0,SOBER,018,018
c:\Users\nagap\OneDrive\Documentos\Maestria\2025S\Phonetics TeamLab\ALC\ses4073,5874073019_h_00.wav,N,0.0,SOBER,019,019
c:\Users\nagap\OneDrive\Documentos\Maestria\2025S\Phonetics TeamLab\ALC\ses4073,5874073020_h_00.wav,N,0.0,SOBER,020,020
c:\Users\nagap\OneDrive\Documentos\Maestria\2025S\Phonetics TeamLab\ALC\ses4073,5874073021_h_00.wav,N,0.0,SOBER,021,021
c:\Users\nagap\OneDrive\Documentos\Maestria\2025S\Phonetics TeamLab\ALC\ses4073,5874073022_h_00.wav,N,0.0,SOBER,022,022
c:\Users\nagap\OneDrive\Documentos\Maestria\2025S\Phonetics TeamLab\ALC\ses4073,5874073023_h_00.wav,N,0.0,SOBER,023,023
c:\Users\nagap\OneDrive\Documentos\Maestria\2025S\Phonetics TeamLab\ALC\ses4073,5874073024_h_00.wav,N,0.0,SOBER,024,024
c:\Users\nagap\OneDrive\Documentos\Maestria\2025S\Phonetics TeamLab\ALC\ses4073,5874073025_h_00.wav,N,0.0,SOBER,025,025
c:\Users\nagap\OneDrive\Documentos\Maestria\2025S\Phonetics TeamLab\ALC\ses4073,5874073026_h_00.wav,N,0.0,SOBER,026,026
c:\Users\nagap\OneDrive\Documentos\Maestria\2025S\Phonetics TeamLab\ALC\ses4073,5874073027_h_00.wav,N,0.0,SOBER,027,027
c:\Users\nagap\OneDrive\Documentos\Maestria\2025S\Phonetics TeamLab\ALC\ses4073,5874073028_h_00.wav,N,0.0,SOBER,028,028
c:\Users\nagap\OneDrive\Documentos\Maestria\2025S\Phonetics TeamLab\ALC\ses4073,5874073029_h_00.wav,N,0.0,SOBER,029,029
c:\Users\nagap\OneDrive\Documentos\Maestria\2025S\Phonetics TeamLab\ALC\ses4073,5874073030_h_00.wav,N,0.0,SOBER,030,030
c:\Users\nagap\OneDrive\Documentos\Maestria\2025S\Phonetics TeamLab\ALC\ses4073,5874073031_h_00.wav,N,0.0,SOBER,031,031
c:\Users\nagap\OneDrive\Documentos\Maestria\2025S\Phonetics TeamLab\ALC\ses4073,5874073032_h_00.wav,N,0.0,SOBER,032,032
c:\Users\nagap\OneDrive\Documentos\Maestria\2025S\Phonetics TeamLab\ALC\ses4073,5874073033_h_00.wav,N,0.0,SOBER,033,033
c:\Users\nagap\OneDrive\Documentos\Maestria\2025S\Phonetics TeamLab\ALC\ses4073,5874073034_h_00.wav,N,0.0,SOBER,034,034
c:\Users\nagap\OneDrive\Documentos\Maestria\2025S\Phonetics TeamLab\ALC\ses4073,5874073035_h_00.wav,N,0.0,SOBER,035,035
c:\Users\nagap\OneDrive\Documentos\Maestria\2025S\Phonetics TeamLab\ALC\ses4073,5874073036_h_00.wav,N,0.0,SOBER,036,036
c:\Users\nagap\OneDrive\Documentos\Maestria\2025S\Phonetics TeamLab\ALC\ses4073,5874073037_h_00.wav,N,0.0,SOBER,037,037
c:\Users\nagap\OneDrive\Documentos\Maestria\2025S\Phonetics TeamLab\ALC\ses4073,5874073038_h_00.wav,N,0.0,SOBER,038,038
c:\Users\nagap\OneDrive\Documentos\Maestria\2025S\Phonetics TeamLab\ALC\ses4073,5874073039_h_00.wav,N,0.0,SOBER,039,039
c:\Users\nagap\OneDrive\Documentos\Maestria\2025S\Phonetics TeamLab\ALC\ses4073,5874073040_h_00.wav,N,0.0,SOBER,040,040
c:\Users\nagap\OneDrive\Documentos\Maestria\2025S\Phonetics TeamLab\ALC\ses4073,5874073041_h_00.wav,N,0.0,SOBER,041,041
c:\Users\nagap\OneDrive\Documentos\Maestria\2025S\Phonetics TeamLab\ALC\ses4073,5874073042_h_00.wav,N,0.0,SOBER,042,042
c:\Users\nagap\OneDrive\Documentos\Maestria\2025S\Phonetics TeamLab\ALC\ses4073,5874073043_h_00.wav,N,0.0,SOBER,043,043
c:\Users\nagap\OneDrive\Documentos\Maestria\2025S\Phonetics TeamLab\ALC\ses4073,5874073044_h_00.wav,N,0.0,SOBER,044,044
c:\Users\nagap\OneDrive\Documentos\Maestria\2025S\Phonetics TeamLab\ALC\ses4073,5874073045_h_00.wav,N,0.0,SOBER,045,045
c:\Users\nagap\OneDrive\Documentos\Maestria\2025S\Phonetics TeamLab\ALC\ses4073,5874073046_h_00.wav,N,0.0,SOBER,046,046
c:\Users\nagap\OneDrive\Documentos\Maestria\2025S\Phonetics TeamLab\ALC\ses4073,5874073047_h_00.wav,N,0.0,SOBER,047,047
c:\Users\nagap\OneDrive\Documentos\Maestria\2025S\Phonetics TeamLab\ALC\ses4073,5874073048_h_00.wav,N,0.0,SOBER,048,048
c:\Users\nagap\OneDrive\Documentos\Maestria\2025S\Phonetics TeamLab\ALC\ses4073,5874073049_h_00.wav,N,0.0,SOBER,049,049
c:\Users\nagap\OneDrive\Documentos\Maestria\2025S\Phonetics TeamLab\ALC\ses4073,5874073050_h_00.wav,N,0.0,SOBER,050,050
c:\Users\nagap\OneDrive\Documentos\Maestria\2025S\Phonetics TeamLab\ALC\ses4073,5874073051_h_00.wav,N,0.0,SOBER,051,051
c:\Users\nagap\OneDrive\Documentos\Maestria\2025S\Phonetics TeamLab\ALC\ses4073,5874073052_h_00.wav,N,0.0,SOBER,052,052
c:\Users\nagap\OneDrive\Documentos\Maestria\2025S\Phonetics TeamLab\ALC\ses4073,5874073053_h_00.wav,N,0.0,SOBER,053,053
c:\Users\nagap\OneDrive\Documentos\Maestria\2025S\Phonetics TeamLab\ALC\ses4073,5874073054_h_00.wav,N,0.0,SOBER,054,054
c:\Users\nagap\OneDrive\Documentos\Maestria\2025S\Phonetics TeamLab\ALC\ses4073,5874073055_h_00.wav,N,0.0,SOBER,055,055
c:\Users\nagap\OneDrive\Documentos\Maestria\2025S\Phonetics TeamLab\ALC\ses4073,5874073056_h_00.wav,N,0.0,SOBER,056,056
c:\Users\nagap\OneDrive\Documentos\Maestria\2025S\Phonetics TeamLab\ALC\ses4073,5874073057_h_00.wav,N,0.0,SOBER,057,057
c:\Users\nagap\OneDrive\Documentos\Maestria\2025S\Phonetics TeamLab\ALC\ses4073,5874073058_h_00.wav,N,0.0,SOBER,058,058
c:\Users\nagap\OneDrive\Documentos\Maestria\2025S\Phonetics TeamLab\ALC\ses4073,5874073059_h_00.wav,N,0.0,SOBER,059,059
c:\Users\nagap\OneDrive\Documentos\Maestria\2025S\Phonetics TeamLab\ALC\ses4073,5874073060_h_00.wav,N,0.0,SOBER,060,060
c:\Users\nagap\OneDrive\Documentos\Maestria\2025S\Phonetics TeamLab\ALC\ses3057,5563057001_h_00.wav,A,0.00117,DRUNK,001,001
c:\Users\nagap\OneDrive\Documentos\Maestria\2025S\Phonetics TeamLab\ALC\ses3057,5563057002_h_00.wav,A,0.00117,DRUNK,002,034
c:\Users\nagap\OneDrive\Documentos\Maestria\2025S\Phonetics TeamLab\ALC\ses3057,5563057003_h_00.wav,A,0.00117,DRUNK,003,032
c:\Users\nagap\OneDrive\Documentos\Maestria\2025S\Phonetics TeamLab\ALC\ses3057,5563057004_h_01.wav,A,0.00117,DRUNK,004,061
c:\Users\nagap\OneDrive\Documentos\Maestria\2025S\Phonetics TeamLab\ALC\ses3057,5563057005_h_00.wav,A,0.00117,DRUNK,005,030
c:\Users\nagap\OneDrive\Documentos\Maestria\2025S\Phonetics TeamLab\ALC\ses3057,5563057006_h_00.wav,A,0.00117,DRUNK,006,026
c:\Users\nagap\OneDrive\Documentos\Maestria\2025S\Phonetics TeamLab\ALC\ses3057,5563057007_h_00.wav,A,0.00117,DRUNK,007,023
c:\Users\nagap\OneDrive\Documentos\Maestria\2025S\Phonetics TeamLab\ALC\ses3057,5563057008_h_00.wav,A,0.00117,DRUNK,008,008
c:\Users\nagap\OneDrive\Documentos\Maestria\2025S\Phonetics TeamLab\ALC\ses3057,5563057009_h_00.wav,A,0.00117,DRUNK,009,029
c:\Users\nagap\OneDrive\Documentos\Maestria\2025S\Phonetics TeamLab\ALC\ses3057,5563057010_h_00.wav,A,0.00117,DRUNK,010,010
c:\Users\nagap\OneDrive\Documentos\Maestria\2025S\Phonetics TeamLab\ALC\ses3057,5563057011_h_00.wav,A,0.00117,DRUNK,011,031
c:\Users\nagap\OneDrive\Documentos\Maestria\2025S\Phonetics TeamLab\ALC\ses3057,5563057012_h_00.wav,A,0.00117,DRUNK,012,012
c:\Users\nagap\OneDrive\Documentos\Maestria\2025S\Phonetics TeamLab\ALC\ses3057,5563057013_h_00.wav,A,0.00117,DRUNK,013,013
c:\Users\nagap\OneDrive\Documentos\Maestria\2025S\Phonetics TeamLab\ALC\ses3057,5563057014_h_00.wav,A,0.00117,DRUNK,014,014
c:\Users\nagap\OneDrive\Documentos\Maestria\2025S\Phonetics TeamLab\ALC\ses3057,5563057015_h_00.wav,A,0.00117,DRUNK,015,015
c:\Users\nagap\OneDrive\Documentos\Maestria\2025S\Phonetics TeamLab\ALC\ses3057,5563057016_h_00.wav,A,0.00117,DRUNK,016,036
c:\Users\nagap\OneDrive\Documentos\Maestria\2025S\Phonetics TeamLab\ALC\ses3057,5563057017_h_00.wav,A,0.00117,DRUNK,017,024
c:\Users\nagap\OneDrive\Documentos\Maestria\2025S\Phonetics TeamLab\ALC\ses3057,5563057018_h_00.wav,A,0.00117,DRUNK,018,038
c:\Users\nagap\OneDrive\Documentos\Maestria\2025S\Phonetics TeamLab\ALC\ses3057,5563057019_h_00.wav,A,0.00117,DRUNK,019,019
c:\Users\nagap\OneDrive\Documentos\Maestria\2025S\Phonetics TeamLab\ALC\ses3057,5563057020_h_00.wav,A,0.00117,DRUNK,020,020
c:\Users\nagap\OneDrive\Documentos\Maestria\2025S\Phonetics TeamLab\ALC\ses3057,5563057021_h_00.wav,A,0.00117,DRUNK,021,041
c:\Users\nagap\OneDrive\Documentos\Maestria\2025S\Phonetics TeamLab\ALC\ses3057,5563057022_h_00.wav,A,0.00117,DRUNK,022,042
c:\Users\nagap\OneDrive\Documentos\Maestria\2025S\Phonetics TeamLab\ALC\ses3057,5563057023_h_00.wav,A,0.00117,DRUNK,023,059
c:\Users\nagap\OneDrive\Documentos\Maestria\2025S\Phonetics TeamLab\ALC\ses3057,5563057024_h_00.wav,A,0.00117,DRUNK,024,051
c:\Users\nagap\OneDrive\Documentos\Maestria\2025S\Phonetics TeamLab\ALC\ses3057,5563057025_h_00.wav,A,0.00117,DRUNK,025,046
c:\Users\nagap\OneDrive\Documentos\Maestria\2025S\Phonetics TeamLab\ALC\ses3057,5563057026_h_00.wav,A,0.00117,DRUNK,026,055
c:\Users\nagap\OneDrive\Documentos\Maestria\2025S\Phonetics TeamLab\ALC\ses3057,5563057027_h_00.wav,A,0.00117,DRUNK,027,048
c:\Users\nagap\OneDrive\Documentos\Maestria\2025S\Phonetics TeamLab\ALC\ses3057,5563057028_h_00.wav,A,0.00117,DRUNK,028,049
c:\Users\nagap\OneDrive\Documentos\Maestria\2025S\Phonetics TeamLab\ALC\ses3057,5563057029_h_00.wav,A,0.00117,DRUNK,029,050
c:\Users\nagap\OneDrive\Documentos\Maestria\2025S\Phonetics TeamLab\ALC\ses3057,5563057030_h_00.wav,A,0.00117,DRUNK,030,060
c:\Users\nagap\OneDrive\Documentos\Maestria\2025S\Phonetics TeamLab\ALC\ses4042,5564042001_h_00.wav,N,0.0,SOBER,001,001
c:\Users\nagap\OneDrive\Documentos\Maestria\2025S\Phonetics TeamLab\ALC\ses4042,5564042002_h_00.wav,N,0.0,SOBER,002,002
c:\Users\nagap\OneDrive\Documentos\Maestria\2025S\Phonetics TeamLab\ALC\ses4042,5564042003_h_00.wav,N,0.0,SOBER,003,003
c:\Users\nagap\OneDrive\Documentos\Maestria\2025S\Phonetics TeamLab\ALC\ses4042,5564042004_h_00.wav,N,0.0,SOBER,004,004
c:\Users\nagap\OneDrive\Documentos\Maestria\2025S\Phonetics TeamLab\ALC\ses4042,5564042005_h_00.wav,N,0.0,SOBER,005,005
c:\Users\nagap\OneDrive\Documentos\Maestria\2025S\Phonetics TeamLab\ALC\ses4042,5564042006_h_00.wav,N,0.0,SOBER,006,006
c:\Users\nagap\OneDrive\Documentos\Maestria\2025S\Phonetics TeamLab\ALC\ses4042,5564042007_h_00.wav,N,0.0,SOBER,007,007
c:\Users\nagap\OneDrive\Documentos\Maestria\2025S\Phonetics TeamLab\ALC\ses4042,5564042008_h_00.wav,N,0.0,SOBER,008,008
c:\Users\nagap\OneDrive\Documentos\Maestria\2025S\Phonetics TeamLab\ALC\ses4042,5564042009_h_00.wav,N,0.0,SOBER,009,009
c:\Users\nagap\OneDrive\Documentos\Maestria\2025S\Phonetics TeamLab\ALC\ses4042,5564042010_h_00.wav,N,0.0,SOBER,010,010
c:\Users\nagap\OneDrive\Documentos\Maestria\2025S\Phonetics TeamLab\ALC\ses4042,5564042011_h_00.wav,N,0.0,SOBER,011,011
c:\Users\nagap\OneDrive\Documentos\Maestria\2025S\Phonetics TeamLab\ALC\ses4042,5564042012_h_00.wav,N,0.0,SOBER,012,012
c:\Users\nagap\OneDrive\Documentos\Maestria\2025S\Phonetics TeamLab\ALC\ses4042,5564042013_h_00.wav,N,0.0,SOBER,013,013
c:\Users\nagap\OneDrive\Documentos\Maestria\2025S\Phonetics TeamLab\ALC\ses4042,5564042014_h_00.wav,N,0.0,SOBER,014,014
c:\Users\nagap\OneDrive\Documentos\Maestria\2025S\Phonetics TeamLab\ALC\ses4042,5564042015_h_00.wav,N,0.0,SOBER,015,015
c:\Users\nagap\OneDrive\Documentos\Maestria\2025S\Phonetics TeamLab\ALC\ses4042,5564042016_h_00.wav,N,0.0,SOBER,016,016
c:\Users\nagap\OneDrive\Documentos\Maestria\2025S\Phonetics TeamLab\ALC\ses4042,5564042017_h_00.wav,N,0.0,SOBER,017,017
c:\Users\nagap\OneDrive\Documentos\Maestria\2025S\Phonetics TeamLab\ALC\ses4042,5564042018_h_00.wav,N,0.0,SOBER,018,018
c:\Users\nagap\OneDrive\Documentos\Maestria\2025S\Phonetics TeamLab\ALC\ses4042,5564042019_h_00.wav,N,0.0,SOBER,019,019
c:\Users\nagap\OneDrive\Documentos\Maestria\2025S\Phonetics TeamLab\ALC\ses4042,5564042020_h_00.wav,N,0.0,SOBER,020,020
c:\Users\nagap\OneDrive\Documentos\Maestria\2025S\Phonetics TeamLab\ALC\ses4042,5564042021_h_00.wav,N,0.0,SOBER,021,021
c:\Users\nagap\OneDrive\Documentos\Maestria\2025S\Phonetics TeamLab\ALC\ses4042,5564042022_h_00.wav,N,0.0,SOBER,022,022
c:\Users\nagap\OneDrive\Documentos\Maestria\2025S\Phonetics TeamLab\ALC\ses4042,5564042023_h_00.wav,N,0.0,SOBER,023,023
c:\Users\nagap\OneDrive\Documentos\Maestria\2025S\Phonetics TeamLab\ALC\ses4042,5564042024_h_00.wav,N,0.0,SOBER,024,024
c:\Users\nagap\OneDrive\Documentos\Maestria\2025S\Phonetics TeamLab\ALC\ses4042,5564042025_h_00.wav,N,0.0,SOBER,025,025
c:\Users\nagap\OneDrive\Documentos\Maestria\2025S\Phonetics TeamLab\ALC\ses4042,5564042026_h_00.wav,N,0.0,SOBER,026,026
c:\Users\nagap\OneDrive\Documentos\Maestria\2025S\Phonetics TeamLab\ALC\ses4042,5564042027_h_00.wav,N,0.0,SOBER,027,027
c:\Users\nagap\OneDrive\Documentos\Maestria\2025S\Phonetics TeamLab\ALC\ses4042,5564042028_h_00.wav,N,0.0,SOBER,028,028
c:\Users\nagap\OneDrive\Documentos\Maestria\2025S\Phonetics TeamLab\ALC\ses4042,5564042029_h_00.wav,N,0.0,SOBER,029,029
c:\Users\nagap\OneDrive\Documentos\Maestria\2025S\Phonetics TeamLab\ALC\ses4042,5564042030_h_00.wav,N,0.0,SOBER,030,030
c:\Users\nagap\OneDrive\Documentos\Maestria\2025S\Phonetics TeamLab\ALC\ses4042,5564042031_h_00.wav,N,0.0,SOBER,031,031
c:\Users\nagap\OneDrive\Documentos\Maestria\2025S\Phonetics TeamLab\ALC\ses4042,5564042032_h_00.wav,N,0.0,SOBER,032,032
c:\Users\nagap\OneDrive\Documentos\Maestria\2025S\Phonetics TeamLab\ALC\ses4042,5564042033_h_00.wav,N,0.0,SOBER,033,033
c:\Users\nagap\OneDrive\Documentos\Maestria\2025S\Phonetics TeamLab\ALC\ses4042,5564042034_h_00.wav,N,0.0,SOBER,034,034
c:\Users\nagap\OneDrive\Documentos\Maestria\2025S\Phonetics TeamLab\ALC\ses4042,5564042035_h_00.wav,N,0.0,SOBER,035,035
c:\Users\nagap\OneDrive\Documentos\Maestria\2025S\Phonetics TeamLab\ALC\ses4042,5564042036_h_00.wav,N,0.0,SOBER,036,036
c:\Users\nagap\OneDrive\Documentos\Maestria\2025S\Phonetics TeamLab\ALC\ses4042,5564042037_h_00.wav,N,0.0,SOBER,037,037
c:\Users\nagap\OneDrive\Documentos\Maestria\2025S\Phonetics TeamLab\ALC\ses4042,5564042038_h_00.wav,N,0.0,SOBER,038,038
c:\Users\nagap\OneDrive\Documentos\Maestria\2025S\Phonetics TeamLab\ALC\ses4042,5564042039_h_00.wav,N,0.0,SOBER,039,039
c:\Users\nagap\OneDrive\Documentos\Maestria\2025S\Phonetics TeamLab\ALC\ses4042,5564042040_h_00.wav,N,0.0,SOBER,040,040
c:\Users\nagap\OneDrive\Documentos\Maestria\2025S\Phonetics TeamLab\ALC\ses4042,5564042041_h_00.wav,N,0.0,SOBER,041,041
c:\Users\nagap\OneDrive\Documentos\Maestria\2025S\Phonetics TeamLab\ALC\ses4042,5564042042_h_00.wav,N,0.0,SOBER,042,042
c:\Users\nagap\OneDrive\Documentos\Maestria\2025S\Phonetics TeamLab\ALC\ses4042,5564042043_h_00.wav,N,0.0,SOBER,043,043
c:\Users\nagap\OneDrive\Documentos\Maestria\2025S\Phonetics TeamLab\ALC\ses4042,5564042044_h_00.wav,N,0.0,SOBER,044,044
c:\Users\nagap\OneDrive\Documentos\Maestria\2025S\Phonetics TeamLab\ALC\ses4042,5564042045_h_00.wav,N,0.0,SOBER,045,045
c:\Users\nagap\OneDrive\Documentos\Maestria\2025S\Phonetics TeamLab\ALC\ses4042,5564042046_h_00.wav,N,0.0,SOBER,046,046
c:\Users\nagap\OneDrive\Documentos\Maestria\2025S\Phonetics TeamLab\ALC\ses4042,5564042047_h_00.wav,N,0.0,SOBER,047,047
c:\Users\nagap\OneDrive\Documentos\Maestria\2025S\Phonetics TeamLab\ALC\ses4042,5564042048_h_00.wav,N,0.0,SOBER,048,048
c:\Users\nagap\OneDrive\Documentos\Maestria\2025S\Phonetics TeamLab\ALC\ses4042,5564042049_h_00.wav,N,0.0,SOBER,049,049
c:\Users\nagap\OneDrive\Documentos\Maestria\2025S\Phonetics TeamLab\ALC\ses4042,5564042050_h_00.wav,N,0.0,SOBER,050,050
c:\Users\nagap\OneDrive\Documentos\Maestria\2025S\Phonetics TeamLab\ALC\ses4042,5564042051_h_00.wav,N,0.0,SOBER,051,051
c:\Users\nagap\OneDrive\Documentos\Maestria\2025S\Phonetics TeamLab\ALC\ses4042,5564042052_h_00.wav,N,0.0,SOBER,052,052
c:\Users\nagap\OneDrive\Documentos\Maestria\2025S\Phonetics TeamLab\ALC\ses4042,5564042053_h_00.wav,N,0.0,SOBER,053,053
c:\Users\nagap\OneDrive\Documentos\Maestria\2025S\Phonetics TeamLab\ALC\ses4042,5564042054_h_00.wav,N,0.0,SOBER,054,054
c:\Users\nagap\OneDrive\Documentos\Maestria\2025S\Phonetics TeamLab\ALC\ses4042,5564042055_h_00.wav,N,0.0,SOBER,055,055
c:\Users\nagap\OneDrive\Documentos\Maestria\2025S\Phonetics TeamLab\ALC\ses4042,5564042056_h_00.wav,N,0.0,SOBER,056,056
c:\Users\nagap\OneDrive\Documentos\Maestria\2025S\Phonetics TeamLab\ALC\ses4042,5564042057_h_00.wav,N,0.0,SOBER,057,057
c:\Users\nagap\OneDrive\Documentos\Maestria\2025S\Phonetics TeamLab\ALC\ses4042,5564042058_h_00.wav,N,0.0,SOBER,058,058
c:\Users\nagap\OneDrive\Documentos\Maestria\2025S\Phonetics TeamLab\ALC\ses4042,5564042059_h_00.wav,N,0.0,SOBER,059,059
c:\Users\nagap\OneDrive\Documentos\Maestria\2025S\Phonetics TeamLab\ALC\ses4042,5564042060_h_00.wav,N,0.0,SOBER,060,060
c:\Users\nagap\OneDrive\Documentos\Maestria\2025S\Phonetics TeamLab\ALC\ses3095,5943095001_h_00.wav,A,0.00054,DRUNK,001,001
c:\Users\nagap\OneDrive\Documentos\Maestria\2025S\Phonetics TeamLab\ALC\ses3095,5943095002_h_00.wav,A,0.00054,DRUNK,002,034
c:\Users\nagap\OneDrive\Documentos\Maestria\2025S\Phonetics TeamLab\ALC\ses3095,5943095003_h_00.wav,A,0.00054,DRUNK,003,032
c:\Users\nagap\OneDrive\Documentos\Maestria\2025S\Phonetics TeamLab\ALC\ses3095,5943095004_h_00.wav,A,0.00054,DRUNK,004,061
c:\Users\nagap\OneDrive\Documentos\Maestria\2025S\Phonetics TeamLab\ALC\ses3095,5943095005_h_00.wav,A,0.00054,DRUNK,005,030
c:\Users\nagap\OneDrive\Documentos\Maestria\2025S\Phonetics TeamLab\ALC\ses3095,5943095006_h_00.wav,A,0.00054,DRUNK,006,026
c:\Users\nagap\OneDrive\Documentos\Maestria\2025S\Phonetics TeamLab\ALC\ses3095,5943095007_h_00.wav,A,0.00054,DRUNK,007,023
c:\Users\nagap\OneDrive\Documentos\Maestria\2025S\Phonetics TeamLab\ALC\ses3095,5943095008_h_00.wav,A,0.00054,DRUNK,008,008
c:\Users\nagap\OneDrive\Documentos\Maestria\2025S\Phonetics TeamLab\ALC\ses3095,5943095009_h_00.wav,A,0.00054,DRUNK,009,029
c:\Users\nagap\OneDrive\Documentos\Maestria\2025S\Phonetics TeamLab\ALC\ses3095,5943095010_h_00.wav,A,0.00054,DRUNK,010,010
c:\Users\nagap\OneDrive\Documentos\Maestria\2025S\Phonetics TeamLab\ALC\ses3095,5943095011_h_00.wav,A,0.00054,DRUNK,011,031
c:\Users\nagap\OneDrive\Documentos\Maestria\2025S\Phonetics TeamLab\ALC\ses3095,5943095012_h_00.wav,A,0.00054,DRUNK,012,012
c:\Users\nagap\OneDrive\Documentos\Maestria\2025S\Phonetics TeamLab\ALC\ses3095,5943095013_h_00.wav,A,0.00054,DRUNK,013,013
c:\Users\nagap\OneDrive\Documentos\Maestria\2025S\Phonetics TeamLab\ALC\ses3095,5943095014_h_00.wav,A,0.00054,DRUNK,014,014
c:\Users\nagap\OneDrive\Documentos\Maestria\2025S\Phonetics TeamLab\ALC\ses3095,5943095015_h_00.wav,A,0.00054,DRUNK,015,015
c:\Users\nagap\OneDrive\Documentos\Maestria\2025S\Phonetics TeamLab\ALC\ses3095,5943095016_h_00.wav,A,0.00054,DRUNK,016,036
c:\Users\nagap\OneDrive\Documentos\Maestria\2025S\Phonetics TeamLab\ALC\ses3095,5943095017_h_00.wav,A,0.00054,DRUNK,017,024
c:\Users\nagap\OneDrive\Documentos\Maestria\2025S\Phonetics TeamLab\ALC\ses3095,5943095018_h_00.wav,A,0.00054,DRUNK,018,038
c:\Users\nagap\OneDrive\Documentos\Maestria\2025S\Phonetics TeamLab\ALC\ses3095,5943095019_h_00.wav,A,0.00054,DRUNK,019,019
c:\Users\nagap\OneDrive\Documentos\Maestria\2025S\Phonetics TeamLab\ALC\ses3095,5943095020_h_00.wav,A,0.00054,DRUNK,020,020
c:\Users\nagap\OneDrive\Documentos\Maestria\2025S\Phonetics TeamLab\ALC\ses3095,5943095021_h_00.wav,A,0.00054,DRUNK,021,041
c:\Users\nagap\OneDrive\Documentos\Maestria\2025S\Phonetics TeamLab\ALC\ses3095,5943095022_h_00.wav,A,0.00054,DRUNK,022,042
c:\Users\nagap\OneDrive\Documentos\Maestria\2025S\Phonetics TeamLab\ALC\ses3095,5943095023_h_00.wav,A,0.00054,DRUNK,023,059
c:\Users\nagap\OneDrive\Documentos\Maestria\2025S\Phonetics TeamLab\ALC\ses3095,5943095024_h_00.wav,A,0.00054,DRUNK,024,051
c:\Users\nagap\OneDrive\Documentos\Maestria\2025S\Phonetics TeamLab\ALC\ses3095,5943095025_h_00.wav,A,0.00054,DRUNK,025,046
c:\Users\nagap\OneDrive\Documentos\Maestria\2025S\Phonetics TeamLab\ALC\ses3095,5943095026_h_00.wav,A,0.00054,DRUNK,026,055
c:\Users\nagap\OneDrive\Documentos\Maestria\2025S\Phonetics TeamLab\ALC\ses3095,5943095027_h_00.wav,A,0.00054,DRUNK,027,048
c:\Users\nagap\OneDrive\Documentos\Maestria\2025S\Phonetics TeamLab\ALC\ses3095,5943095028_h_00.wav,A,0.00054,DRUNK,028,049
c:\Users\nagap\OneDrive\Documentos\Maestria\2025S\Phonetics TeamLab\ALC\ses3095,5943095029_h_00.wav,A,0.00054,DRUNK,029,050
c:\Users\nagap\OneDrive\Documentos\Maestria\2025S\Phonetics TeamLab\ALC\ses3095,5943095030_h_00.wav,A,0.00054,DRUNK,030,060
c:\Users\nagap\OneDrive\Documentos\Maestria\2025S\Phonetics TeamLab\ALC\ses4079,5944079001_h_01.wav,N,0.0,SOBER,001,001
c:\Users\nagap\OneDrive\Documentos\Maestria\2025S\Phonetics TeamLab\ALC\ses4079,5944079002_h_00.wav,N,0.0,SOBER,002,002
c:\Users\nagap\OneDrive\Documentos\Maestria\2025S\Phonetics TeamLab\ALC\ses4079,5944079003_h_00.wav,N,0.0,SOBER,003,003
c:\Users\nagap\OneDrive\Documentos\Maestria\2025S\Phonetics TeamLab\ALC\ses4079,5944079004_h_00.wav,N,0.0,SOBER,004,004
c:\Users\nagap\OneDrive\Documentos\Maestria\2025S\Phonetics TeamLab\ALC\ses4079,5944079005_h_00.wav,N,0.0,SOBER,005,005
c:\Users\nagap\OneDrive\Documentos\Maestria\2025S\Phonetics TeamLab\ALC\ses4079,5944079006_h_00.wav,N,0.0,SOBER,006,006
c:\Users\nagap\OneDrive\Documentos\Maestria\2025S\Phonetics TeamLab\ALC\ses4079,5944079007_h_00.wav,N,0.0,SOBER,007,007
c:\Users\nagap\OneDrive\Documentos\Maestria\2025S\Phonetics TeamLab\ALC\ses4079,5944079008_h_00.wav,N,0.0,SOBER,008,008
c:\Users\nagap\OneDrive\Documentos\Maestria\2025S\Phonetics TeamLab\ALC\ses4079,5944079009_h_00.wav,N,0.0,SOBER,009,009
c:\Users\nagap\OneDrive\Documentos\Maestria\2025S\Phonetics TeamLab\ALC\ses4079,5944079010_h_00.wav,N,0.0,SOBER,010,010
c:\Users\nagap\OneDrive\Documentos\Maestria\2025S\Phonetics TeamLab\ALC\ses4079,5944079011_h_00.wav,N,0.0,SOBER,011,011
c:\Users\nagap\OneDrive\Documentos\Maestria\2025S\Phonetics TeamLab\ALC\ses4079,5944079012_h_00.wav,N,0.0,SOBER,012,012
c:\Users\nagap\OneDrive\Documentos\Maestria\2025S\Phonetics TeamLab\ALC\ses4079,5944079013_h_00.wav,N,0.0,SOBER,013,013
c:\Users\nagap\OneDrive\Documentos\Maestria\2025S\Phonetics TeamLab\ALC\ses4079,5944079014_h_00.wav,N,0.0,SOBER,014,014
c:\Users\nagap\OneDrive\Documentos\Maestria\2025S\Phonetics TeamLab\ALC\ses4079,5944079015_h_00.wav,N,0.0,SOBER,015,015
c:\Users\nagap\OneDrive\Documentos\Maestria\2025S\Phonetics TeamLab\ALC\ses4079,5944079016_h_00.wav,N,0.0,SOBER,016,016
c:\Users\nagap\OneDrive\Documentos\Maestria\2025S\Phonetics TeamLab\ALC\ses4079,5944079017_h_00.wav,N,0.0,SOBER,017,017
c:\Users\nagap\OneDrive\Documentos\Maestria\2025S\Phonetics TeamLab\ALC\ses4079,5944079018_h_00.wav,N,0.0,SOBER,018,018
c:\Users\nagap\OneDrive\Documentos\Maestria\2025S\Phonetics TeamLab\ALC\ses4079,5944079019_h_00.wav,N,0.0,SOBER,019,019
c:\Users\nagap\OneDrive\Documentos\Maestria\2025S\Phonetics TeamLab\ALC\ses4079,5944079020_h_00.wav,N,0.0,SOBER,020,020
c:\Users\nagap\OneDrive\Documentos\Maestria\2025S\Phonetics TeamLab\ALC\ses4079,5944079021_h_00.wav,N,0.0,SOBER,021,021
c:\Users\nagap\OneDrive\Documentos\Maestria\2025S\Phonetics TeamLab\ALC\ses4079,5944079022_h_00.wav,N,0.0,SOBER,022,022
c:\Users\nagap\OneDrive\Documentos\Maestria\2025S\Phonetics TeamLab\ALC\ses4079,5944079023_h_00.wav,N,0.0,SOBER,023,023
c:\Users\nagap\OneDrive\Documentos\Maestria\2025S\Phonetics TeamLab\ALC\ses4079,5944079024_h_00.wav,N,0.0,SOBER,024,024
c:\Users\nagap\OneDrive\Documentos\Maestria\2025S\Phonetics TeamLab\ALC\ses4079,5944079025_h_00.wav,N,0.0,SOBER,025,025
c:\Users\nagap\OneDrive\Documentos\Maestria\2025S\Phonetics TeamLab\ALC\ses4079,5944079026_h_00.wav,N,0.0,SOBER,026,026
c:\Users\nagap\OneDrive\Documentos\Maestria\2025S\Phonetics TeamLab\ALC\ses4079,5944079027_h_00.wav,N,0.0,SOBER,027,027
c:\Users\nagap\OneDrive\Documentos\Maestria\2025S\Phonetics TeamLab\ALC\ses4079,5944079028_h_00.wav,N,0.0,SOBER,028,028
c:\Users\nagap\OneDrive\Documentos\Maestria\2025S\Phonetics TeamLab\ALC\ses4079,5944079029_h_00.wav,N,0.0,SOBER,029,029
c:\Users\nagap\OneDrive\Documentos\Maestria\2025S\Phonetics TeamLab\ALC\ses4079,5944079030_h_00.wav,N,0.0,SOBER,030,030
c:\Users\nagap\OneDrive\Documentos\Maestria\2025S\Phonetics TeamLab\ALC\ses4079,5944079031_h_00.wav,N,0.0,SOBER,031,031
c:\Users\nagap\OneDrive\Documentos\Maestria\2025S\Phonetics TeamLab\ALC\ses4079,5944079032_h_00.wav,N,0.0,SOBER,032,032
c:\Users\nagap\OneDrive\Documentos\Maestria\2025S\Phonetics TeamLab\ALC\ses4079,5944079033_h_00.wav,N,0.0,SOBER,033,033
c:\Users\nagap\OneDrive\Documentos\Maestria\2025S\Phonetics TeamLab\ALC\ses4079,5944079034_h_00.wav,N,0.0,SOBER,034,034
c:\Users\nagap\OneDrive\Documentos\Maestria\2025S\Phonetics TeamLab\ALC\ses4079,5944079035_h_00.wav,N,0.0,SOBER,035,035
c:\Users\nagap\OneDrive\Documentos\Maestria\2025S\Phonetics TeamLab\ALC\ses4079,5944079036_h_00.wav,N,0.0,SOBER,036,036
c:\Users\nagap\OneDrive\Documentos\Maestria\2025S\Phonetics TeamLab\ALC\ses4079,5944079037_h_00.wav,N,0.0,SOBER,037,037
c:\Users\nagap\OneDrive\Documentos\Maestria\2025S\Phonetics TeamLab\ALC\ses4079,5944079038_h_00.wav,N,0.0,SOBER,038,038
c:\Users\nagap\OneDrive\Documentos\Maestria\2025S\Phonetics TeamLab\ALC\ses4079,5944079039_h_00.wav,N,0.0,SOBER,039,039
c:\Users\nagap\OneDrive\Documentos\Maestria\2025S\Phonetics TeamLab\ALC\ses4079,5944079040_h_00.wav,N,0.0,SOBER,040,040
c:\Users\nagap\OneDrive\Documentos\Maestria\2025S\Phonetics TeamLab\ALC\ses4079,5944079041_h_00.wav,N,0.0,SOBER,041,041
c:\Users\nagap\OneDrive\Documentos\Maestria\2025S\Phonetics TeamLab\ALC\ses4079,5944079042_h_01.wav,N,0.0,SOBER,042,042
c:\Users\nagap\OneDrive\Documentos\Maestria\2025S\Phonetics TeamLab\ALC\ses4079,5944079043_h_00.wav,N,0.0,SOBER,043,043
c:\Users\nagap\OneDrive\Documentos\Maestria\2025S\Phonetics TeamLab\ALC\ses4079,5944079044_h_00.wav,N,0.0,SOBER,044,044
c:\Users\nagap\OneDrive\Documentos\Maestria\2025S\Phonetics TeamLab\ALC\ses4079,5944079045_h_00.wav,N,0.0,SOBER,045,045
c:\Users\nagap\OneDrive\Documentos\Maestria\2025S\Phonetics TeamLab\ALC\ses4079,5944079046_h_00.wav,N,0.0,SOBER,046,046
c:\Users\nagap\OneDrive\Documentos\Maestria\2025S\Phonetics TeamLab\ALC\ses4079,5944079047_h_00.wav,N,0.0,SOBER,047,047
c:\Users\nagap\OneDrive\Documentos\Maestria\2025S\Phonetics TeamLab\ALC\ses4079,5944079048_h_00.wav,N,0.0,SOBER,048,048
c:\Users\nagap\OneDrive\Documentos\Maestria\2025S\Phonetics TeamLab\ALC\ses4079,5944079049_h_00.wav,N,0.0,SOBER,049,049
c:\Users\nagap\OneDrive\Documentos\Maestria\2025S\Phonetics TeamLab\ALC\ses4079,5944079050_h_00.wav,N,0.0,SOBER,050,050
c:\Users\nagap\OneDrive\Documentos\Maestria\2025S\Phonetics TeamLab\ALC\ses4079,5944079051_h_00.wav,N,0.0,SOBER,051,051
c:\Users\nagap\OneDrive\Documentos\Maestria\2025S\Phonetics TeamLab\ALC\ses4079,5944079052_h_00.wav,N,0.0,SOBER,052,052
c:\Users\nagap\OneDrive\Documentos\Maestria\2025S\Phonetics TeamLab\ALC\ses4079,5944079053_h_00.wav,N,0.0,SOBER,053,053
c:\Users\nagap\OneDrive\Documentos\Maestria\2025S\Phonetics TeamLab\ALC\ses4079,5944079054_h_00.wav,N,0.0,SOBER,054,054
c:\Users\nagap\OneDrive\Documentos\Maestria\2025S\Phonetics TeamLab\ALC\ses4079,5944079055_h_00.wav,N,0.0,SOBER,055,055
c:\Users\nagap\OneDrive\Documentos\Maestria\2025S\Phonetics TeamLab\ALC\ses4079,5944079056_h_00.wav,N,0.0,SOBER,056,056
c:\Users\nagap\OneDrive\Documentos\Maestria\2025S\Phonetics TeamLab\ALC\ses4079,5944079057_h_00.wav,N,0.0,SOBER,057,057
c:\Users\nagap\OneDrive\Documentos\Maestria\2025S\Phonetics TeamLab\ALC\ses4079,5944079058_h_00.wav,N,0.0,SOBER,058,058
c:\Users\nagap\OneDrive\Documentos\Maestria\2025S\Phonetics TeamLab\ALC\ses4079,5944079059_h_00.wav,N,0.0,SOBER,059,059
c:\Users\nagap\OneDrive\Documentos\Maestria\2025S\Phonetics TeamLab\ALC\ses4079,5944079060_h_00.wav,N,0.0,SOBER,060,060
c:\Users\nagap\OneDrive\Documentos\Maestria\2025S\Phonetics TeamLab\ALC\ses1091,0901091001_h_00.wav,A,0.00127,DRUNK,001,001
c:\Users\nagap\OneDrive\Documentos\Maestria\2025S\Phonetics TeamLab\ALC\ses1091,0901091002_h_00.wav,A,0.00127,DRUNK,002,034
c:\Users\nagap\OneDrive\Documentos\Maestria\2025S\Phonetics TeamLab\ALC\ses1091,0901091003_h_00.wav,A,0.00127,DRUNK,003,032
c:\Users\nagap\OneDrive\Documentos\Maestria\2025S\Phonetics TeamLab\ALC\ses1091,0901091004_h_00.wav,A,0.00127,DRUNK,004,061
c:\Users\nagap\OneDrive\Documentos\Maestria\2025S\Phonetics TeamLab\ALC\ses1091,0901091005_h_00.wav,A,0.00127,DRUNK,005,030
c:\Users\nagap\OneDrive\Documentos\Maestria\2025S\Phonetics TeamLab\ALC\ses1091,0901091006_h_00.wav,A,0.00127,DRUNK,006,026
c:\Users\nagap\OneDrive\Documentos\Maestria\2025S\Phonetics TeamLab\ALC\ses1091,0901091007_h_00.wav,A,0.00127,DRUNK,007,023
c:\Users\nagap\OneDrive\Documentos\Maestria\2025S\Phonetics TeamLab\ALC\ses1091,0901091008_h_00.wav,A,0.00127,DRUNK,008,008
c:\Users\nagap\OneDrive\Documentos\Maestria\2025S\Phonetics TeamLab\ALC\ses1091,0901091009_h_00.wav,A,0.00127,DRUNK,009,029
c:\Users\nagap\OneDrive\Documentos\Maestria\2025S\Phonetics TeamLab\ALC\ses1091,0901091010_h_00.wav,A,0.00127,DRUNK,010,010
c:\Users\nagap\OneDrive\Documentos\Maestria\2025S\Phonetics TeamLab\ALC\ses1091,0901091011_h_00.wav,A,0.00127,DRUNK,011,031
c:\Users\nagap\OneDrive\Documentos\Maestria\2025S\Phonetics TeamLab\ALC\ses1091,0901091012_h_00.wav,A,0.00127,DRUNK,012,012
c:\Users\nagap\OneDrive\Documentos\Maestria\2025S\Phonetics TeamLab\ALC\ses1091,0901091013_h_00.wav,A,0.00127,DRUNK,013,013
c:\Users\nagap\OneDrive\Documentos\Maestria\2025S\Phonetics TeamLab\ALC\ses1091,0901091014_h_00.wav,A,0.00127,DRUNK,014,014
c:\Users\nagap\OneDrive\Documentos\Maestria\2025S\Phonetics TeamLab\ALC\ses1091,0901091015_h_00.wav,A,0.00127,DRUNK,015,015
c:\Users\nagap\OneDrive\Documentos\Maestria\2025S\Phonetics TeamLab\ALC\ses1091,0901091016_h_00.wav,A,0.00127,DRUNK,016,036
c:\Users\nagap\OneDrive\Documentos\Maestria\2025S\Phonetics TeamLab\ALC\ses1091,0901091017_h_00.wav,A,0.00127,DRUNK,017,024
c:\Users\nagap\OneDrive\Documentos\Maestria\2025S\Phonetics TeamLab\ALC\ses1091,0901091018_h_00.wav,A,0.00127,DRUNK,018,038
c:\Users\nagap\OneDrive\Documentos\Maestria\2025S\Phonetics TeamLab\ALC\ses1091,0901091019_h_00.wav,A,0.00127,DRUNK,019,019
c:\Users\nagap\OneDrive\Documentos\Maestria\2025S\Phonetics TeamLab\ALC\ses1091,0901091020_h_00.wav,A,0.00127,DRUNK,020,020
c:\Users\nagap\OneDrive\Documentos\Maestria\2025S\Phonetics TeamLab\ALC\ses1091,0901091021_h_00.wav,A,0.00127,DRUNK,021,041
c:\Users\nagap\OneDrive\Documentos\Maestria\2025S\Phonetics TeamLab\ALC\ses1091,0901091022_h_00.wav,A,0.00127,DRUNK,022,042
c:\Users\nagap\OneDrive\Documentos\Maestria\2025S\Phonetics TeamLab\ALC\ses1091,0901091023_h_00.wav,A,0.00127,DRUNK,023,059
c:\Users\nagap\OneDrive\Documentos\Maestria\2025S\Phonetics TeamLab\ALC\ses1091,0901091024_h_00.wav,A,0.00127,DRUNK,024,051
c:\Users\nagap\OneDrive\Documentos\Maestria\2025S\Phonetics TeamLab\ALC\ses1091,0901091025_h_00.wav,A,0.00127,DRUNK,025,046
c:\Users\nagap\OneDrive\Documentos\Maestria\2025S\Phonetics TeamLab\ALC\ses1091,0901091026_h_00.wav,A,0.00127,DRUNK,026,055
c:\Users\nagap\OneDrive\Documentos\Maestria\2025S\Phonetics TeamLab\ALC\ses1091,0901091027_h_00.wav,A,0.00127,DRUNK,027,048
c:\Users\nagap\OneDrive\Documentos\Maestria\2025S\Phonetics TeamLab\ALC\ses1091,0901091028_h_00.wav,A,0.00127,DRUNK,028,049
c:\Users\nagap\OneDrive\Documentos\Maestria\2025S\Phonetics TeamLab\ALC\ses1091,0901091029_h_00.wav,A,0.00127,DRUNK,029,050
c:\Users\nagap\OneDrive\Documentos\Maestria\2025S\Phonetics TeamLab\ALC\ses1091,0901091030_h_01.wav,A,0.00127,DRUNK,030,060
c:\Users\nagap\OneDrive\Documentos\Maestria\2025S\Phonetics TeamLab\ALC\ses2074,0902074001_h_00.wav,N,0.0,SOBER,001,001
c:\Users\nagap\OneDrive\Documentos\Maestria\2025S\Phonetics TeamLab\ALC\ses2074,0902074002_h_00.wav,N,0.0,SOBER,002,002
c:\Users\nagap\OneDrive\Documentos\Maestria\2025S\Phonetics TeamLab\ALC\ses2074,0902074003_h_00.wav,N,0.0,SOBER,003,003
c:\Users\nagap\OneDrive\Documentos\Maestria\2025S\Phonetics TeamLab\ALC\ses2074,0902074004_h_00.wav,N,0.0,SOBER,004,004
c:\Users\nagap\OneDrive\Documentos\Maestria\2025S\Phonetics TeamLab\ALC\ses2074,0902074005_h_00.wav,N,0.0,SOBER,005,005
c:\Users\nagap\OneDrive\Documentos\Maestria\2025S\Phonetics TeamLab\ALC\ses2074,0902074006_h_00.wav,N,0.0,SOBER,006,006
c:\Users\nagap\OneDrive\Documentos\Maestria\2025S\Phonetics TeamLab\ALC\ses2074,0902074007_h_00.wav,N,0.0,SOBER,007,007
c:\Users\nagap\OneDrive\Documentos\Maestria\2025S\Phonetics TeamLab\ALC\ses2074,0902074008_h_00.wav,N,0.0,SOBER,008,008
c:\Users\nagap\OneDrive\Documentos\Maestria\2025S\Phonetics TeamLab\ALC\ses2074,0902074009_h_00.wav,N,0.0,SOBER,009,009
c:\Users\nagap\OneDrive\Documentos\Maestria\2025S\Phonetics TeamLab\ALC\ses2074,0902074010_h_00.wav,N,0.0,SOBER,010,010
c:\Users\nagap\OneDrive\Documentos\Maestria\2025S\Phonetics TeamLab\ALC\ses2074,0902074011_h_00.wav,N,0.0,SOBER,011,011
c:\Users\nagap\OneDrive\Documentos\Maestria\2025S\Phonetics TeamLab\ALC\ses2074,0902074012_h_00.wav,N,0.0,SOBER,012,012
c:\Users\nagap\OneDrive\Documentos\Maestria\2025S\Phonetics TeamLab\ALC\ses2074,0902074013_h_00.wav,N,0.0,SOBER,013,013
c:\Users\nagap\OneDrive\Documentos\Maestria\2025S\Phonetics TeamLab\ALC\ses2074,0902074014_h_00.wav,N,0.0,SOBER,014,014
c:\Users\nagap\OneDrive\Documentos\Maestria\2025S\Phonetics TeamLab\ALC\ses2074,0902074015_h_00.wav,N,0.0,SOBER,015,015
c:\Users\nagap\OneDrive\Documentos\Maestria\2025S\Phonetics TeamLab\ALC\ses2074,0902074016_h_00.wav,N,0.0,SOBER,016,016
c:\Users\nagap\OneDrive\Documentos\Maestria\2025S\Phonetics TeamLab\ALC\ses2074,0902074017_h_00.wav,N,0.0,SOBER,017,017
c:\Users\nagap\OneDrive\Documentos\Maestria\2025S\Phonetics TeamLab\ALC\ses2074,0902074018_h_00.wav,N,0.0,SOBER,018,018
c:\Users\nagap\OneDrive\Documentos\Maestria\2025S\Phonetics TeamLab\ALC\ses2074,0902074019_h_00.wav,N,0.0,SOBER,019,019
c:\Users\nagap\OneDrive\Documentos\Maestria\2025S\Phonetics TeamLab\ALC\ses2074,0902074020_h_00.wav,N,0.0,SOBER,020,020
c:\Users\nagap\OneDrive\Documentos\Maestria\2025S\Phonetics TeamLab\ALC\ses2074,0902074021_h_00.wav,N,0.0,SOBER,021,021
c:\Users\nagap\OneDrive\Documentos\Maestria\2025S\Phonetics TeamLab\ALC\ses2074,0902074022_h_00.wav,N,0.0,SOBER,022,022
c:\Users\nagap\OneDrive\Documentos\Maestria\2025S\Phonetics TeamLab\ALC\ses2074,0902074023_h_00.wav,N,0.0,SOBER,023,023
c:\Users\nagap\OneDrive\Documentos\Maestria\2025S\Phonetics TeamLab\ALC\ses2074,0902074024_h_00.wav,N,0.0,SOBER,024,024
c:\Users\nagap\OneDrive\Documentos\Maestria\2025S\Phonetics TeamLab\ALC\ses2074,0902074025_h_00.wav,N,0.0,SOBER,025,025
c:\Users\nagap\OneDrive\Documentos\Maestria\2025S\Phonetics TeamLab\ALC\ses2074,0902074026_h_00.wav,N,0.0,SOBER,026,026
c:\Users\nagap\OneDrive\Documentos\Maestria\2025S\Phonetics TeamLab\ALC\ses2074,0902074027_h_00.wav,N,0.0,SOBER,027,027
c:\Users\nagap\OneDrive\Documentos\Maestria\2025S\Phonetics TeamLab\ALC\ses2074,0902074028_h_00.wav,N,0.0,SOBER,028,028
c:\Users\nagap\OneDrive\Documentos\Maestria\2025S\Phonetics TeamLab\ALC\ses2074,0902074029_h_00.wav,N,0.0,SOBER,029,029
c:\Users\nagap\OneDrive\Documentos\Maestria\2025S\Phonetics TeamLab\ALC\ses2074,0902074030_h_00.wav,N,0.0,SOBER,030,030
c:\Users\nagap\OneDrive\Documentos\Maestria\2025S\Phonetics TeamLab\ALC\ses2074,0902074031_h_00.wav,N,0.0,SOBER,031,031
c:\Users\nagap\OneDrive\Documentos\Maestria\2025S\Phonetics TeamLab\ALC\ses2074,0902074032_h_00.wav,N,0.0,SOBER,032,032
c:\Users\nagap\OneDrive\Documentos\Maestria\2025S\Phonetics TeamLab\ALC\ses2074,0902074033_h_00.wav,N,0.0,SOBER,033,033
c:\Users\nagap\OneDrive\Documentos\Maestria\2025S\Phonetics TeamLab\ALC\ses2074,0902074034_h_00.wav,N,0.0,SOBER,034,034
c:\Users\nagap\OneDrive\Documentos\Maestria\2025S\Phonetics TeamLab\ALC\ses2074,0902074035_h_00.wav,N,0.0,SOBER,035,035
c:\Users\nagap\OneDrive\Documentos\Maestria\2025S\Phonetics TeamLab\ALC\ses2074,0902074036_h_00.wav,N,0.0,SOBER,036,036
c:\Users\nagap\OneDrive\Documentos\Maestria\2025S\Phonetics TeamLab\ALC\ses2074,0902074037_h_00.wav,N,0.0,SOBER,037,037
c:\Users\nagap\OneDrive\Documentos\Maestria\2025S\Phonetics TeamLab\ALC\ses2074,0902074038_h_00.wav,N,0.0,SOBER,038,038
c:\Users\nagap\OneDrive\Documentos\Maestria\2025S\Phonetics TeamLab\ALC\ses2074,0902074039_h_00.wav,N,0.0,SOBER,039,039
c:\Users\nagap\OneDrive\Documentos\Maestria\2025S\Phonetics TeamLab\ALC\ses2074,0902074040_h_00.wav,N,0.0,SOBER,040,040
c:\Users\nagap\OneDrive\Documentos\Maestria\2025S\Phonetics TeamLab\ALC\ses2074,0902074041_h_00.wav,N,0.0,SOBER,041,041
c:\Users\nagap\OneDrive\Documentos\Maestria\2025S\Phonetics TeamLab\ALC\ses2074,0902074042_h_00.wav,N,0.0,SOBER,042,042
c:\Users\nagap\OneDrive\Documentos\Maestria\2025S\Phonetics TeamLab\ALC\ses2074,0902074043_h_00.wav,N,0.0,SOBER,043,043
c:\Users\nagap\OneDrive\Documentos\Maestria\2025S\Phonetics TeamLab\ALC\ses2074,0902074044_h_00.wav,N,0.0,SOBER,044,044
c:\Users\nagap\OneDrive\Documentos\Maestria\2025S\Phonetics TeamLab\ALC\ses2074,0902074045_h_00.wav,N,0.0,SOBER,045,045
c:\Users\nagap\OneDrive\Documentos\Maestria\2025S\Phonetics TeamLab\ALC\ses2074,0902074046_h_00.wav,N,0.0,SOBER,046,046
c:\Users\nagap\OneDrive\Documentos\Maestria\2025S\Phonetics TeamLab\ALC\ses2074,0902074047_h_00.wav,N,0.0,SOBER,047,047
c:\Users\nagap\OneDrive\Documentos\Maestria\2025S\Phonetics TeamLab\ALC\ses2074,0902074048_h_00.wav,N,0.0,SOBER,048,048
c:\Users\nagap\OneDrive\Documentos\Maestria\2025S\Phonetics TeamLab\ALC\ses2074,0902074049_h_00.wav,N,0.0,SOBER,049,049
c:\Users\nagap\OneDrive\Documentos\Maestria\2025S\Phonetics TeamLab\ALC\ses2074,0902074050_h_00.wav,N,0.0,SOBER,050,050
c:\Users\nagap\OneDrive\Documentos\Maestria\2025S\Phonetics TeamLab\ALC\ses2074,0902074051_h_00.wav,N,0.0,SOBER,051,051
c:\Users\nagap\OneDrive\Documentos\Maestria\2025S\Phonetics TeamLab\ALC\ses2074,0902074052_h_00.wav,N,0.0,SOBER,052,052
c:\Users\nagap\OneDrive\Documentos\Maestria\2025S\Phonetics TeamLab\ALC\ses2074,0902074053_h_00.wav,N,0.0,SOBER,053,053
c:\Users\nagap\OneDrive\Documentos\Maestria\2025S\Phonetics TeamLab\ALC\ses2074,0902074054_h_00.wav,N,0.0,SOBER,054,054
c:\Users\nagap\OneDrive\Documentos\Maestria\2025S\Phonetics TeamLab\ALC\ses2074,0902074055_h_00.wav,N,0.0,SOBER,055,055
c:\Users\nagap\OneDrive\Documentos\Maestria\2025S\Phonetics TeamLab\ALC\ses2074,0902074056_h_00.wav,N,0.0,SOBER,056,056
c:\Users\nagap\OneDrive\Documentos\Maestria\2025S\Phonetics TeamLab\ALC\ses2074,0902074057_h_00.wav,N,0.0,SOBER,057,057
c:\Users\nagap\OneDrive\Documentos\Maestria\2025S\Phonetics TeamLab\ALC\ses2074,0902074058_h_00.wav,N,0.0,SOBER,058,058
c:\Users\nagap\OneDrive\Documentos\Maestria\2025S\Phonetics TeamLab\ALC\ses2074,0902074059_h_00.wav,N,0.0,SOBER,059,059
c:\Users\nagap\OneDrive\Documentos\Maestria\2025S\Phonetics TeamLab\ALC\ses2074,0902074060_h_01.wav,N,0.0,SOBER,060,060
c:\Users\nagap\OneDrive\Documentos\Maestria\2025S\Phonetics TeamLab\ALC\ses3021,5203021001_h_00.wav,A,0.00083,DRUNK,001,001
c:\Users\nagap\OneDrive\Documentos\Maestria\2025S\Phonetics TeamLab\ALC\ses3021,5203021002_h_00.wav,A,0.00083,DRUNK,002,034
c:\Users\nagap\OneDrive\Documentos\Maestria\2025S\Phonetics TeamLab\ALC\ses3021,5203021003_h_00.wav,A,0.00083,DRUNK,003,032
c:\Users\nagap\OneDrive\Documentos\Maestria\2025S\Phonetics TeamLab\ALC\ses3021,5203021004_h_00.wav,A,0.00083,DRUNK,004,061
c:\Users\nagap\OneDrive\Documentos\Maestria\2025S\Phonetics TeamLab\ALC\ses3021,5203021005_h_00.wav,A,0.00083,DRUNK,005,030
c:\Users\nagap\OneDrive\Documentos\Maestria\2025S\Phonetics TeamLab\ALC\ses3021,5203021006_h_00.wav,A,0.00083,DRUNK,006,026
c:\Users\nagap\OneDrive\Documentos\Maestria\2025S\Phonetics TeamLab\ALC\ses3021,5203021007_h_00.wav,A,0.00083,DRUNK,007,023
c:\Users\nagap\OneDrive\Documentos\Maestria\2025S\Phonetics TeamLab\ALC\ses3021,5203021008_h_00.wav,A,0.00083,DRUNK,008,008
c:\Users\nagap\OneDrive\Documentos\Maestria\2025S\Phonetics TeamLab\ALC\ses3021,5203021009_h_00.wav,A,0.00083,DRUNK,009,029
c:\Users\nagap\OneDrive\Documentos\Maestria\2025S\Phonetics TeamLab\ALC\ses3021,5203021010_h_00.wav,A,0.00083,DRUNK,010,010
c:\Users\nagap\OneDrive\Documentos\Maestria\2025S\Phonetics TeamLab\ALC\ses3021,5203021011_h_00.wav,A,0.00083,DRUNK,011,031
c:\Users\nagap\OneDrive\Documentos\Maestria\2025S\Phonetics TeamLab\ALC\ses3021,5203021012_h_00.wav,A,0.00083,DRUNK,012,012
c:\Users\nagap\OneDrive\Documentos\Maestria\2025S\Phonetics TeamLab\ALC\ses3021,5203021013_h_00.wav,A,0.00083,DRUNK,013,013
c:\Users\nagap\OneDrive\Documentos\Maestria\2025S\Phonetics TeamLab\ALC\ses3021,5203021014_h_00.wav,A,0.00083,DRUNK,014,014
c:\Users\nagap\OneDrive\Documentos\Maestria\2025S\Phonetics TeamLab\ALC\ses3021,5203021015_h_00.wav,A,0.00083,DRUNK,015,015
c:\Users\nagap\OneDrive\Documentos\Maestria\2025S\Phonetics TeamLab\ALC\ses3021,5203021016_h_00.wav,A,0.00083,DRUNK,016,036
c:\Users\nagap\OneDrive\Documentos\Maestria\2025S\Phonetics TeamLab\ALC\ses3021,5203021017_h_00.wav,A,0.00083,DRUNK,017,024
c:\Users\nagap\OneDrive\Documentos\Maestria\2025S\Phonetics TeamLab\ALC\ses3021,5203021018_h_00.wav,A,0.00083,DRUNK,018,038
c:\Users\nagap\OneDrive\Documentos\Maestria\2025S\Phonetics TeamLab\ALC\ses3021,5203021019_h_00.wav,A,0.00083,DRUNK,019,019
c:\Users\nagap\OneDrive\Documentos\Maestria\2025S\Phonetics TeamLab\ALC\ses3021,5203021020_h_00.wav,A,0.00083,DRUNK,020,020
c:\Users\nagap\OneDrive\Documentos\Maestria\2025S\Phonetics TeamLab\ALC\ses3021,5203021021_h_00.wav,A,0.00083,DRUNK,021,041
c:\Users\nagap\OneDrive\Documentos\Maestria\2025S\Phonetics TeamLab\ALC\ses3021,5203021022_h_00.wav,A,0.00083,DRUNK,022,042
c:\Users\nagap\OneDrive\Documentos\Maestria\2025S\Phonetics TeamLab\ALC\ses3021,5203021023_h_00.wav,A,0.00083,DRUNK,023,059
c:\Users\nagap\OneDrive\Documentos\Maestria\2025S\Phonetics TeamLab\ALC\ses3021,5203021024_h_00.wav,A,0.00083,DRUNK,024,051
c:\Users\nagap\OneDrive\Documentos\Maestria\2025S\Phonetics TeamLab\ALC\ses3021,5203021025_h_00.wav,A,0.00083,DRUNK,025,046
c:\Users\nagap\OneDrive\Documentos\Maestria\2025S\Phonetics TeamLab\ALC\ses3021,5203021026_h_00.wav,A,0.00083,DRUNK,026,055
c:\Users\nagap\OneDrive\Documentos\Maestria\2025S\Phonetics TeamLab\ALC\ses3021,5203021027_h_00.wav,A,0.00083,DRUNK,027,048
c:\Users\nagap\OneDrive\Documentos\Maestria\2025S\Phonetics TeamLab\ALC\ses3021,5203021028_h_00.wav,A,0.00083,DRUNK,028,049
c:\Users\nagap\OneDrive\Documentos\Maestria\2025S\Phonetics TeamLab\ALC\ses3021,5203021029_h_00.wav,A,0.00083,DRUNK,029,050
c:\Users\nagap\OneDrive\Documentos\Maestria\2025S\Phonetics TeamLab\ALC\ses3021,5203021030_h_00.wav,A,0.00083,DRUNK,030,060
c:\Users\nagap\OneDrive\Documentos\Maestria\2025S\Phonetics TeamLab\ALC\ses4018,5204018001_h_00.wav,N,0.0,SOBER,001,001
c:\Users\nagap\OneDrive\Documentos\Maestria\2025S\Phonetics TeamLab\ALC\ses4018,5204018002_h_00.wav,N,0.0,SOBER,002,002
c:\Users\nagap\OneDrive\Documentos\Maestria\2025S\Phonetics TeamLab\ALC\ses4018,5204018003_h_00.wav,N,0.0,SOBER,003,003
c:\Users\nagap\OneDrive\Documentos\Maestria\2025S\Phonetics TeamLab\ALC\ses4018,5204018004_h_00.wav,N,0.0,SOBER,004,004
c:\Users\nagap\OneDrive\Documentos\Maestria\2025S\Phonetics TeamLab\ALC\ses4018,5204018005_h_00.wav,N,0.0,SOBER,005,005
c:\Users\nagap\OneDrive\Documentos\Maestria\2025S\Phonetics TeamLab\ALC\ses4018,5204018006_h_00.wav,N,0.0,SOBER,006,006
c:\Users\nagap\OneDrive\Documentos\Maestria\2025S\Phonetics TeamLab\ALC\ses4018,5204018007_h_00.wav,N,0.0,SOBER,007,007
c:\Users\nagap\OneDrive\Documentos\Maestria\2025S\Phonetics TeamLab\ALC\ses4018,5204018008_h_00.wav,N,0.0,SOBER,008,008
c:\Users\nagap\OneDrive\Documentos\Maestria\2025S\Phonetics TeamLab\ALC\ses4018,5204018009_h_00.wav,N,0.0,SOBER,009,009
c:\Users\nagap\OneDrive\Documentos\Maestria\2025S\Phonetics TeamLab\ALC\ses4018,5204018010_h_00.wav,N,0.0,SOBER,010,010
c:\Users\nagap\OneDrive\Documentos\Maestria\2025S\Phonetics TeamLab\ALC\ses4018,5204018011_h_00.wav,N,0.0,SOBER,011,011
c:\Users\nagap\OneDrive\Documentos\Maestria\2025S\Phonetics TeamLab\ALC\ses4018,5204018012_h_00.wav,N,0.0,SOBER,012,012
c:\Users\nagap\OneDrive\Documentos\Maestria\2025S\Phonetics TeamLab\ALC\ses4018,5204018013_h_00.wav,N,0.0,SOBER,013,013
c:\Users\nagap\OneDrive\Documentos\Maestria\2025S\Phonetics TeamLab\ALC\ses4018,5204018014_h_00.wav,N,0.0,SOBER,014,014
c:\Users\nagap\OneDrive\Documentos\Maestria\2025S\Phonetics TeamLab\ALC\ses4018,5204018015_h_00.wav,N,0.0,SOBER,015,015
c:\Users\nagap\OneDrive\Documentos\Maestria\2025S\Phonetics TeamLab\ALC\ses4018,5204018016_h_00.wav,N,0.0,SOBER,016,016
c:\Users\nagap\OneDrive\Documentos\Maestria\2025S\Phonetics TeamLab\ALC\ses4018,5204018017_h_00.wav,N,0.0,SOBER,017,017
c:\Users\nagap\OneDrive\Documentos\Maestria\2025S\Phonetics TeamLab\ALC\ses4018,5204018018_h_00.wav,N,0.0,SOBER,018,018
c:\Users\nagap\OneDrive\Documentos\Maestria\2025S\Phonetics TeamLab\ALC\ses4018,5204018019_h_00.wav,N,0.0,SOBER,019,019
c:\Users\nagap\OneDrive\Documentos\Maestria\2025S\Phonetics TeamLab\ALC\ses4018,5204018020_h_00.wav,N,0.0,SOBER,020,020
c:\Users\nagap\OneDrive\Documentos\Maestria\2025S\Phonetics TeamLab\ALC\ses4018,5204018021_h_00.wav,N,0.0,SOBER,021,021
c:\Users\nagap\OneDrive\Documentos\Maestria\2025S\Phonetics TeamLab\ALC\ses4018,5204018022_h_00.wav,N,0.0,SOBER,022,022
c:\Users\nagap\OneDrive\Documentos\Maestria\2025S\Phonetics TeamLab\ALC\ses4018,5204018023_h_00.wav,N,0.0,SOBER,023,023
c:\Users\nagap\OneDrive\Documentos\Maestria\2025S\Phonetics TeamLab\ALC\ses4018,5204018024_h_00.wav,N,0.0,SOBER,024,024
c:\Users\nagap\OneDrive\Documentos\Maestria\2025S\Phonetics TeamLab\ALC\ses4018,5204018025_h_00.wav,N,0.0,SOBER,025,025
c:\Users\nagap\OneDrive\Documentos\Maestria\2025S\Phonetics TeamLab\ALC\ses4018,5204018026_h_00.wav,N,0.0,SOBER,026,026
c:\Users\nagap\OneDrive\Documentos\Maestria\2025S\Phonetics TeamLab\ALC\ses4018,5204018027_h_00.wav,N,0.0,SOBER,027,027
c:\Users\nagap\OneDrive\Documentos\Maestria\2025S\Phonetics TeamLab\ALC\ses4018,5204018028_h_00.wav,N,0.0,SOBER,028,028
c:\Users\nagap\OneDrive\Documentos\Maestria\2025S\Phonetics TeamLab\ALC\ses4018,5204018029_h_00.wav,N,0.0,SOBER,029,029
c:\Users\nagap\OneDrive\Documentos\Maestria\2025S\Phonetics TeamLab\ALC\ses4018,5204018030_h_00.wav,N,0.0,SOBER,030,030
c:\Users\nagap\OneDrive\Documentos\Maestria\2025S\Phonetics TeamLab\ALC\ses4018,5204018031_h_00.wav,N,0.0,SOBER,031,031
c:\Users\nagap\OneDrive\Documentos\Maestria\2025S\Phonetics TeamLab\ALC\ses4018,5204018032_h_00.wav,N,0.0,SOBER,032,032
c:\Users\nagap\OneDrive\Documentos\Maestria\2025S\Phonetics TeamLab\ALC\ses4018,5204018033_h_00.wav,N,0.0,SOBER,033,033
c:\Users\nagap\OneDrive\Documentos\Maestria\2025S\Phonetics TeamLab\ALC\ses4018,5204018034_h_00.wav,N,0.0,SOBER,034,034
c:\Users\nagap\OneDrive\Documentos\Maestria\2025S\Phonetics TeamLab\ALC\ses4018,5204018035_h_00.wav,N,0.0,SOBER,035,035
c:\Users\nagap\OneDrive\Documentos\Maestria\2025S\Phonetics TeamLab\ALC\ses4018,5204018036_h_00.wav,N,0.0,SOBER,036,036
c:\Users\nagap\OneDrive\Documentos\Maestria\2025S\Phonetics TeamLab\ALC\ses4018,5204018037_h_00.wav,N,0.0,SOBER,037,037
c:\Users\nagap\OneDrive\Documentos\Maestria\2025S\Phonetics TeamLab\ALC\ses4018,5204018038_h_00.wav,N,0.0,SOBER,038,038
c:\Users\nagap\OneDrive\Documentos\Maestria\2025S\Phonetics TeamLab\ALC\ses4018,5204018039_h_00.wav,N,0.0,SOBER,039,039
c:\Users\nagap\OneDrive\Documentos\Maestria\2025S\Phonetics TeamLab\ALC\ses4018,5204018040_h_00.wav,N,0.0,SOBER,040,040
c:\Users\nagap\OneDrive\Documentos\Maestria\2025S\Phonetics TeamLab\ALC\ses4018,5204018041_h_00.wav,N,0.0,SOBER,041,041
c:\Users\nagap\OneDrive\Documentos\Maestria\2025S\Phonetics TeamLab\ALC\ses4018,5204018042_h_00.wav,N,0.0,SOBER,042,042
c:\Users\nagap\OneDrive\Documentos\Maestria\2025S\Phonetics TeamLab\ALC\ses4018,5204018043_h_00.wav,N,0.0,SOBER,043,043
c:\Users\nagap\OneDrive\Documentos\Maestria\2025S\Phonetics TeamLab\ALC\ses4018,5204018044_h_00.wav,N,0.0,SOBER,044,044
c:\Users\nagap\OneDrive\Documentos\Maestria\2025S\Phonetics TeamLab\ALC\ses4018,5204018045_h_00.wav,N,0.0,SOBER,045,045
c:\Users\nagap\OneDrive\Documentos\Maestria\2025S\Phonetics TeamLab\ALC\ses4018,5204018046_h_00.wav,N,0.0,SOBER,046,046
c:\Users\nagap\OneDrive\Documentos\Maestria\2025S\Phonetics TeamLab\ALC\ses4018,5204018047_h_00.wav,N,0.0,SOBER,047,047
c:\Users\nagap\OneDrive\Documentos\Maestria\2025S\Phonetics TeamLab\ALC\ses4018,5204018048_h_00.wav,N,0.0,SOBER,048,048
c:\Users\nagap\OneDrive\Documentos\Maestria\2025S\Phonetics TeamLab\ALC\ses4018,5204018049_h_00.wav,N,0.0,SOBER,049,049
c:\Users\nagap\OneDrive\Documentos\Maestria\2025S\Phonetics TeamLab\ALC\ses4018,5204018050_h_00.wav,N,0.0,SOBER,050,050
c:\Users\nagap\OneDrive\Documentos\Maestria\2025S\Phonetics TeamLab\ALC\ses4018,5204018051_h_00.wav,N,0.0,SOBER,051,051
c:\Users\nagap\OneDrive\Documentos\Maestria\2025S\Phonetics TeamLab\ALC\ses4018,5204018052_h_00.wav,N,0.0,SOBER,052,052
c:\Users\nagap\OneDrive\Documentos\Maestria\2025S\Phonetics TeamLab\ALC\ses4018,5204018053_h_00.wav,N,0.0,SOBER,053,053
c:\Users\nagap\OneDrive\Documentos\Maestria\2025S\Phonetics TeamLab\ALC\ses4018,5204018054_h_00.wav,N,0.0,SOBER,054,054
c:\Users\nagap\OneDrive\Documentos\Maestria\2025S\Phonetics TeamLab\ALC\ses4018,5204018055_h_00.wav,N,0.0,SOBER,055,055
c:\Users\nagap\OneDrive\Documentos\Maestria\2025S\Phonetics TeamLab\ALC\ses4018,5204018056_h_00.wav,N,0.0,SOBER,056,056
c:\Users\nagap\OneDrive\Documentos\Maestria\2025S\Phonetics TeamLab\ALC\ses4018,5204018057_h_00.wav,N,0.0,SOBER,057,057
c:\Users\nagap\OneDrive\Documentos\Maestria\2025S\Phonetics TeamLab\ALC\ses4018,5204018058_h_00.wav,N,0.0,SOBER,058,058
c:\Users\nagap\OneDrive\Documentos\Maestria\2025S\Phonetics TeamLab\ALC\ses4018,5204018059_h_00.wav,N,0.0,SOBER,059,059
c:\Users\nagap\OneDrive\Documentos\Maestria\2025S\Phonetics TeamLab\ALC\ses4018,5204018060_h_00.wav,N,0.0,SOBER,060,060
c:\Users\nagap\OneDrive\Documentos\Maestria\2025S\Phonetics TeamLab\ALC\ses1012,0121012001_h_00.wav,A,0.00055,DRUNK,001,001
c:\Users\nagap\OneDrive\Documentos\Maestria\2025S\Phonetics TeamLab\ALC\ses1012,0121012002_h_00.wav,A,0.00055,DRUNK,002,034
c:\Users\nagap\OneDrive\Documentos\Maestria\2025S\Phonetics TeamLab\ALC\ses1012,0121012003_h_00.wav,A,0.00055,DRUNK,003,032
c:\Users\nagap\OneDrive\Documentos\Maestria\2025S\Phonetics TeamLab\ALC\ses1012,0121012004_h_00.wav,A,0.00055,DRUNK,004,061
c:\Users\nagap\OneDrive\Documentos\Maestria\2025S\Phonetics TeamLab\ALC\ses1012,0121012005_h_00.wav,A,0.00055,DRUNK,005,030
c:\Users\nagap\OneDrive\Documentos\Maestria\2025S\Phonetics TeamLab\ALC\ses1012,0121012006_h_00.wav,A,0.00055,DRUNK,006,026
c:\Users\nagap\OneDrive\Documentos\Maestria\2025S\Phonetics TeamLab\ALC\ses1012,0121012007_h_00.wav,A,0.00055,DRUNK,007,023
c:\Users\nagap\OneDrive\Documentos\Maestria\2025S\Phonetics TeamLab\ALC\ses1012,0121012008_h_00.wav,A,0.00055,DRUNK,008,008
c:\Users\nagap\OneDrive\Documentos\Maestria\2025S\Phonetics TeamLab\ALC\ses1012,0121012009_h_00.wav,A,0.00055,DRUNK,009,029
c:\Users\nagap\OneDrive\Documentos\Maestria\2025S\Phonetics TeamLab\ALC\ses1012,0121012010_h_00.wav,A,0.00055,DRUNK,010,010
c:\Users\nagap\OneDrive\Documentos\Maestria\2025S\Phonetics TeamLab\ALC\ses1012,0121012011_h_00.wav,A,0.00055,DRUNK,011,031
c:\Users\nagap\OneDrive\Documentos\Maestria\2025S\Phonetics TeamLab\ALC\ses1012,0121012012_h_00.wav,A,0.00055,DRUNK,012,012
c:\Users\nagap\OneDrive\Documentos\Maestria\2025S\Phonetics TeamLab\ALC\ses1012,0121012013_h_00.wav,A,0.00055,DRUNK,013,013
c:\Users\nagap\OneDrive\Documentos\Maestria\2025S\Phonetics TeamLab\ALC\ses1012,0121012014_h_00.wav,A,0.00055,DRUNK,014,014
c:\Users\nagap\OneDrive\Documentos\Maestria\2025S\Phonetics TeamLab\ALC\ses1012,0121012015_h_00.wav,A,0.00055,DRUNK,015,015
c:\Users\nagap\OneDrive\Documentos\Maestria\2025S\Phonetics TeamLab\ALC\ses1012,0121012016_h_00.wav,A,0.00055,DRUNK,016,036
c:\Users\nagap\OneDrive\Documentos\Maestria\2025S\Phonetics TeamLab\ALC\ses1012,0121012017_h_00.wav,A,0.00055,DRUNK,017,024
c:\Users\nagap\OneDrive\Documentos\Maestria\2025S\Phonetics TeamLab\ALC\ses1012,0121012018_h_00.wav,A,0.00055,DRUNK,018,038
c:\Users\nagap\OneDrive\Documentos\Maestria\2025S\Phonetics TeamLab\ALC\ses1012,0121012019_h_00.wav,A,0.00055,DRUNK,019,019
c:\Users\nagap\OneDrive\Documentos\Maestria\2025S\Phonetics TeamLab\ALC\ses1012,0121012020_h_00.wav,A,0.00055,DRUNK,020,020
c:\Users\nagap\OneDrive\Documentos\Maestria\2025S\Phonetics TeamLab\ALC\ses1012,0121012021_h_00.wav,A,0.00055,DRUNK,021,041
c:\Users\nagap\OneDrive\Documentos\Maestria\2025S\Phonetics TeamLab\ALC\ses1012,0121012022_h_00.wav,A,0.00055,DRUNK,022,042
c:\Users\nagap\OneDrive\Documentos\Maestria\2025S\Phonetics TeamLab\ALC\ses1012,0121012023_h_00.wav,A,0.00055,DRUNK,023,059
c:\Users\nagap\OneDrive\Documentos\Maestria\2025S\Phonetics TeamLab\ALC\ses1012,0121012024_h_00.wav,A,0.00055,DRUNK,024,051
c:\Users\nagap\OneDrive\Documentos\Maestria\2025S\Phonetics TeamLab\ALC\ses1012,0121012025_h_00.wav,A,0.00055,DRUNK,025,046
c:\Users\nagap\OneDrive\Documentos\Maestria\2025S\Phonetics TeamLab\ALC\ses1012,0121012026_h_00.wav,A,0.00055,DRUNK,026,055
c:\Users\nagap\OneDrive\Documentos\Maestria\2025S\Phonetics TeamLab\ALC\ses1012,0121012027_h_00.wav,A,0.00055,DRUNK,027,048
c:\Users\nagap\OneDrive\Documentos\Maestria\2025S\Phonetics TeamLab\ALC\ses1012,0121012028_h_00.wav,A,0.00055,DRUNK,028,049
c:\Users\nagap\OneDrive\Documentos\Maestria\2025S\Phonetics TeamLab\ALC\ses1012,0121012029_h_00.wav,A,0.00055,DRUNK,029,050
c:\Users\nagap\OneDrive\Documentos\Maestria\2025S\Phonetics TeamLab\ALC\ses1012,0121012030_h_00.wav,A,0.00055,DRUNK,030,060
c:\Users\nagap\OneDrive\Documentos\Maestria\2025S\Phonetics TeamLab\ALC\ses2031,0122031001_h_00.wav,N,0.0,SOBER,001,001
c:\Users\nagap\OneDrive\Documentos\Maestria\2025S\Phonetics TeamLab\ALC\ses2031,0122031002_h_00.wav,N,0.0,SOBER,002,002
c:\Users\nagap\OneDrive\Documentos\Maestria\2025S\Phonetics TeamLab\ALC\ses2031,0122031003_h_00.wav,N,0.0,SOBER,003,003
c:\Users\nagap\OneDrive\Documentos\Maestria\2025S\Phonetics TeamLab\ALC\ses2031,0122031004_h_00.wav,N,0.0,SOBER,004,004
c:\Users\nagap\OneDrive\Documentos\Maestria\2025S\Phonetics TeamLab\ALC\ses2031,0122031005_h_00.wav,N,0.0,SOBER,005,005
c:\Users\nagap\OneDrive\Documentos\Maestria\2025S\Phonetics TeamLab\ALC\ses2031,0122031006_h_00.wav,N,0.0,SOBER,006,006
c:\Users\nagap\OneDrive\Documentos\Maestria\2025S\Phonetics TeamLab\ALC\ses2031,0122031007_h_00.wav,N,0.0,SOBER,007,007
c:\Users\nagap\OneDrive\Documentos\Maestria\2025S\Phonetics TeamLab\ALC\ses2031,0122031008_h_00.wav,N,0.0,SOBER,008,008
c:\Users\nagap\OneDrive\Documentos\Maestria\2025S\Phonetics TeamLab\ALC\ses2031,0122031009_h_00.wav,N,0.0,SOBER,009,009
c:\Users\nagap\OneDrive\Documentos\Maestria\2025S\Phonetics TeamLab\ALC\ses2031,0122031010_h_00.wav,N,0.0,SOBER,010,010
c:\Users\nagap\OneDrive\Documentos\Maestria\2025S\Phonetics TeamLab\ALC\ses2031,0122031011_h_00.wav,N,0.0,SOBER,011,011
c:\Users\nagap\OneDrive\Documentos\Maestria\2025S\Phonetics TeamLab\ALC\ses2031,0122031012_h_00.wav,N,0.0,SOBER,012,012
c:\Users\nagap\OneDrive\Documentos\Maestria\2025S\Phonetics TeamLab\ALC\ses2031,0122031013_h_00.wav,N,0.0,SOBER,013,013
c:\Users\nagap\OneDrive\Documentos\Maestria\2025S\Phonetics TeamLab\ALC\ses2031,0122031014_h_00.wav,N,0.0,SOBER,014,014
c:\Users\nagap\OneDrive\Documentos\Maestria\2025S\Phonetics TeamLab\ALC\ses2031,0122031015_h_00.wav,N,0.0,SOBER,015,015
c:\Users\nagap\OneDrive\Documentos\Maestria\2025S\Phonetics TeamLab\ALC\ses2031,0122031016_h_00.wav,N,0.0,SOBER,016,016
c:\Users\nagap\OneDrive\Documentos\Maestria\2025S\Phonetics TeamLab\ALC\ses2031,0122031017_h_00.wav,N,0.0,SOBER,017,017
c:\Users\nagap\OneDrive\Documentos\Maestria\2025S\Phonetics TeamLab\ALC\ses2031,0122031018_h_00.wav,N,0.0,SOBER,018,018
c:\Users\nagap\OneDrive\Documentos\Maestria\2025S\Phonetics TeamLab\ALC\ses2031,0122031019_h_00.wav,N,0.0,SOBER,019,019
c:\Users\nagap\OneDrive\Documentos\Maestria\2025S\Phonetics TeamLab\ALC\ses2031,0122031020_h_00.wav,N,0.0,SOBER,020,020
c:\Users\nagap\OneDrive\Documentos\Maestria\2025S\Phonetics TeamLab\ALC\ses2031,0122031021_h_00.wav,N,0.0,SOBER,021,021
c:\Users\nagap\OneDrive\Documentos\Maestria\2025S\Phonetics TeamLab\ALC\ses2031,0122031022_h_00.wav,N,0.0,SOBER,022,022
c:\Users\nagap\OneDrive\Documentos\Maestria\2025S\Phonetics TeamLab\ALC\ses2031,0122031023_h_00.wav,N,0.0,SOBER,023,023
c:\Users\nagap\OneDrive\Documentos\Maestria\2025S\Phonetics TeamLab\ALC\ses2031,0122031024_h_00.wav,N,0.0,SOBER,024,024
c:\Users\nagap\OneDrive\Documentos\Maestria\2025S\Phonetics TeamLab\ALC\ses2031,0122031025_h_00.wav,N,0.0,SOBER,025,025
c:\Users\nagap\OneDrive\Documentos\Maestria\2025S\Phonetics TeamLab\ALC\ses2031,0122031026_h_00.wav,N,0.0,SOBER,026,026
c:\Users\nagap\OneDrive\Documentos\Maestria\2025S\Phonetics TeamLab\ALC\ses2031,0122031027_h_00.wav,N,0.0,SOBER,027,027
c:\Users\nagap\OneDrive\Documentos\Maestria\2025S\Phonetics TeamLab\ALC\ses2031,0122031028_h_00.wav,N,0.0,SOBER,028,028
c:\Users\nagap\OneDrive\Documentos\Maestria\2025S\Phonetics TeamLab\ALC\ses2031,0122031029_h_00.wav,N,0.0,SOBER,029,029
c:\Users\nagap\OneDrive\Documentos\Maestria\2025S\Phonetics TeamLab\ALC\ses2031,0122031030_h_00.wav,N,0.0,SOBER,030,030
c:\Users\nagap\OneDrive\Documentos\Maestria\2025S\Phonetics TeamLab\ALC\ses2031,0122031031_h_00.wav,N,0.0,SOBER,031,031
c:\Users\nagap\OneDrive\Documentos\Maestria\2025S\Phonetics TeamLab\ALC\ses2031,0122031032_h_00.wav,N,0.0,SOBER,032,032
c:\Users\nagap\OneDrive\Documentos\Maestria\2025S\Phonetics TeamLab\ALC\ses2031,0122031033_h_00.wav,N,0.0,SOBER,033,033
c:\Users\nagap\OneDrive\Documentos\Maestria\2025S\Phonetics TeamLab\ALC\ses2031,0122031034_h_00.wav,N,0.0,SOBER,034,034
c:\Users\nagap\OneDrive\Documentos\Maestria\2025S\Phonetics TeamLab\ALC\ses2031,0122031035_h_00.wav,N,0.0,SOBER,035,035
c:\Users\nagap\OneDrive\Documentos\Maestria\2025S\Phonetics TeamLab\ALC\ses2031,0122031036_h_00.wav,N,0.0,SOBER,036,036
c:\Users\nagap\OneDrive\Documentos\Maestria\2025S\Phonetics TeamLab\ALC\ses2031,0122031037_h_00.wav,N,0.0,SOBER,037,037
c:\Users\nagap\OneDrive\Documentos\Maestria\2025S\Phonetics TeamLab\ALC\ses2031,0122031038_h_00.wav,N,0.0,SOBER,038,038
c:\Users\nagap\OneDrive\Documentos\Maestria\2025S\Phonetics TeamLab\ALC\ses2031,0122031039_h_00.wav,N,0.0,SOBER,039,039
c:\Users\nagap\OneDrive\Documentos\Maestria\2025S\Phonetics TeamLab\ALC\ses2031,0122031040_h_00.wav,N,0.0,SOBER,040,040
c:\Users\nagap\OneDrive\Documentos\Maestria\2025S\Phonetics TeamLab\ALC\ses2031,0122031041_h_00.wav,N,0.0,SOBER,041,041
c:\Users\nagap\OneDrive\Documentos\Maestria\2025S\Phonetics TeamLab\ALC\ses2031,0122031042_h_00.wav,N,0.0,SOBER,042,042
c:\Users\nagap\OneDrive\Documentos\Maestria\2025S\Phonetics TeamLab\ALC\ses2031,0122031043_h_00.wav,N,0.0,SOBER,043,043
c:\Users\nagap\OneDrive\Documentos\Maestria\2025S\Phonetics TeamLab\ALC\ses2031,0122031044_h_00.wav,N,0.0,SOBER,044,044
c:\Users\nagap\OneDrive\Documentos\Maestria\2025S\Phonetics TeamLab\ALC\ses2031,0122031045_h_00.wav,N,0.0,SOBER,045,045
c:\Users\nagap\OneDrive\Documentos\Maestria\2025S\Phonetics TeamLab\ALC\ses2031,0122031046_h_00.wav,N,0.0,SOBER,046,046
c:\Users\nagap\OneDrive\Documentos\Maestria\2025S\Phonetics TeamLab\ALC\ses2031,0122031047_h_00.wav,N,0.0,SOBER,047,047
c:\Users\nagap\OneDrive\Documentos\Maestria\2025S\Phonetics TeamLab\ALC\ses2031,0122031048_h_00.wav,N,0.0,SOBER,048,048
c:\Users\nagap\OneDrive\Documentos\Maestria\2025S\Phonetics TeamLab\ALC\ses2031,0122031049_h_00.wav,N,0.0,SOBER,049,049
c:\Users\nagap\OneDrive\Documentos\Maestria\2025S\Phonetics TeamLab\ALC\ses2031,0122031050_h_00.wav,N,0.0,SOBER,050,050
c:\Users\nagap\OneDrive\Documentos\Maestria\2025S\Phonetics TeamLab\ALC\ses2031,0122031051_h_00.wav,N,0.0,SOBER,051,051
c:\Users\nagap\OneDrive\Documentos\Maestria\2025S\Phonetics TeamLab\ALC\ses2031,0122031052_h_00.wav,N,0.0,SOBER,052,052
c:\Users\nagap\OneDrive\Documentos\Maestria\2025S\Phonetics TeamLab\ALC\ses2031,0122031053_h_00.wav,N,0.0,SOBER,053,053
c:\Users\nagap\OneDrive\Documentos\Maestria\2025S\Phonetics TeamLab\ALC\ses2031,0122031054_h_00.wav,N,0.0,SOBER,054,054
c:\Users\nagap\OneDrive\Documentos\Maestria\2025S\Phonetics TeamLab\ALC\ses2031,0122031055_h_00.wav,N,0.0,SOBER,055,055
c:\Users\nagap\OneDrive\Documentos\Maestria\2025S\Phonetics TeamLab\ALC\ses2031,0122031056_h_00.wav,N,0.0,SOBER,056,056
c:\Users\nagap\OneDrive\Documentos\Maestria\2025S\Phonetics TeamLab\ALC\ses2031,0122031057_h_00.wav,N,0.0,SOBER,057,057
c:\Users\nagap\OneDrive\Documentos\Maestria\2025S\Phonetics TeamLab\ALC\ses2031,0122031058_h_00.wav,N,0.0,SOBER,058,058
c:\Users\nagap\OneDrive\Documentos\Maestria\2025S\Phonetics TeamLab\ALC\ses2031,0122031059_h_00.wav,N,0.0,SOBER,059,059
c:\Users\nagap\OneDrive\Documentos\Maestria\2025S\Phonetics TeamLab\ALC\ses2031,0122031060_h_01.wav,N,0.0,SOBER,060,060
c:\Users\nagap\OneDrive\Documentos\Maestria\2025S\Phonetics TeamLab\ALC\ses1025,0241025001_h_00.wav,N,0.00023,DRUNK,001,001
c:\Users\nagap\OneDrive\Documentos\Maestria\2025S\Phonetics TeamLab\ALC\ses1025,0241025002_h_00.wav,N,0.00023,DRUNK,002,034
c:\Users\nagap\OneDrive\Documentos\Maestria\2025S\Phonetics TeamLab\ALC\ses1025,0241025003_h_00.wav,N,0.00023,DRUNK,003,032
c:\Users\nagap\OneDrive\Documentos\Maestria\2025S\Phonetics TeamLab\ALC\ses1025,0241025004_h_00.wav,N,0.00023,DRUNK,004,061
c:\Users\nagap\OneDrive\Documentos\Maestria\2025S\Phonetics TeamLab\ALC\ses1025,0241025005_h_00.wav,N,0.00023,DRUNK,005,030
c:\Users\nagap\OneDrive\Documentos\Maestria\2025S\Phonetics TeamLab\ALC\ses1025,0241025006_h_00.wav,N,0.00023,DRUNK,006,026
c:\Users\nagap\OneDrive\Documentos\Maestria\2025S\Phonetics TeamLab\ALC\ses1025,0241025007_h_00.wav,N,0.00023,DRUNK,007,023
c:\Users\nagap\OneDrive\Documentos\Maestria\2025S\Phonetics TeamLab\ALC\ses1025,0241025008_h_00.wav,N,0.00023,DRUNK,008,008
c:\Users\nagap\OneDrive\Documentos\Maestria\2025S\Phonetics TeamLab\ALC\ses1025,0241025009_h_00.wav,N,0.00023,DRUNK,009,029
c:\Users\nagap\OneDrive\Documentos\Maestria\2025S\Phonetics TeamLab\ALC\ses1025,0241025010_h_00.wav,N,0.00023,DRUNK,010,010
c:\Users\nagap\OneDrive\Documentos\Maestria\2025S\Phonetics TeamLab\ALC\ses1025,0241025011_h_00.wav,N,0.00023,DRUNK,011,031
c:\Users\nagap\OneDrive\Documentos\Maestria\2025S\Phonetics TeamLab\ALC\ses1025,0241025012_h_00.wav,N,0.00023,DRUNK,012,012
c:\Users\nagap\OneDrive\Documentos\Maestria\2025S\Phonetics TeamLab\ALC\ses1025,0241025013_h_00.wav,N,0.00023,DRUNK,013,013
c:\Users\nagap\OneDrive\Documentos\Maestria\2025S\Phonetics TeamLab\ALC\ses1025,0241025014_h_00.wav,N,0.00023,DRUNK,014,014
c:\Users\nagap\OneDrive\Documentos\Maestria\2025S\Phonetics TeamLab\ALC\ses1025,0241025015_h_00.wav,N,0.00023,DRUNK,015,015
c:\Users\nagap\OneDrive\Documentos\Maestria\2025S\Phonetics TeamLab\ALC\ses1025,0241025016_h_00.wav,N,0.00023,DRUNK,016,036
c:\Users\nagap\OneDrive\Documentos\Maestria\2025S\Phonetics TeamLab\ALC\ses1025,0241025017_h_00.wav,N,0.00023,DRUNK,017,024
c:\Users\nagap\OneDrive\Documentos\Maestria\2025S\Phonetics TeamLab\ALC\ses1025,0241025018_h_00.wav,N,0.00023,DRUNK,018,038
c:\Users\nagap\OneDrive\Documentos\Maestria\2025S\Phonetics TeamLab\ALC\ses1025,0241025019_h_00.wav,N,0.00023,DRUNK,019,019
c:\Users\nagap\OneDrive\Documentos\Maestria\2025S\Phonetics TeamLab\ALC\ses1025,0241025020_h_00.wav,N,0.00023,DRUNK,020,020
c:\Users\nagap\OneDrive\Documentos\Maestria\2025S\Phonetics TeamLab\ALC\ses1025,0241025021_h_00.wav,N,0.00023,DRUNK,021,041
c:\Users\nagap\OneDrive\Documentos\Maestria\2025S\Phonetics TeamLab\ALC\ses1025,0241025022_h_00.wav,N,0.00023,DRUNK,022,042
c:\Users\nagap\OneDrive\Documentos\Maestria\2025S\Phonetics TeamLab\ALC\ses1025,0241025023_h_00.wav,N,0.00023,DRUNK,023,059
c:\Users\nagap\OneDrive\Documentos\Maestria\2025S\Phonetics TeamLab\ALC\ses1025,0241025024_h_00.wav,N,0.00023,DRUNK,024,051
c:\Users\nagap\OneDrive\Documentos\Maestria\2025S\Phonetics TeamLab\ALC\ses1025,0241025025_h_00.wav,N,0.00023,DRUNK,025,046
c:\Users\nagap\OneDrive\Documentos\Maestria\2025S\Phonetics TeamLab\ALC\ses1025,0241025026_h_00.wav,N,0.00023,DRUNK,026,055
c:\Users\nagap\OneDrive\Documentos\Maestria\2025S\Phonetics TeamLab\ALC\ses1025,0241025027_h_00.wav,N,0.00023,DRUNK,027,048
c:\Users\nagap\OneDrive\Documentos\Maestria\2025S\Phonetics TeamLab\ALC\ses1025,0241025028_h_00.wav,N,0.00023,DRUNK,028,049
c:\Users\nagap\OneDrive\Documentos\Maestria\2025S\Phonetics TeamLab\ALC\ses1025,0241025029_h_00.wav,N,0.00023,DRUNK,029,050
c:\Users\nagap\OneDrive\Documentos\Maestria\2025S\Phonetics TeamLab\ALC\ses1025,0241025030_h_00.wav,N,0.00023,DRUNK,030,060
c:\Users\nagap\OneDrive\Documentos\Maestria\2025S\Phonetics TeamLab\ALC\ses2012,0242012001_h_00.wav,N,0.0,SOBER,001,001
c:\Users\nagap\OneDrive\Documentos\Maestria\2025S\Phonetics TeamLab\ALC\ses2012,0242012002_h_00.wav,N,0.0,SOBER,002,002
c:\Users\nagap\OneDrive\Documentos\Maestria\2025S\Phonetics TeamLab\ALC\ses2012,0242012003_h_00.wav,N,0.0,SOBER,003,003
c:\Users\nagap\OneDrive\Documentos\Maestria\2025S\Phonetics TeamLab\ALC\ses2012,0242012004_h_00.wav,N,0.0,SOBER,004,004
c:\Users\nagap\OneDrive\Documentos\Maestria\2025S\Phonetics TeamLab\ALC\ses2012,0242012005_h_00.wav,N,0.0,SOBER,005,005
c:\Users\nagap\OneDrive\Documentos\Maestria\2025S\Phonetics TeamLab\ALC\ses2012,0242012006_h_00.wav,N,0.0,SOBER,006,006
c:\Users\nagap\OneDrive\Documentos\Maestria\2025S\Phonetics TeamLab\ALC\ses2012,0242012007_h_00.wav,N,0.0,SOBER,007,007
c:\Users\nagap\OneDrive\Documentos\Maestria\2025S\Phonetics TeamLab\ALC\ses2012,0242012008_h_00.wav,N,0.0,SOBER,008,008
c:\Users\nagap\OneDrive\Documentos\Maestria\2025S\Phonetics TeamLab\ALC\ses2012,0242012009_h_00.wav,N,0.0,SOBER,009,009
c:\Users\nagap\OneDrive\Documentos\Maestria\2025S\Phonetics TeamLab\ALC\ses2012,0242012010_h_00.wav,N,0.0,SOBER,010,010
c:\Users\nagap\OneDrive\Documentos\Maestria\2025S\Phonetics TeamLab\ALC\ses2012,0242012011_h_00.wav,N,0.0,SOBER,011,011
c:\Users\nagap\OneDrive\Documentos\Maestria\2025S\Phonetics TeamLab\ALC\ses2012,0242012012_h_00.wav,N,0.0,SOBER,012,012
c:\Users\nagap\OneDrive\Documentos\Maestria\2025S\Phonetics TeamLab\ALC\ses2012,0242012013_h_00.wav,N,0.0,SOBER,013,013
c:\Users\nagap\OneDrive\Documentos\Maestria\2025S\Phonetics TeamLab\ALC\ses2012,0242012014_h_00.wav,N,0.0,SOBER,014,014
c:\Users\nagap\OneDrive\Documentos\Maestria\2025S\Phonetics TeamLab\ALC\ses2012,0242012015_h_00.wav,N,0.0,SOBER,015,015
c:\Users\nagap\OneDrive\Documentos\Maestria\2025S\Phonetics TeamLab\ALC\ses2012,0242012016_h_00.wav,N,0.0,SOBER,016,016
c:\Users\nagap\OneDrive\Documentos\Maestria\2025S\Phonetics TeamLab\ALC\ses2012,0242012017_h_00.wav,N,0.0,SOBER,017,017
c:\Users\nagap\OneDrive\Documentos\Maestria\2025S\Phonetics TeamLab\ALC\ses2012,0242012018_h_00.wav,N,0.0,SOBER,018,018
c:\Users\nagap\OneDrive\Documentos\Maestria\2025S\Phonetics TeamLab\ALC\ses2012,0242012019_h_00.wav,N,0.0,SOBER,019,019
c:\Users\nagap\OneDrive\Documentos\Maestria\2025S\Phonetics TeamLab\ALC\ses2012,0242012020_h_00.wav,N,0.0,SOBER,020,020
c:\Users\nagap\OneDrive\Documentos\Maestria\2025S\Phonetics TeamLab\ALC\ses2012,0242012021_h_00.wav,N,0.0,SOBER,021,021
c:\Users\nagap\OneDrive\Documentos\Maestria\2025S\Phonetics TeamLab\ALC\ses2012,0242012022_h_00.wav,N,0.0,SOBER,022,022
c:\Users\nagap\OneDrive\Documentos\Maestria\2025S\Phonetics TeamLab\ALC\ses2012,0242012023_h_00.wav,N,0.0,SOBER,023,023
c:\Users\nagap\OneDrive\Documentos\Maestria\2025S\Phonetics TeamLab\ALC\ses2012,0242012024_h_00.wav,N,0.0,SOBER,024,024
c:\Users\nagap\OneDrive\Documentos\Maestria\2025S\Phonetics TeamLab\ALC\ses2012,0242012025_h_00.wav,N,0.0,SOBER,025,025
c:\Users\nagap\OneDrive\Documentos\Maestria\2025S\Phonetics TeamLab\ALC\ses2012,0242012026_h_00.wav,N,0.0,SOBER,026,026
c:\Users\nagap\OneDrive\Documentos\Maestria\2025S\Phonetics TeamLab\ALC\ses2012,0242012027_h_00.wav,N,0.0,SOBER,027,027
c:\Users\nagap\OneDrive\Documentos\Maestria\2025S\Phonetics TeamLab\ALC\ses2012,0242012028_h_00.wav,N,0.0,SOBER,028,028
c:\Users\nagap\OneDrive\Documentos\Maestria\2025S\Phonetics TeamLab\ALC\ses2012,0242012029_h_00.wav,N,0.0,SOBER,029,029
c:\Users\nagap\OneDrive\Documentos\Maestria\2025S\Phonetics TeamLab\ALC\ses2012,0242012030_h_01.wav,N,0.0,SOBER,030,030
c:\Users\nagap\OneDrive\Documentos\Maestria\2025S\Phonetics TeamLab\ALC\ses2012,0242012031_h_00.wav,N,0.0,SOBER,031,031
c:\Users\nagap\OneDrive\Documentos\Maestria\2025S\Phonetics TeamLab\ALC\ses2012,0242012032_h_00.wav,N,0.0,SOBER,032,032
c:\Users\nagap\OneDrive\Documentos\Maestria\2025S\Phonetics TeamLab\ALC\ses2012,0242012033_h_00.wav,N,0.0,SOBER,033,033
c:\Users\nagap\OneDrive\Documentos\Maestria\2025S\Phonetics TeamLab\ALC\ses2012,0242012034_h_00.wav,N,0.0,SOBER,034,034
c:\Users\nagap\OneDrive\Documentos\Maestria\2025S\Phonetics TeamLab\ALC\ses2012,0242012035_h_00.wav,N,0.0,SOBER,035,035
c:\Users\nagap\OneDrive\Documentos\Maestria\2025S\Phonetics TeamLab\ALC\ses2012,0242012036_h_00.wav,N,0.0,SOBER,036,036
c:\Users\nagap\OneDrive\Documentos\Maestria\2025S\Phonetics TeamLab\ALC\ses2012,0242012037_h_00.wav,N,0.0,SOBER,037,037
c:\Users\nagap\OneDrive\Documentos\Maestria\2025S\Phonetics TeamLab\ALC\ses2012,0242012038_h_00.wav,N,0.0,SOBER,038,038
c:\Users\nagap\OneDrive\Documentos\Maestria\2025S\Phonetics TeamLab\ALC\ses2012,0242012039_h_00.wav,N,0.0,SOBER,039,039
c:\Users\nagap\OneDrive\Documentos\Maestria\2025S\Phonetics TeamLab\ALC\ses2012,0242012040_h_00.wav,N,0.0,SOBER,040,040
c:\Users\nagap\OneDrive\Documentos\Maestria\2025S\Phonetics TeamLab\ALC\ses2012,0242012041_h_00.wav,N,0.0,SOBER,041,041
c:\Users\nagap\OneDrive\Documentos\Maestria\2025S\Phonetics TeamLab\ALC\ses2012,0242012042_h_00.wav,N,0.0,SOBER,042,042
c:\Users\nagap\OneDrive\Documentos\Maestria\2025S\Phonetics TeamLab\ALC\ses2012,0242012043_h_00.wav,N,0.0,SOBER,043,043
c:\Users\nagap\OneDrive\Documentos\Maestria\2025S\Phonetics TeamLab\ALC\ses2012,0242012044_h_00.wav,N,0.0,SOBER,044,044
c:\Users\nagap\OneDrive\Documentos\Maestria\2025S\Phonetics TeamLab\ALC\ses2012,0242012045_h_00.wav,N,0.0,SOBER,045,045
c:\Users\nagap\OneDrive\Documentos\Maestria\2025S\Phonetics TeamLab\ALC\ses2012,0242012046_h_00.wav,N,0.0,SOBER,046,046
c:\Users\nagap\OneDrive\Documentos\Maestria\2025S\Phonetics TeamLab\ALC\ses2012,0242012047_h_00.wav,N,0.0,SOBER,047,047
c:\Users\nagap\OneDrive\Documentos\Maestria\2025S\Phonetics TeamLab\ALC\ses2012,0242012048_h_00.wav,N,0.0,SOBER,048,048
c:\Users\nagap\OneDrive\Documentos\Maestria\2025S\Phonetics TeamLab\ALC\ses2012,0242012049_h_00.wav,N,0.0,SOBER,049,049
c:\Users\nagap\OneDrive\Documentos\Maestria\2025S\Phonetics TeamLab\ALC\ses2012,0242012050_h_00.wav,N,0.0,SOBER,050,050
c:\Users\nagap\OneDrive\Documentos\Maestria\2025S\Phonetics TeamLab\ALC\ses2012,0242012051_h_00.wav,N,0.0,SOBER,051,051
c:\Users\nagap\OneDrive\Documentos\Maestria\2025S\Phonetics TeamLab\ALC\ses2012,0242012052_h_00.wav,N,0.0,SOBER,052,052
c:\Users\nagap\OneDrive\Documentos\Maestria\2025S\Phonetics TeamLab\ALC\ses2012,0242012053_h_00.wav,N,0.0,SOBER,053,053
c:\Users\nagap\OneDrive\Documentos\Maestria\2025S\Phonetics TeamLab\ALC\ses2012,0242012054_h_00.wav,N,0.0,SOBER,054,054
c:\Users\nagap\OneDrive\Documentos\Maestria\2025S\Phonetics TeamLab\ALC\ses2012,0242012055_h_00.wav,N,0.0,SOBER,055,055
c:\Users\nagap\OneDrive\Documentos\Maestria\2025S\Phonetics TeamLab\ALC\ses2012,0242012056_h_00.wav,N,0.0,SOBER,056,056
c:\Users\nagap\OneDrive\Documentos\Maestria\2025S\Phonetics TeamLab\ALC\ses2012,0242012057_h_00.wav,N,0.0,SOBER,057,057
c:\Users\nagap\OneDrive\Documentos\Maestria\2025S\Phonetics TeamLab\ALC\ses2012,0242012058_h_00.wav,N,0.0,SOBER,058,058
c:\Users\nagap\OneDrive\Documentos\Maestria\2025S\Phonetics TeamLab\ALC\ses2012,0242012059_h_00.wav,N,0.0,SOBER,059,059
c:\Users\nagap\OneDrive\Documentos\Maestria\2025S\Phonetics TeamLab\ALC\ses2012,0242012060_h_01.wav,N,0.0,SOBER,060,060
c:\Users\nagap\OneDrive\Documentos\Maestria\2025S\Phonetics TeamLab\ALC\ses1062,0611062001_h_00.wav,A,0.00125,DRUNK,001,001
c:\Users\nagap\OneDrive\Documentos\Maestria\2025S\Phonetics TeamLab\ALC\ses1062,0611062002_h_00.wav,A,0.00125,DRUNK,002,034
c:\Users\nagap\OneDrive\Documentos\Maestria\2025S\Phonetics TeamLab\ALC\ses1062,0611062003_h_00.wav,A,0.00125,DRUNK,003,032
c:\Users\nagap\OneDrive\Documentos\Maestria\2025S\Phonetics TeamLab\ALC\ses1062,0611062004_h_00.wav,A,0.00125,DRUNK,004,061
c:\Users\nagap\OneDrive\Documentos\Maestria\2025S\Phonetics TeamLab\ALC\ses1062,0611062005_h_00.wav,A,0.00125,DRUNK,005,030
c:\Users\nagap\OneDrive\Documentos\Maestria\2025S\Phonetics TeamLab\ALC\ses1062,0611062006_h_00.wav,A,0.00125,DRUNK,006,026
c:\Users\nagap\OneDrive\Documentos\Maestria\2025S\Phonetics TeamLab\ALC\ses1062,0611062007_h_00.wav,A,0.00125,DRUNK,007,023
c:\Users\nagap\OneDrive\Documentos\Maestria\2025S\Phonetics TeamLab\ALC\ses1062,0611062008_h_00.wav,A,0.00125,DRUNK,008,008
c:\Users\nagap\OneDrive\Documentos\Maestria\2025S\Phonetics TeamLab\ALC\ses1062,0611062009_h_00.wav,A,0.00125,DRUNK,009,029
c:\Users\nagap\OneDrive\Documentos\Maestria\2025S\Phonetics TeamLab\ALC\ses1062,0611062010_h_00.wav,A,0.00125,DRUNK,010,010
c:\Users\nagap\OneDrive\Documentos\Maestria\2025S\Phonetics TeamLab\ALC\ses1062,0611062011_h_00.wav,A,0.00125,DRUNK,011,031
c:\Users\nagap\OneDrive\Documentos\Maestria\2025S\Phonetics TeamLab\ALC\ses1062,0611062012_h_00.wav,A,0.00125,DRUNK,012,012
c:\Users\nagap\OneDrive\Documentos\Maestria\2025S\Phonetics TeamLab\ALC\ses1062,0611062013_h_00.wav,A,0.00125,DRUNK,013,013
c:\Users\nagap\OneDrive\Documentos\Maestria\2025S\Phonetics TeamLab\ALC\ses1062,0611062014_h_00.wav,A,0.00125,DRUNK,014,014
c:\Users\nagap\OneDrive\Documentos\Maestria\2025S\Phonetics TeamLab\ALC\ses1062,0611062015_h_00.wav,A,0.00125,DRUNK,015,015
c:\Users\nagap\OneDrive\Documentos\Maestria\2025S\Phonetics TeamLab\ALC\ses1062,0611062016_h_00.wav,A,0.00125,DRUNK,016,036
c:\Users\nagap\OneDrive\Documentos\Maestria\2025S\Phonetics TeamLab\ALC\ses1062,0611062017_h_00.wav,A,0.00125,DRUNK,017,024
c:\Users\nagap\OneDrive\Documentos\Maestria\2025S\Phonetics TeamLab\ALC\ses1062,0611062018_h_00.wav,A,0.00125,DRUNK,018,038
c:\Users\nagap\OneDrive\Documentos\Maestria\2025S\Phonetics TeamLab\ALC\ses1062,0611062019_h_01.wav,A,0.00125,DRUNK,019,019
c:\Users\nagap\OneDrive\Documentos\Maestria\2025S\Phonetics TeamLab\ALC\ses1062,0611062020_h_00.wav,A,0.00125,DRUNK,020,020
c:\Users\nagap\OneDrive\Documentos\Maestria\2025S\Phonetics TeamLab\ALC\ses1062,0611062021_h_00.wav,A,0.00125,DRUNK,021,041
c:\Users\nagap\OneDrive\Documentos\Maestria\2025S\Phonetics TeamLab\ALC\ses1062,0611062022_h_00.wav,A,0.00125,DRUNK,022,042
c:\Users\nagap\OneDrive\Documentos\Maestria\2025S\Phonetics TeamLab\ALC\ses1062,0611062023_h_00.wav,A,0.00125,DRUNK,023,059
c:\Users\nagap\OneDrive\Documentos\Maestria\2025S\Phonetics TeamLab\ALC\ses1062,0611062024_h_00.wav,A,0.00125,DRUNK,024,051
c:\Users\nagap\OneDrive\Documentos\Maestria\2025S\Phonetics TeamLab\ALC\ses1062,0611062025_h_00.wav,A,0.00125,DRUNK,025,046
c:\Users\nagap\OneDrive\Documentos\Maestria\2025S\Phonetics TeamLab\ALC\ses1062,0611062026_h_00.wav,A,0.00125,DRUNK,026,055
c:\Users\nagap\OneDrive\Documentos\Maestria\2025S\Phonetics TeamLab\ALC\ses1062,0611062027_h_00.wav,A,0.00125,DRUNK,027,048
c:\Users\nagap\OneDrive\Documentos\Maestria\2025S\Phonetics TeamLab\ALC\ses1062,0611062028_h_00.wav,A,0.00125,DRUNK,028,049
c:\Users\nagap\OneDrive\Documentos\Maestria\2025S\Phonetics TeamLab\ALC\ses1062,0611062029_h_00.wav,A,0.00125,DRUNK,029,050
c:\Users\nagap\OneDrive\Documentos\Maestria\2025S\Phonetics TeamLab\ALC\ses1062,0611062030_h_00.wav,A,0.00125,DRUNK,030,060
c:\Users\nagap\OneDrive\Documentos\Maestria\2025S\Phonetics TeamLab\ALC\ses2052,0612052001_h_00.wav,N,0.0,SOBER,001,001
c:\Users\nagap\OneDrive\Documentos\Maestria\2025S\Phonetics TeamLab\ALC\ses2052,0612052002_h_00.wav,N,0.0,SOBER,002,002
c:\Users\nagap\OneDrive\Documentos\Maestria\2025S\Phonetics TeamLab\ALC\ses2052,0612052003_h_00.wav,N,0.0,SOBER,003,003
c:\Users\nagap\OneDrive\Documentos\Maestria\2025S\Phonetics TeamLab\ALC\ses2052,0612052004_h_00.wav,N,0.0,SOBER,004,004
c:\Users\nagap\OneDrive\Documentos\Maestria\2025S\Phonetics TeamLab\ALC\ses2052,0612052005_h_00.wav,N,0.0,SOBER,005,005
c:\Users\nagap\OneDrive\Documentos\Maestria\2025S\Phonetics TeamLab\ALC\ses2052,0612052006_h_00.wav,N,0.0,SOBER,006,006
c:\Users\nagap\OneDrive\Documentos\Maestria\2025S\Phonetics TeamLab\ALC\ses2052,0612052007_h_00.wav,N,0.0,SOBER,007,007
c:\Users\nagap\OneDrive\Documentos\Maestria\2025S\Phonetics TeamLab\ALC\ses2052,0612052008_h_00.wav,N,0.0,SOBER,008,008
c:\Users\nagap\OneDrive\Documentos\Maestria\2025S\Phonetics TeamLab\ALC\ses2052,0612052009_h_00.wav,N,0.0,SOBER,009,009
c:\Users\nagap\OneDrive\Documentos\Maestria\2025S\Phonetics TeamLab\ALC\ses2052,0612052010_h_00.wav,N,0.0,SOBER,010,010
c:\Users\nagap\OneDrive\Documentos\Maestria\2025S\Phonetics TeamLab\ALC\ses2052,0612052011_h_00.wav,N,0.0,SOBER,011,011
c:\Users\nagap\OneDrive\Documentos\Maestria\2025S\Phonetics TeamLab\ALC\ses2052,0612052012_h_00.wav,N,0.0,SOBER,012,012
c:\Users\nagap\OneDrive\Documentos\Maestria\2025S\Phonetics TeamLab\ALC\ses2052,0612052013_h_00.wav,N,0.0,SOBER,013,013
c:\Users\nagap\OneDrive\Documentos\Maestria\2025S\Phonetics TeamLab\ALC\ses2052,0612052014_h_00.wav,N,0.0,SOBER,014,014
c:\Users\nagap\OneDrive\Documentos\Maestria\2025S\Phonetics TeamLab\ALC\ses2052,0612052015_h_00.wav,N,0.0,SOBER,015,015
c:\Users\nagap\OneDrive\Documentos\Maestria\2025S\Phonetics TeamLab\ALC\ses2052,0612052016_h_00.wav,N,0.0,SOBER,016,016
c:\Users\nagap\OneDrive\Documentos\Maestria\2025S\Phonetics TeamLab\ALC\ses2052,0612052017_h_00.wav,N,0.0,SOBER,017,017
c:\Users\nagap\OneDrive\Documentos\Maestria\2025S\Phonetics TeamLab\ALC\ses2052,0612052018_h_00.wav,N,0.0,SOBER,018,018
c:\Users\nagap\OneDrive\Documentos\Maestria\2025S\Phonetics TeamLab\ALC\ses2052,0612052019_h_00.wav,N,0.0,SOBER,019,019
c:\Users\nagap\OneDrive\Documentos\Maestria\2025S\Phonetics TeamLab\ALC\ses2052,0612052020_h_00.wav,N,0.0,SOBER,020,020
c:\Users\nagap\OneDrive\Documentos\Maestria\2025S\Phonetics TeamLab\ALC\ses2052,0612052021_h_00.wav,N,0.0,SOBER,021,021
c:\Users\nagap\OneDrive\Documentos\Maestria\2025S\Phonetics TeamLab\ALC\ses2052,0612052022_h_00.wav,N,0.0,SOBER,022,022
c:\Users\nagap\OneDrive\Documentos\Maestria\2025S\Phonetics TeamLab\ALC\ses2052,0612052023_h_00.wav,N,0.0,SOBER,023,023
c:\Users\nagap\OneDrive\Documentos\Maestria\2025S\Phonetics TeamLab\ALC\ses2052,0612052024_h_00.wav,N,0.0,SOBER,024,024
c:\Users\nagap\OneDrive\Documentos\Maestria\2025S\Phonetics TeamLab\ALC\ses2052,0612052025_h_00.wav,N,0.0,SOBER,025,025
c:\Users\nagap\OneDrive\Documentos\Maestria\2025S\Phonetics TeamLab\ALC\ses2052,0612052026_h_00.wav,N,0.0,SOBER,026,026
c:\Users\nagap\OneDrive\Documentos\Maestria\2025S\Phonetics TeamLab\ALC\ses2052,0612052027_h_00.wav,N,0.0,SOBER,027,027
c:\Users\nagap\OneDrive\Documentos\Maestria\2025S\Phonetics TeamLab\ALC\ses2052,0612052028_h_00.wav,N,0.0,SOBER,028,028
c:\Users\nagap\OneDrive\Documentos\Maestria\2025S\Phonetics TeamLab\ALC\ses2052,0612052029_h_00.wav,N,0.0,SOBER,029,029
c:\Users\nagap\OneDrive\Documentos\Maestria\2025S\Phonetics TeamLab\ALC\ses2052,0612052030_h_00.wav,N,0.0,SOBER,030,030
c:\Users\nagap\OneDrive\Documentos\Maestria\2025S\Phonetics TeamLab\ALC\ses2052,0612052031_h_00.wav,N,0.0,SOBER,031,031
c:\Users\nagap\OneDrive\Documentos\Maestria\2025S\Phonetics TeamLab\ALC\ses2052,0612052032_h_00.wav,N,0.0,SOBER,032,032
c:\Users\nagap\OneDrive\Documentos\Maestria\2025S\Phonetics TeamLab\ALC\ses2052,0612052033_h_00.wav,N,0.0,SOBER,033,033
c:\Users\nagap\OneDrive\Documentos\Maestria\2025S\Phonetics TeamLab\ALC\ses2052,0612052034_h_00.wav,N,0.0,SOBER,034,034
c:\Users\nagap\OneDrive\Documentos\Maestria\2025S\Phonetics TeamLab\ALC\ses2052,0612052035_h_00.wav,N,0.0,SOBER,035,035
c:\Users\nagap\OneDrive\Documentos\Maestria\2025S\Phonetics TeamLab\ALC\ses2052,0612052036_h_00.wav,N,0.0,SOBER,036,036
c:\Users\nagap\OneDrive\Documentos\Maestria\2025S\Phonetics TeamLab\ALC\ses2052,0612052037_h_00.wav,N,0.0,SOBER,037,037
c:\Users\nagap\OneDrive\Documentos\Maestria\2025S\Phonetics TeamLab\ALC\ses2052,0612052038_h_00.wav,N,0.0,SOBER,038,038
c:\Users\nagap\OneDrive\Documentos\Maestria\2025S\Phonetics TeamLab\ALC\ses2052,0612052039_h_00.wav,N,0.0,SOBER,039,039
c:\Users\nagap\OneDrive\Documentos\Maestria\2025S\Phonetics TeamLab\ALC\ses2052,0612052040_h_00.wav,N,0.0,SOBER,040,040
c:\Users\nagap\OneDrive\Documentos\Maestria\2025S\Phonetics TeamLab\ALC\ses2052,0612052041_h_00.wav,N,0.0,SOBER,041,041
c:\Users\nagap\OneDrive\Documentos\Maestria\2025S\Phonetics TeamLab\ALC\ses2052,0612052042_h_00.wav,N,0.0,SOBER,042,042
c:\Users\nagap\OneDrive\Documentos\Maestria\2025S\Phonetics TeamLab\ALC\ses2052,0612052043_h_00.wav,N,0.0,SOBER,043,043
c:\Users\nagap\OneDrive\Documentos\Maestria\2025S\Phonetics TeamLab\ALC\ses2052,0612052044_h_00.wav,N,0.0,SOBER,044,044
c:\Users\nagap\OneDrive\Documentos\Maestria\2025S\Phonetics TeamLab\ALC\ses2052,0612052045_h_00.wav,N,0.0,SOBER,045,045
c:\Users\nagap\OneDrive\Documentos\Maestria\2025S\Phonetics TeamLab\ALC\ses2052,0612052046_h_00.wav,N,0.0,SOBER,046,046
c:\Users\nagap\OneDrive\Documentos\Maestria\2025S\Phonetics TeamLab\ALC\ses2052,0612052047_h_00.wav,N,0.0,SOBER,047,047
c:\Users\nagap\OneDrive\Documentos\Maestria\2025S\Phonetics TeamLab\ALC\ses2052,0612052048_h_00.wav,N,0.0,SOBER,048,048
c:\Users\nagap\OneDrive\Documentos\Maestria\2025S\Phonetics TeamLab\ALC\ses2052,0612052049_h_00.wav,N,0.0,SOBER,049,049
c:\Users\nagap\OneDrive\Documentos\Maestria\2025S\Phonetics TeamLab\ALC\ses2052,0612052050_h_00.wav,N,0.0,SOBER,050,050
c:\Users\nagap\OneDrive\Documentos\Maestria\2025S\Phonetics TeamLab\ALC\ses2052,0612052051_h_00.wav,N,0.0,SOBER,051,051
c:\Users\nagap\OneDrive\Documentos\Maestria\2025S\Phonetics TeamLab\ALC\ses2052,0612052052_h_00.wav,N,0.0,SOBER,052,052
c:\Users\nagap\OneDrive\Documentos\Maestria\2025S\Phonetics TeamLab\ALC\ses2052,0612052053_h_00.wav,N,0.0,SOBER,053,053
c:\Users\nagap\OneDrive\Documentos\Maestria\2025S\Phonetics TeamLab\ALC\ses2052,0612052054_h_00.wav,N,0.0,SOBER,054,054
c:\Users\nagap\OneDrive\Documentos\Maestria\2025S\Phonetics TeamLab\ALC\ses2052,0612052055_h_00.wav,N,0.0,SOBER,055,055
c:\Users\nagap\OneDrive\Documentos\Maestria\2025S\Phonetics TeamLab\ALC\ses2052,0612052056_h_00.wav,N,0.0,SOBER,056,056
c:\Users\nagap\OneDrive\Documentos\Maestria\2025S\Phonetics TeamLab\ALC\ses2052,0612052057_h_00.wav,N,0.0,SOBER,057,057
c:\Users\nagap\OneDrive\Documentos\Maestria\2025S\Phonetics TeamLab\ALC\ses2052,0612052058_h_00.wav,N,0.0,SOBER,058,058
c:\Users\nagap\OneDrive\Documentos\Maestria\2025S\Phonetics TeamLab\ALC\ses2052,0612052059_h_00.wav,N,0.0,SOBER,059,059
c:\Users\nagap\OneDrive\Documentos\Maestria\2025S\Phonetics TeamLab\ALC\ses2052,0612052060_h_00.wav,N,0.0,SOBER,060,060
c:\Users\nagap\OneDrive\Documentos\Maestria\2025S\Phonetics TeamLab\ALC\ses1011,0111011001_h_00.wav,N,0.00045,DRUNK,001,001
c:\Users\nagap\OneDrive\Documentos\Maestria\2025S\Phonetics TeamLab\ALC\ses1011,0111011002_h_01.wav,N,0.00045,DRUNK,002,034
c:\Users\nagap\OneDrive\Documentos\Maestria\2025S\Phonetics TeamLab\ALC\ses1011,0111011003_h_00.wav,N,0.00045,DRUNK,003,032
c:\Users\nagap\OneDrive\Documentos\Maestria\2025S\Phonetics TeamLab\ALC\ses1011,0111011004_h_00.wav,N,0.00045,DRUNK,004,061
c:\Users\nagap\OneDrive\Documentos\Maestria\2025S\Phonetics TeamLab\ALC\ses1011,0111011005_h_00.wav,N,0.00045,DRUNK,005,030
c:\Users\nagap\OneDrive\Documentos\Maestria\2025S\Phonetics TeamLab\ALC\ses1011,0111011006_h_00.wav,N,0.00045,DRUNK,006,026
c:\Users\nagap\OneDrive\Documentos\Maestria\2025S\Phonetics TeamLab\ALC\ses1011,0111011007_h_00.wav,N,0.00045,DRUNK,007,023
c:\Users\nagap\OneDrive\Documentos\Maestria\2025S\Phonetics TeamLab\ALC\ses1011,0111011008_h_00.wav,N,0.00045,DRUNK,008,008
c:\Users\nagap\OneDrive\Documentos\Maestria\2025S\Phonetics TeamLab\ALC\ses1011,0111011009_h_00.wav,N,0.00045,DRUNK,009,029
c:\Users\nagap\OneDrive\Documentos\Maestria\2025S\Phonetics TeamLab\ALC\ses1011,0111011010_h_00.wav,N,0.00045,DRUNK,010,010
c:\Users\nagap\OneDrive\Documentos\Maestria\2025S\Phonetics TeamLab\ALC\ses1011,0111011011_h_00.wav,N,0.00045,DRUNK,011,031
c:\Users\nagap\OneDrive\Documentos\Maestria\2025S\Phonetics TeamLab\ALC\ses1011,0111011012_h_00.wav,N,0.00045,DRUNK,012,012
c:\Users\nagap\OneDrive\Documentos\Maestria\2025S\Phonetics TeamLab\ALC\ses1011,0111011013_h_00.wav,N,0.00045,DRUNK,013,013
c:\Users\nagap\OneDrive\Documentos\Maestria\2025S\Phonetics TeamLab\ALC\ses1011,0111011014_h_00.wav,N,0.00045,DRUNK,014,014
c:\Users\nagap\OneDrive\Documentos\Maestria\2025S\Phonetics TeamLab\ALC\ses1011,0111011015_h_00.wav,N,0.00045,DRUNK,015,015
c:\Users\nagap\OneDrive\Documentos\Maestria\2025S\Phonetics TeamLab\ALC\ses1011,0111011016_h_00.wav,N,0.00045,DRUNK,016,036
c:\Users\nagap\OneDrive\Documentos\Maestria\2025S\Phonetics TeamLab\ALC\ses1011,0111011017_h_00.wav,N,0.00045,DRUNK,017,024
c:\Users\nagap\OneDrive\Documentos\Maestria\2025S\Phonetics TeamLab\ALC\ses1011,0111011018_h_00.wav,N,0.00045,DRUNK,018,038
c:\Users\nagap\OneDrive\Documentos\Maestria\2025S\Phonetics TeamLab\ALC\ses1011,0111011019_h_00.wav,N,0.00045,DRUNK,019,019
c:\Users\nagap\OneDrive\Documentos\Maestria\2025S\Phonetics TeamLab\ALC\ses1011,0111011020_h_00.wav,N,0.00045,DRUNK,020,020
c:\Users\nagap\OneDrive\Documentos\Maestria\2025S\Phonetics TeamLab\ALC\ses1011,0111011021_h_00.wav,N,0.00045,DRUNK,021,041
c:\Users\nagap\OneDrive\Documentos\Maestria\2025S\Phonetics TeamLab\ALC\ses1011,0111011022_h_00.wav,N,0.00045,DRUNK,022,042
c:\Users\nagap\OneDrive\Documentos\Maestria\2025S\Phonetics TeamLab\ALC\ses1011,0111011023_h_00.wav,N,0.00045,DRUNK,023,059
c:\Users\nagap\OneDrive\Documentos\Maestria\2025S\Phonetics TeamLab\ALC\ses1011,0111011024_h_00.wav,N,0.00045,DRUNK,024,051
c:\Users\nagap\OneDrive\Documentos\Maestria\2025S\Phonetics TeamLab\ALC\ses1011,0111011025_h_00.wav,N,0.00045,DRUNK,025,046
c:\Users\nagap\OneDrive\Documentos\Maestria\2025S\Phonetics TeamLab\ALC\ses1011,0111011026_h_00.wav,N,0.00045,DRUNK,026,055
c:\Users\nagap\OneDrive\Documentos\Maestria\2025S\Phonetics TeamLab\ALC\ses1011,0111011027_h_00.wav,N,0.00045,DRUNK,027,048
c:\Users\nagap\OneDrive\Documentos\Maestria\2025S\Phonetics TeamLab\ALC\ses1011,0111011028_h_00.wav,N,0.00045,DRUNK,028,049
c:\Users\nagap\OneDrive\Documentos\Maestria\2025S\Phonetics TeamLab\ALC\ses1011,0111011029_h_00.wav,N,0.00045,DRUNK,029,050
c:\Users\nagap\OneDrive\Documentos\Maestria\2025S\Phonetics TeamLab\ALC\ses1011,0111011030_h_00.wav,N,0.00045,DRUNK,030,060
c:\Users\nagap\OneDrive\Documentos\Maestria\2025S\Phonetics TeamLab\ALC\ses2005,0112005001_h_00.wav,N,0.0,SOBER,001,001
c:\Users\nagap\OneDrive\Documentos\Maestria\2025S\Phonetics TeamLab\ALC\ses2005,0112005002_h_00.wav,N,0.0,SOBER,002,002
c:\Users\nagap\OneDrive\Documentos\Maestria\2025S\Phonetics TeamLab\ALC\ses2005,0112005003_h_00.wav,N,0.0,SOBER,003,003
c:\Users\nagap\OneDrive\Documentos\Maestria\2025S\Phonetics TeamLab\ALC\ses2005,0112005004_h_00.wav,N,0.0,SOBER,004,004
c:\Users\nagap\OneDrive\Documentos\Maestria\2025S\Phonetics TeamLab\ALC\ses2005,0112005005_h_00.wav,N,0.0,SOBER,005,005
c:\Users\nagap\OneDrive\Documentos\Maestria\2025S\Phonetics TeamLab\ALC\ses2005,0112005006_h_00.wav,N,0.0,SOBER,006,006
c:\Users\nagap\OneDrive\Documentos\Maestria\2025S\Phonetics TeamLab\ALC\ses2005,0112005007_h_00.wav,N,0.0,SOBER,007,007
c:\Users\nagap\OneDrive\Documentos\Maestria\2025S\Phonetics TeamLab\ALC\ses2005,0112005008_h_00.wav,N,0.0,SOBER,008,008
c:\Users\nagap\OneDrive\Documentos\Maestria\2025S\Phonetics TeamLab\ALC\ses2005,0112005009_h_00.wav,N,0.0,SOBER,009,009
c:\Users\nagap\OneDrive\Documentos\Maestria\2025S\Phonetics TeamLab\ALC\ses2005,0112005010_h_00.wav,N,0.0,SOBER,010,010
c:\Users\nagap\OneDrive\Documentos\Maestria\2025S\Phonetics TeamLab\ALC\ses2005,0112005011_h_00.wav,N,0.0,SOBER,011,011
c:\Users\nagap\OneDrive\Documentos\Maestria\2025S\Phonetics TeamLab\ALC\ses2005,0112005012_h_00.wav,N,0.0,SOBER,012,012
c:\Users\nagap\OneDrive\Documentos\Maestria\2025S\Phonetics TeamLab\ALC\ses2005,0112005013_h_00.wav,N,0.0,SOBER,013,013
c:\Users\nagap\OneDrive\Documentos\Maestria\2025S\Phonetics TeamLab\ALC\ses2005,0112005014_h_00.wav,N,0.0,SOBER,014,014
c:\Users\nagap\OneDrive\Documentos\Maestria\2025S\Phonetics TeamLab\ALC\ses2005,0112005015_h_00.wav,N,0.0,SOBER,015,015
c:\Users\nagap\OneDrive\Documentos\Maestria\2025S\Phonetics TeamLab\ALC\ses2005,0112005016_h_00.wav,N,0.0,SOBER,016,016
c:\Users\nagap\OneDrive\Documentos\Maestria\2025S\Phonetics TeamLab\ALC\ses2005,0112005017_h_00.wav,N,0.0,SOBER,017,017
c:\Users\nagap\OneDrive\Documentos\Maestria\2025S\Phonetics TeamLab\ALC\ses2005,0112005018_h_00.wav,N,0.0,SOBER,018,018
c:\Users\nagap\OneDrive\Documentos\Maestria\2025S\Phonetics TeamLab\ALC\ses2005,0112005019_h_00.wav,N,0.0,SOBER,019,019
c:\Users\nagap\OneDrive\Documentos\Maestria\2025S\Phonetics TeamLab\ALC\ses2005,0112005020_h_00.wav,N,0.0,SOBER,020,020
c:\Users\nagap\OneDrive\Documentos\Maestria\2025S\Phonetics TeamLab\ALC\ses2005,0112005021_h_00.wav,N,0.0,SOBER,021,021
c:\Users\nagap\OneDrive\Documentos\Maestria\2025S\Phonetics TeamLab\ALC\ses2005,0112005022_h_00.wav,N,0.0,SOBER,022,022
c:\Users\nagap\OneDrive\Documentos\Maestria\2025S\Phonetics TeamLab\ALC\ses2005,0112005023_h_00.wav,N,0.0,SOBER,023,023
c:\Users\nagap\OneDrive\Documentos\Maestria\2025S\Phonetics TeamLab\ALC\ses2005,0112005024_h_00.wav,N,0.0,SOBER,024,024
c:\Users\nagap\OneDrive\Documentos\Maestria\2025S\Phonetics TeamLab\ALC\ses2005,0112005025_h_00.wav,N,0.0,SOBER,025,025
c:\Users\nagap\OneDrive\Documentos\Maestria\2025S\Phonetics TeamLab\ALC\ses2005,0112005026_h_00.wav,N,0.0,SOBER,026,026
c:\Users\nagap\OneDrive\Documentos\Maestria\2025S\Phonetics TeamLab\ALC\ses2005,0112005027_h_00.wav,N,0.0,SOBER,027,027
c:\Users\nagap\OneDrive\Documentos\Maestria\2025S\Phonetics TeamLab\ALC\ses2005,0112005028_h_00.wav,N,0.0,SOBER,028,028
c:\Users\nagap\OneDrive\Documentos\Maestria\2025S\Phonetics TeamLab\ALC\ses2005,0112005029_h_00.wav,N,0.0,SOBER,029,029
c:\Users\nagap\OneDrive\Documentos\Maestria\2025S\Phonetics TeamLab\ALC\ses2005,0112005030_h_00.wav,N,0.0,SOBER,030,030
c:\Users\nagap\OneDrive\Documentos\Maestria\2025S\Phonetics TeamLab\ALC\ses2005,0112005031_h_00.wav,N,0.0,SOBER,031,031
c:\Users\nagap\OneDrive\Documentos\Maestria\2025S\Phonetics TeamLab\ALC\ses2005,0112005032_h_00.wav,N,0.0,SOBER,032,032
c:\Users\nagap\OneDrive\Documentos\Maestria\2025S\Phonetics TeamLab\ALC\ses2005,0112005033_h_00.wav,N,0.0,SOBER,033,033
c:\Users\nagap\OneDrive\Documentos\Maestria\2025S\Phonetics TeamLab\ALC\ses2005,0112005034_h_00.wav,N,0.0,SOBER,034,034
c:\Users\nagap\OneDrive\Documentos\Maestria\2025S\Phonetics TeamLab\ALC\ses2005,0112005035_h_00.wav,N,0.0,SOBER,035,035
c:\Users\nagap\OneDrive\Documentos\Maestria\2025S\Phonetics TeamLab\ALC\ses2005,0112005036_h_00.wav,N,0.0,SOBER,036,036
c:\Users\nagap\OneDrive\Documentos\Maestria\2025S\Phonetics TeamLab\ALC\ses2005,0112005037_h_00.wav,N,0.0,SOBER,037,037
c:\Users\nagap\OneDrive\Documentos\Maestria\2025S\Phonetics TeamLab\ALC\ses2005,0112005038_h_00.wav,N,0.0,SOBER,038,038
c:\Users\nagap\OneDrive\Documentos\Maestria\2025S\Phonetics TeamLab\ALC\ses2005,0112005039_h_00.wav,N,0.0,SOBER,039,039
c:\Users\nagap\OneDrive\Documentos\Maestria\2025S\Phonetics TeamLab\ALC\ses2005,0112005040_h_00.wav,N,0.0,SOBER,040,040
c:\Users\nagap\OneDrive\Documentos\Maestria\2025S\Phonetics TeamLab\ALC\ses2005,0112005041_h_00.wav,N,0.0,SOBER,041,041
c:\Users\nagap\OneDrive\Documentos\Maestria\2025S\Phonetics TeamLab\ALC\ses2005,0112005042_h_00.wav,N,0.0,SOBER,042,042
c:\Users\nagap\OneDrive\Documentos\Maestria\2025S\Phonetics TeamLab\ALC\ses2005,0112005043_h_00.wav,N,0.0,SOBER,043,043
c:\Users\nagap\OneDrive\Documentos\Maestria\2025S\Phonetics TeamLab\ALC\ses2005,0112005044_h_00.wav,N,0.0,SOBER,044,044
c:\Users\nagap\OneDrive\Documentos\Maestria\2025S\Phonetics TeamLab\ALC\ses2005,0112005045_h_00.wav,N,0.0,SOBER,045,045
c:\Users\nagap\OneDrive\Documentos\Maestria\2025S\Phonetics TeamLab\ALC\ses2005,0112005046_h_00.wav,N,0.0,SOBER,046,046
c:\Users\nagap\OneDrive\Documentos\Maestria\2025S\Phonetics TeamLab\ALC\ses2005,0112005047_h_00.wav,N,0.0,SOBER,047,047
c:\Users\nagap\OneDrive\Documentos\Maestria\2025S\Phonetics TeamLab\ALC\ses2005,0112005048_h_00.wav,N,0.0,SOBER,048,048
c:\Users\nagap\OneDrive\Documentos\Maestria\2025S\Phonetics TeamLab\ALC\ses2005,0112005049_h_00.wav,N,0.0,SOBER,049,049
c:\Users\nagap\OneDrive\Documentos\Maestria\2025S\Phonetics TeamLab\ALC\ses2005,0112005050_h_00.wav,N,0.0,SOBER,050,050
c:\Users\nagap\OneDrive\Documentos\Maestria\2025S\Phonetics TeamLab\ALC\ses2005,0112005051_h_00.wav,N,0.0,SOBER,051,051
c:\Users\nagap\OneDrive\Documentos\Maestria\2025S\Phonetics TeamLab\ALC\ses2005,0112005052_h_00.wav,N,0.0,SOBER,052,052
c:\Users\nagap\OneDrive\Documentos\Maestria\2025S\Phonetics TeamLab\ALC\ses2005,0112005053_h_00.wav,N,0.0,SOBER,053,053
c:\Users\nagap\OneDrive\Documentos\Maestria\2025S\Phonetics TeamLab\ALC\ses2005,0112005054_h_00.wav,N,0.0,SOBER,054,054
c:\Users\nagap\OneDrive\Documentos\Maestria\2025S\Phonetics TeamLab\ALC\ses2005,0112005055_h_00.wav,N,0.0,SOBER,055,055
c:\Users\nagap\OneDrive\Documentos\Maestria\2025S\Phonetics TeamLab\ALC\ses2005,0112005056_h_00.wav,N,0.0,SOBER,056,056
c:\Users\nagap\OneDrive\Documentos\Maestria\2025S\Phonetics TeamLab\ALC\ses2005,0112005057_h_00.wav,N,0.0,SOBER,057,057
c:\Users\nagap\OneDrive\Documentos\Maestria\2025S\Phonetics TeamLab\ALC\ses2005,0112005058_h_00.wav,N,0.0,SOBER,058,058
c:\Users\nagap\OneDrive\Documentos\Maestria\2025S\Phonetics TeamLab\ALC\ses2005,0112005059_h_00.wav,N,0.0,SOBER,059,059
c:\Users\nagap\OneDrive\Documentos\Maestria\2025S\Phonetics TeamLab\ALC\ses2005,0112005060_h_00.wav,N,0.0,SOBER,060,060
c:\Users\nagap\OneDrive\Documentos\Maestria\2025S\Phonetics TeamLab\ALC\ses1050,0491050001_h_01.wav,A,0.0012,DRUNK,001,001
c:\Users\nagap\OneDrive\Documentos\Maestria\2025S\Phonetics TeamLab\ALC\ses1050,0491050002_h_00.wav,A,0.0012,DRUNK,002,034
c:\Users\nagap\OneDrive\Documentos\Maestria\2025S\Phonetics TeamLab\ALC\ses1050,0491050003_h_00.wav,A,0.0012,DRUNK,003,032
c:\Users\nagap\OneDrive\Documentos\Maestria\2025S\Phonetics TeamLab\ALC\ses1050,0491050004_h_00.wav,A,0.0012,DRUNK,004,061
c:\Users\nagap\OneDrive\Documentos\Maestria\2025S\Phonetics TeamLab\ALC\ses1050,0491050005_h_00.wav,A,0.0012,DRUNK,005,030
c:\Users\nagap\OneDrive\Documentos\Maestria\2025S\Phonetics TeamLab\ALC\ses1050,0491050006_h_00.wav,A,0.0012,DRUNK,006,026
c:\Users\nagap\OneDrive\Documentos\Maestria\2025S\Phonetics TeamLab\ALC\ses1050,0491050007_h_00.wav,A,0.0012,DRUNK,007,023
c:\Users\nagap\OneDrive\Documentos\Maestria\2025S\Phonetics TeamLab\ALC\ses1050,0491050008_h_00.wav,A,0.0012,DRUNK,008,008
c:\Users\nagap\OneDrive\Documentos\Maestria\2025S\Phonetics TeamLab\ALC\ses1050,0491050009_h_00.wav,A,0.0012,DRUNK,009,029
c:\Users\nagap\OneDrive\Documentos\Maestria\2025S\Phonetics TeamLab\ALC\ses1050,0491050010_h_00.wav,A,0.0012,DRUNK,010,010
c:\Users\nagap\OneDrive\Documentos\Maestria\2025S\Phonetics TeamLab\ALC\ses1050,0491050011_h_00.wav,A,0.0012,DRUNK,011,031
c:\Users\nagap\OneDrive\Documentos\Maestria\2025S\Phonetics TeamLab\ALC\ses1050,0491050012_h_00.wav,A,0.0012,DRUNK,012,012
c:\Users\nagap\OneDrive\Documentos\Maestria\2025S\Phonetics TeamLab\ALC\ses1050,0491050013_h_00.wav,A,0.0012,DRUNK,013,013
c:\Users\nagap\OneDrive\Documentos\Maestria\2025S\Phonetics TeamLab\ALC\ses1050,0491050014_h_00.wav,A,0.0012,DRUNK,014,014
c:\Users\nagap\OneDrive\Documentos\Maestria\2025S\Phonetics TeamLab\ALC\ses1050,0491050015_h_00.wav,A,0.0012,DRUNK,015,015
c:\Users\nagap\OneDrive\Documentos\Maestria\2025S\Phonetics TeamLab\ALC\ses1050,0491050016_h_00.wav,A,0.0012,DRUNK,016,036
c:\Users\nagap\OneDrive\Documentos\Maestria\2025S\Phonetics TeamLab\ALC\ses1050,0491050017_h_00.wav,A,0.0012,DRUNK,017,024
c:\Users\nagap\OneDrive\Documentos\Maestria\2025S\Phonetics TeamLab\ALC\ses1050,0491050018_h_00.wav,A,0.0012,DRUNK,018,038
c:\Users\nagap\OneDrive\Documentos\Maestria\2025S\Phonetics TeamLab\ALC\ses1050,0491050019_h_00.wav,A,0.0012,DRUNK,019,019
c:\Users\nagap\OneDrive\Documentos\Maestria\2025S\Phonetics TeamLab\ALC\ses1050,0491050020_h_00.wav,A,0.0012,DRUNK,020,020
c:\Users\nagap\OneDrive\Documentos\Maestria\2025S\Phonetics TeamLab\ALC\ses1050,0491050021_h_00.wav,A,0.0012,DRUNK,021,041
c:\Users\nagap\OneDrive\Documentos\Maestria\2025S\Phonetics TeamLab\ALC\ses1050,0491050022_h_00.wav,A,0.0012,DRUNK,022,042
c:\Users\nagap\OneDrive\Documentos\Maestria\2025S\Phonetics TeamLab\ALC\ses1050,0491050023_h_00.wav,A,0.0012,DRUNK,023,059
c:\Users\nagap\OneDrive\Documentos\Maestria\2025S\Phonetics TeamLab\ALC\ses1050,0491050024_h_00.wav,A,0.0012,DRUNK,024,051
c:\Users\nagap\OneDrive\Documentos\Maestria\2025S\Phonetics TeamLab\ALC\ses1050,0491050025_h_00.wav,A,0.0012,DRUNK,025,046
c:\Users\nagap\OneDrive\Documentos\Maestria\2025S\Phonetics TeamLab\ALC\ses1050,0491050026_h_00.wav,A,0.0012,DRUNK,026,055
c:\Users\nagap\OneDrive\Documentos\Maestria\2025S\Phonetics TeamLab\ALC\ses1050,0491050027_h_00.wav,A,0.0012,DRUNK,027,048
c:\Users\nagap\OneDrive\Documentos\Maestria\2025S\Phonetics TeamLab\ALC\ses1050,0491050028_h_00.wav,A,0.0012,DRUNK,028,049
c:\Users\nagap\OneDrive\Documentos\Maestria\2025S\Phonetics TeamLab\ALC\ses1050,0491050029_h_00.wav,A,0.0012,DRUNK,029,050
c:\Users\nagap\OneDrive\Documentos\Maestria\2025S\Phonetics TeamLab\ALC\ses1050,0491050030_h_01.wav,A,0.0012,DRUNK,030,060
c:\Users\nagap\OneDrive\Documentos\Maestria\2025S\Phonetics TeamLab\ALC\ses2043,0492043001_h_00.wav,N,0.0,SOBER,001,001
c:\Users\nagap\OneDrive\Documentos\Maestria\2025S\Phonetics TeamLab\ALC\ses2043,0492043002_h_00.wav,N,0.0,SOBER,002,002
c:\Users\nagap\OneDrive\Documentos\Maestria\2025S\Phonetics TeamLab\ALC\ses2043,0492043003_h_00.wav,N,0.0,SOBER,003,003
c:\Users\nagap\OneDrive\Documentos\Maestria\2025S\Phonetics TeamLab\ALC\ses2043,0492043004_h_00.wav,N,0.0,SOBER,004,004
c:\Users\nagap\OneDrive\Documentos\Maestria\2025S\Phonetics TeamLab\ALC\ses2043,0492043005_h_00.wav,N,0.0,SOBER,005,005
c:\Users\nagap\OneDrive\Documentos\Maestria\2025S\Phonetics TeamLab\ALC\ses2043,0492043006_h_00.wav,N,0.0,SOBER,006,006
c:\Users\nagap\OneDrive\Documentos\Maestria\2025S\Phonetics TeamLab\ALC\ses2043,0492043007_h_00.wav,N,0.0,SOBER,007,007
c:\Users\nagap\OneDrive\Documentos\Maestria\2025S\Phonetics TeamLab\ALC\ses2043,0492043008_h_00.wav,N,0.0,SOBER,008,008
c:\Users\nagap\OneDrive\Documentos\Maestria\2025S\Phonetics TeamLab\ALC\ses2043,0492043009_h_00.wav,N,0.0,SOBER,009,009
c:\Users\nagap\OneDrive\Documentos\Maestria\2025S\Phonetics TeamLab\ALC\ses2043,0492043010_h_00.wav,N,0.0,SOBER,010,010
c:\Users\nagap\OneDrive\Documentos\Maestria\2025S\Phonetics TeamLab\ALC\ses2043,0492043011_h_00.wav,N,0.0,SOBER,011,011
c:\Users\nagap\OneDrive\Documentos\Maestria\2025S\Phonetics TeamLab\ALC\ses2043,0492043012_h_00.wav,N,0.0,SOBER,012,012
c:\Users\nagap\OneDrive\Documentos\Maestria\2025S\Phonetics TeamLab\ALC\ses2043,0492043013_h_00.wav,N,0.0,SOBER,013,013
c:\Users\nagap\OneDrive\Documentos\Maestria\2025S\Phonetics TeamLab\ALC\ses2043,0492043014_h_00.wav,N,0.0,SOBER,014,014
c:\Users\nagap\OneDrive\Documentos\Maestria\2025S\Phonetics TeamLab\ALC\ses2043,0492043015_h_00.wav,N,0.0,SOBER,015,015
c:\Users\nagap\OneDrive\Documentos\Maestria\2025S\Phonetics TeamLab\ALC\ses2043,0492043016_h_00.wav,N,0.0,SOBER,016,016
c:\Users\nagap\OneDrive\Documentos\Maestria\2025S\Phonetics TeamLab\ALC\ses2043,0492043017_h_00.wav,N,0.0,SOBER,017,017
c:\Users\nagap\OneDrive\Documentos\Maestria\2025S\Phonetics TeamLab\ALC\ses2043,0492043018_h_00.wav,N,0.0,SOBER,018,018
c:\Users\nagap\OneDrive\Documentos\Maestria\2025S\Phonetics TeamLab\ALC\ses2043,0492043019_h_00.wav,N,0.0,SOBER,019,019
c:\Users\nagap\OneDrive\Documentos\Maestria\2025S\Phonetics TeamLab\ALC\ses2043,0492043020_h_00.wav,N,0.0,SOBER,020,020
c:\Users\nagap\OneDrive\Documentos\Maestria\2025S\Phonetics TeamLab\ALC\ses2043,0492043021_h_00.wav,N,0.0,SOBER,021,021
c:\Users\nagap\OneDrive\Documentos\Maestria\2025S\Phonetics TeamLab\ALC\ses2043,0492043022_h_00.wav,N,0.0,SOBER,022,022
c:\Users\nagap\OneDrive\Documentos\Maestria\2025S\Phonetics TeamLab\ALC\ses2043,0492043023_h_00.wav,N,0.0,SOBER,023,023
c:\Users\nagap\OneDrive\Documentos\Maestria\2025S\Phonetics TeamLab\ALC\ses2043,0492043024_h_00.wav,N,0.0,SOBER,024,024
c:\Users\nagap\OneDrive\Documentos\Maestria\2025S\Phonetics TeamLab\ALC\ses2043,0492043025_h_00.wav,N,0.0,SOBER,025,025
c:\Users\nagap\OneDrive\Documentos\Maestria\2025S\Phonetics TeamLab\ALC\ses2043,0492043026_h_00.wav,N,0.0,SOBER,026,026
c:\Users\nagap\OneDrive\Documentos\Maestria\2025S\Phonetics TeamLab\ALC\ses2043,0492043027_h_00.wav,N,0.0,SOBER,027,027
c:\Users\nagap\OneDrive\Documentos\Maestria\2025S\Phonetics TeamLab\ALC\ses2043,0492043028_h_00.wav,N,0.0,SOBER,028,028
c:\Users\nagap\OneDrive\Documentos\Maestria\2025S\Phonetics TeamLab\ALC\ses2043,0492043029_h_00.wav,N,0.0,SOBER,029,029
c:\Users\nagap\OneDrive\Documentos\Maestria\2025S\Phonetics TeamLab\ALC\ses2043,0492043030_h_00.wav,N,0.0,SOBER,030,030
c:\Users\nagap\OneDrive\Documentos\Maestria\2025S\Phonetics TeamLab\ALC\ses2043,0492043031_h_00.wav,N,0.0,SOBER,031,031
c:\Users\nagap\OneDrive\Documentos\Maestria\2025S\Phonetics TeamLab\ALC\ses2043,0492043032_h_00.wav,N,0.0,SOBER,032,032
c:\Users\nagap\OneDrive\Documentos\Maestria\2025S\Phonetics TeamLab\ALC\ses2043,0492043033_h_00.wav,N,0.0,SOBER,033,033
c:\Users\nagap\OneDrive\Documentos\Maestria\2025S\Phonetics TeamLab\ALC\ses2043,0492043034_h_00.wav,N,0.0,SOBER,034,034
c:\Users\nagap\OneDrive\Documentos\Maestria\2025S\Phonetics TeamLab\ALC\ses2043,0492043035_h_00.wav,N,0.0,SOBER,035,035
c:\Users\nagap\OneDrive\Documentos\Maestria\2025S\Phonetics TeamLab\ALC\ses2043,0492043036_h_00.wav,N,0.0,SOBER,036,036
c:\Users\nagap\OneDrive\Documentos\Maestria\2025S\Phonetics TeamLab\ALC\ses2043,0492043037_h_00.wav,N,0.0,SOBER,037,037
c:\Users\nagap\OneDrive\Documentos\Maestria\2025S\Phonetics TeamLab\ALC\ses2043,0492043038_h_00.wav,N,0.0,SOBER,038,038
c:\Users\nagap\OneDrive\Documentos\Maestria\2025S\Phonetics TeamLab\ALC\ses2043,0492043039_h_00.wav,N,0.0,SOBER,039,039
c:\Users\nagap\OneDrive\Documentos\Maestria\2025S\Phonetics TeamLab\ALC\ses2043,0492043040_h_00.wav,N,0.0,SOBER,040,040
c:\Users\nagap\OneDrive\Documentos\Maestria\2025S\Phonetics TeamLab\ALC\ses2043,0492043041_h_00.wav,N,0.0,SOBER,041,041
c:\Users\nagap\OneDrive\Documentos\Maestria\2025S\Phonetics TeamLab\ALC\ses2043,0492043042_h_00.wav,N,0.0,SOBER,042,042
c:\Users\nagap\OneDrive\Documentos\Maestria\2025S\Phonetics TeamLab\ALC\ses2043,0492043043_h_00.wav,N,0.0,SOBER,043,043
c:\Users\nagap\OneDrive\Documentos\Maestria\2025S\Phonetics TeamLab\ALC\ses2043,0492043044_h_00.wav,N,0.0,SOBER,044,044
c:\Users\nagap\OneDrive\Documentos\Maestria\2025S\Phonetics TeamLab\ALC\ses2043,0492043045_h_00.wav,N,0.0,SOBER,045,045
c:\Users\nagap\OneDrive\Documentos\Maestria\2025S\Phonetics TeamLab\ALC\ses2043,0492043046_h_00.wav,N,0.0,SOBER,046,046
c:\Users\nagap\OneDrive\Documentos\Maestria\2025S\Phonetics TeamLab\ALC\ses2043,0492043047_h_00.wav,N,0.0,SOBER,047,047
c:\Users\nagap\OneDrive\Documentos\Maestria\2025S\Phonetics TeamLab\ALC\ses2043,0492043048_h_00.wav,N,0.0,SOBER,048,048
c:\Users\nagap\OneDrive\Documentos\Maestria\2025S\Phonetics TeamLab\ALC\ses2043,0492043049_h_00.wav,N,0.0,SOBER,049,049
c:\Users\nagap\OneDrive\Documentos\Maestria\2025S\Phonetics TeamLab\ALC\ses2043,0492043050_h_00.wav,N,0.0,SOBER,050,050
c:\Users\nagap\OneDrive\Documentos\Maestria\2025S\Phonetics TeamLab\ALC\ses2043,0492043051_h_00.wav,N,0.0,SOBER,051,051
c:\Users\nagap\OneDrive\Documentos\Maestria\2025S\Phonetics TeamLab\ALC\ses2043,0492043052_h_00.wav,N,0.0,SOBER,052,052
c:\Users\nagap\OneDrive\Documentos\Maestria\2025S\Phonetics TeamLab\ALC\ses2043,0492043053_h_00.wav,N,0.0,SOBER,053,053
c:\Users\nagap\OneDrive\Documentos\Maestria\2025S\Phonetics TeamLab\ALC\ses2043,0492043054_h_00.wav,N,0.0,SOBER,054,054
c:\Users\nagap\OneDrive\Documentos\Maestria\2025S\Phonetics TeamLab\ALC\ses2043,0492043055_h_00.wav,N,0.0,SOBER,055,055
c:\Users\nagap\OneDrive\Documentos\Maestria\2025S\Phonetics TeamLab\ALC\ses2043,0492043056_h_00.wav,N,0.0,SOBER,056,056
c:\Users\nagap\OneDrive\Documentos\Maestria\2025S\Phonetics TeamLab\ALC\ses2043,0492043057_h_00.wav,N,0.0,SOBER,057,057
c:\Users\nagap\OneDrive\Documentos\Maestria\2025S\Phonetics TeamLab\ALC\ses2043,0492043058_h_00.wav,N,0.0,SOBER,058,058
c:\Users\nagap\OneDrive\Documentos\Maestria\2025S\Phonetics TeamLab\ALC\ses2043,0492043059_h_00.wav,N,0.0,SOBER,059,059
c:\Users\nagap\OneDrive\Documentos\Maestria\2025S\Phonetics TeamLab\ALC\ses2043,0492043060_h_00.wav,N,0.0,SOBER,060,060
c:\Users\nagap\OneDrive\Documentos\Maestria\2025S\Phonetics TeamLab\ALC\ses1023,0221023001_h_03.wav,A,0.00057,DRUNK,001,001
c:\Users\nagap\OneDrive\Documentos\Maestria\2025S\Phonetics TeamLab\ALC\ses1023,0221023002_h_01.wav,A,0.00057,DRUNK,002,034
c:\Users\nagap\OneDrive\Documentos\Maestria\2025S\Phonetics TeamLab\ALC\ses1023,0221023003_h_00.wav,A,0.00057,DRUNK,003,032
c:\Users\nagap\OneDrive\Documentos\Maestria\2025S\Phonetics TeamLab\ALC\ses1023,0221023004_h_00.wav,A,0.00057,DRUNK,004,061
c:\Users\nagap\OneDrive\Documentos\Maestria\2025S\Phonetics TeamLab\ALC\ses1023,0221023005_h_00.wav,A,0.00057,DRUNK,005,030
c:\Users\nagap\OneDrive\Documentos\Maestria\2025S\Phonetics TeamLab\ALC\ses1023,0221023006_h_00.wav,A,0.00057,DRUNK,006,026
c:\Users\nagap\OneDrive\Documentos\Maestria\2025S\Phonetics TeamLab\ALC\ses1023,0221023007_h_00.wav,A,0.00057,DRUNK,007,023
c:\Users\nagap\OneDrive\Documentos\Maestria\2025S\Phonetics TeamLab\ALC\ses1023,0221023008_h_00.wav,A,0.00057,DRUNK,008,008
c:\Users\nagap\OneDrive\Documentos\Maestria\2025S\Phonetics TeamLab\ALC\ses1023,0221023009_h_00.wav,A,0.00057,DRUNK,009,029
c:\Users\nagap\OneDrive\Documentos\Maestria\2025S\Phonetics TeamLab\ALC\ses1023,0221023010_h_00.wav,A,0.00057,DRUNK,010,010
c:\Users\nagap\OneDrive\Documentos\Maestria\2025S\Phonetics TeamLab\ALC\ses1023,0221023011_h_00.wav,A,0.00057,DRUNK,011,031
c:\Users\nagap\OneDrive\Documentos\Maestria\2025S\Phonetics TeamLab\ALC\ses1023,0221023012_h_00.wav,A,0.00057,DRUNK,012,012
c:\Users\nagap\OneDrive\Documentos\Maestria\2025S\Phonetics TeamLab\ALC\ses1023,0221023013_h_00.wav,A,0.00057,DRUNK,013,013
c:\Users\nagap\OneDrive\Documentos\Maestria\2025S\Phonetics TeamLab\ALC\ses1023,0221023014_h_00.wav,A,0.00057,DRUNK,014,014
c:\Users\nagap\OneDrive\Documentos\Maestria\2025S\Phonetics TeamLab\ALC\ses1023,0221023015_h_00.wav,A,0.00057,DRUNK,015,015
c:\Users\nagap\OneDrive\Documentos\Maestria\2025S\Phonetics TeamLab\ALC\ses1023,0221023016_h_00.wav,A,0.00057,DRUNK,016,036
c:\Users\nagap\OneDrive\Documentos\Maestria\2025S\Phonetics TeamLab\ALC\ses1023,0221023017_h_00.wav,A,0.00057,DRUNK,017,024
c:\Users\nagap\OneDrive\Documentos\Maestria\2025S\Phonetics TeamLab\ALC\ses1023,0221023018_h_00.wav,A,0.00057,DRUNK,018,038
c:\Users\nagap\OneDrive\Documentos\Maestria\2025S\Phonetics TeamLab\ALC\ses1023,0221023019_h_00.wav,A,0.00057,DRUNK,019,019
c:\Users\nagap\OneDrive\Documentos\Maestria\2025S\Phonetics TeamLab\ALC\ses1023,0221023020_h_00.wav,A,0.00057,DRUNK,020,020
c:\Users\nagap\OneDrive\Documentos\Maestria\2025S\Phonetics TeamLab\ALC\ses1023,0221023021_h_00.wav,A,0.00057,DRUNK,021,041
c:\Users\nagap\OneDrive\Documentos\Maestria\2025S\Phonetics TeamLab\ALC\ses1023,0221023022_h_00.wav,A,0.00057,DRUNK,022,042
c:\Users\nagap\OneDrive\Documentos\Maestria\2025S\Phonetics TeamLab\ALC\ses1023,0221023023_h_00.wav,A,0.00057,DRUNK,023,059
c:\Users\nagap\OneDrive\Documentos\Maestria\2025S\Phonetics TeamLab\ALC\ses1023,0221023024_h_00.wav,A,0.00057,DRUNK,024,051
c:\Users\nagap\OneDrive\Documentos\Maestria\2025S\Phonetics TeamLab\ALC\ses1023,0221023025_h_00.wav,A,0.00057,DRUNK,025,046
c:\Users\nagap\OneDrive\Documentos\Maestria\2025S\Phonetics TeamLab\ALC\ses1023,0221023026_h_00.wav,A,0.00057,DRUNK,026,055
c:\Users\nagap\OneDrive\Documentos\Maestria\2025S\Phonetics TeamLab\ALC\ses1023,0221023027_h_00.wav,A,0.00057,DRUNK,027,048
c:\Users\nagap\OneDrive\Documentos\Maestria\2025S\Phonetics TeamLab\ALC\ses1023,0221023028_h_00.wav,A,0.00057,DRUNK,028,049
c:\Users\nagap\OneDrive\Documentos\Maestria\2025S\Phonetics TeamLab\ALC\ses1023,0221023029_h_00.wav,A,0.00057,DRUNK,029,050
c:\Users\nagap\OneDrive\Documentos\Maestria\2025S\Phonetics TeamLab\ALC\ses1023,0221023030_h_00.wav,A,0.00057,DRUNK,030,060
c:\Users\nagap\OneDrive\Documentos\Maestria\2025S\Phonetics TeamLab\ALC\ses2018,0222018001_h_00.wav,N,0.0,SOBER,001,001
c:\Users\nagap\OneDrive\Documentos\Maestria\2025S\Phonetics TeamLab\ALC\ses2018,0222018002_h_01.wav,N,0.0,SOBER,002,002
c:\Users\nagap\OneDrive\Documentos\Maestria\2025S\Phonetics TeamLab\ALC\ses2018,0222018003_h_00.wav,N,0.0,SOBER,003,003
c:\Users\nagap\OneDrive\Documentos\Maestria\2025S\Phonetics TeamLab\ALC\ses2018,0222018004_h_00.wav,N,0.0,SOBER,004,004
c:\Users\nagap\OneDrive\Documentos\Maestria\2025S\Phonetics TeamLab\ALC\ses2018,0222018005_h_00.wav,N,0.0,SOBER,005,005
c:\Users\nagap\OneDrive\Documentos\Maestria\2025S\Phonetics TeamLab\ALC\ses2018,0222018006_h_00.wav,N,0.0,SOBER,006,006
c:\Users\nagap\OneDrive\Documentos\Maestria\2025S\Phonetics TeamLab\ALC\ses2018,0222018007_h_00.wav,N,0.0,SOBER,007,007
c:\Users\nagap\OneDrive\Documentos\Maestria\2025S\Phonetics TeamLab\ALC\ses2018,0222018008_h_00.wav,N,0.0,SOBER,008,008
c:\Users\nagap\OneDrive\Documentos\Maestria\2025S\Phonetics TeamLab\ALC\ses2018,0222018009_h_00.wav,N,0.0,SOBER,009,009
c:\Users\nagap\OneDrive\Documentos\Maestria\2025S\Phonetics TeamLab\ALC\ses2018,0222018010_h_00.wav,N,0.0,SOBER,010,010
c:\Users\nagap\OneDrive\Documentos\Maestria\2025S\Phonetics TeamLab\ALC\ses2018,0222018011_h_00.wav,N,0.0,SOBER,011,011
c:\Users\nagap\OneDrive\Documentos\Maestria\2025S\Phonetics TeamLab\ALC\ses2018,0222018012_h_00.wav,N,0.0,SOBER,012,012
c:\Users\nagap\OneDrive\Documentos\Maestria\2025S\Phonetics TeamLab\ALC\ses2018,0222018013_h_00.wav,N,0.0,SOBER,013,013
c:\Users\nagap\OneDrive\Documentos\Maestria\2025S\Phonetics TeamLab\ALC\ses2018,0222018014_h_00.wav,N,0.0,SOBER,014,014
c:\Users\nagap\OneDrive\Documentos\Maestria\2025S\Phonetics TeamLab\ALC\ses2018,0222018015_h_00.wav,N,0.0,SOBER,015,015
c:\Users\nagap\OneDrive\Documentos\Maestria\2025S\Phonetics TeamLab\ALC\ses2018,0222018016_h_00.wav,N,0.0,SOBER,016,016
c:\Users\nagap\OneDrive\Documentos\Maestria\2025S\Phonetics TeamLab\ALC\ses2018,0222018017_h_00.wav,N,0.0,SOBER,017,017
c:\Users\nagap\OneDrive\Documentos\Maestria\2025S\Phonetics TeamLab\ALC\ses2018,0222018018_h_00.wav,N,0.0,SOBER,018,018
c:\Users\nagap\OneDrive\Documentos\Maestria\2025S\Phonetics TeamLab\ALC\ses2018,0222018019_h_00.wav,N,0.0,SOBER,019,019
c:\Users\nagap\OneDrive\Documentos\Maestria\2025S\Phonetics TeamLab\ALC\ses2018,0222018020_h_00.wav,N,0.0,SOBER,020,020
c:\Users\nagap\OneDrive\Documentos\Maestria\2025S\Phonetics TeamLab\ALC\ses2018,0222018021_h_00.wav,N,0.0,SOBER,021,021
c:\Users\nagap\OneDrive\Documentos\Maestria\2025S\Phonetics TeamLab\ALC\ses2018,0222018022_h_00.wav,N,0.0,SOBER,022,022
c:\Users\nagap\OneDrive\Documentos\Maestria\2025S\Phonetics TeamLab\ALC\ses2018,0222018023_h_00.wav,N,0.0,SOBER,023,023
c:\Users\nagap\OneDrive\Documentos\Maestria\2025S\Phonetics TeamLab\ALC\ses2018,0222018024_h_00.wav,N,0.0,SOBER,024,024
c:\Users\nagap\OneDrive\Documentos\Maestria\2025S\Phonetics TeamLab\ALC\ses2018,0222018025_h_00.wav,N,0.0,SOBER,025,025
c:\Users\nagap\OneDrive\Documentos\Maestria\2025S\Phonetics TeamLab\ALC\ses2018,0222018026_h_00.wav,N,0.0,SOBER,026,026
c:\Users\nagap\OneDrive\Documentos\Maestria\2025S\Phonetics TeamLab\ALC\ses2018,0222018027_h_00.wav,N,0.0,SOBER,027,027
c:\Users\nagap\OneDrive\Documentos\Maestria\2025S\Phonetics TeamLab\ALC\ses2018,0222018028_h_00.wav,N,0.0,SOBER,028,028
c:\Users\nagap\OneDrive\Documentos\Maestria\2025S\Phonetics TeamLab\ALC\ses2018,0222018029_h_00.wav,N,0.0,SOBER,029,029
c:\Users\nagap\OneDrive\Documentos\Maestria\2025S\Phonetics TeamLab\ALC\ses2018,0222018030_h_00.wav,N,0.0,SOBER,030,030
c:\Users\nagap\OneDrive\Documentos\Maestria\2025S\Phonetics TeamLab\ALC\ses2018,0222018031_h_00.wav,N,0.0,SOBER,031,031
c:\Users\nagap\OneDrive\Documentos\Maestria\2025S\Phonetics TeamLab\ALC\ses2018,0222018032_h_00.wav,N,0.0,SOBER,032,032
c:\Users\nagap\OneDrive\Documentos\Maestria\2025S\Phonetics TeamLab\ALC\ses2018,0222018033_h_00.wav,N,0.0,SOBER,033,033
c:\Users\nagap\OneDrive\Documentos\Maestria\2025S\Phonetics TeamLab\ALC\ses2018,0222018034_h_00.wav,N,0.0,SOBER,034,034
c:\Users\nagap\OneDrive\Documentos\Maestria\2025S\Phonetics TeamLab\ALC\ses2018,0222018035_h_00.wav,N,0.0,SOBER,035,035
c:\Users\nagap\OneDrive\Documentos\Maestria\2025S\Phonetics TeamLab\ALC\ses2018,0222018036_h_00.wav,N,0.0,SOBER,036,036
c:\Users\nagap\OneDrive\Documentos\Maestria\2025S\Phonetics TeamLab\ALC\ses2018,0222018037_h_00.wav,N,0.0,SOBER,037,037
c:\Users\nagap\OneDrive\Documentos\Maestria\2025S\Phonetics TeamLab\ALC\ses2018,0222018038_h_00.wav,N,0.0,SOBER,038,038
c:\Users\nagap\OneDrive\Documentos\Maestria\2025S\Phonetics TeamLab\ALC\ses2018,0222018039_h_00.wav,N,0.0,SOBER,039,039
c:\Users\nagap\OneDrive\Documentos\Maestria\2025S\Phonetics TeamLab\ALC\ses2018,0222018040_h_00.wav,N,0.0,SOBER,040,040
c:\Users\nagap\OneDrive\Documentos\Maestria\2025S\Phonetics TeamLab\ALC\ses2018,0222018041_h_00.wav,N,0.0,SOBER,041,041
c:\Users\nagap\OneDrive\Documentos\Maestria\2025S\Phonetics TeamLab\ALC\ses2018,0222018042_h_00.wav,N,0.0,SOBER,042,042
c:\Users\nagap\OneDrive\Documentos\Maestria\2025S\Phonetics TeamLab\ALC\ses2018,0222018043_h_00.wav,N,0.0,SOBER,043,043
c:\Users\nagap\OneDrive\Documentos\Maestria\2025S\Phonetics TeamLab\ALC\ses2018,0222018044_h_00.wav,N,0.0,SOBER,044,044
c:\Users\nagap\OneDrive\Documentos\Maestria\2025S\Phonetics TeamLab\ALC\ses2018,0222018045_h_00.wav,N,0.0,SOBER,045,045
c:\Users\nagap\OneDrive\Documentos\Maestria\2025S\Phonetics TeamLab\ALC\ses2018,0222018046_h_00.wav,N,0.0,SOBER,046,046
c:\Users\nagap\OneDrive\Documentos\Maestria\2025S\Phonetics TeamLab\ALC\ses2018,0222018047_h_00.wav,N,0.0,SOBER,047,047
c:\Users\nagap\OneDrive\Documentos\Maestria\2025S\Phonetics TeamLab\ALC\ses2018,0222018048_h_00.wav,N,0.0,SOBER,048,048
c:\Users\nagap\OneDrive\Documentos\Maestria\2025S\Phonetics TeamLab\ALC\ses2018,0222018049_h_00.wav,N,0.0,SOBER,049,049
c:\Users\nagap\OneDrive\Documentos\Maestria\2025S\Phonetics TeamLab\ALC\ses2018,0222018050_h_00.wav,N,0.0,SOBER,050,050
c:\Users\nagap\OneDrive\Documentos\Maestria\2025S\Phonetics TeamLab\ALC\ses2018,0222018051_h_00.wav,N,0.0,SOBER,051,051
c:\Users\nagap\OneDrive\Documentos\Maestria\2025S\Phonetics TeamLab\ALC\ses2018,0222018052_h_00.wav,N,0.0,SOBER,052,052
c:\Users\nagap\OneDrive\Documentos\Maestria\2025S\Phonetics TeamLab\ALC\ses2018,0222018053_h_00.wav,N,0.0,SOBER,053,053
c:\Users\nagap\OneDrive\Documentos\Maestria\2025S\Phonetics TeamLab\ALC\ses2018,0222018054_h_00.wav,N,0.0,SOBER,054,054
c:\Users\nagap\OneDrive\Documentos\Maestria\2025S\Phonetics TeamLab\ALC\ses2018,0222018055_h_00.wav,N,0.0,SOBER,055,055
c:\Users\nagap\OneDrive\Documentos\Maestria\2025S\Phonetics TeamLab\ALC\ses2018,0222018056_h_00.wav,N,0.0,SOBER,056,056
c:\Users\nagap\OneDrive\Documentos\Maestria\2025S\Phonetics TeamLab\ALC\ses2018,0222018057_h_00.wav,N,0.0,SOBER,057,057
c:\Users\nagap\OneDrive\Documentos\Maestria\2025S\Phonetics TeamLab\ALC\ses2018,0222018058_h_00.wav,N,0.0,SOBER,058,058
c:\Users\nagap\OneDrive\Documentos\Maestria\2025S\Phonetics TeamLab\ALC\ses2018,0222018059_h_00.wav,N,0.0,SOBER,059,059
c:\Users\nagap\OneDrive\Documentos\Maestria\2025S\Phonetics TeamLab\ALC\ses2018,0222018060_h_00.wav,N,0.0,SOBER,060,060
c:\Users\nagap\OneDrive\Documentos\Maestria\2025S\Phonetics TeamLab\ALC\ses3007,5063007001_h_01.wav,N,0.00034,DRUNK,001,001
c:\Users\nagap\OneDrive\Documentos\Maestria\2025S\Phonetics TeamLab\ALC\ses3007,5063007002_h_00.wav,N,0.00034,DRUNK,002,034
c:\Users\nagap\OneDrive\Documentos\Maestria\2025S\Phonetics TeamLab\ALC\ses3007,5063007003_h_00.wav,N,0.00034,DRUNK,003,032
c:\Users\nagap\OneDrive\Documentos\Maestria\2025S\Phonetics TeamLab\ALC\ses3007,5063007004_h_00.wav,N,0.00034,DRUNK,004,061
c:\Users\nagap\OneDrive\Documentos\Maestria\2025S\Phonetics TeamLab\ALC\ses3007,5063007005_h_00.wav,N,0.00034,DRUNK,005,030
c:\Users\nagap\OneDrive\Documentos\Maestria\2025S\Phonetics TeamLab\ALC\ses3007,5063007006_h_00.wav,N,0.00034,DRUNK,006,026
c:\Users\nagap\OneDrive\Documentos\Maestria\2025S\Phonetics TeamLab\ALC\ses3007,5063007007_h_00.wav,N,0.00034,DRUNK,007,023
c:\Users\nagap\OneDrive\Documentos\Maestria\2025S\Phonetics TeamLab\ALC\ses3007,5063007008_h_00.wav,N,0.00034,DRUNK,008,008
c:\Users\nagap\OneDrive\Documentos\Maestria\2025S\Phonetics TeamLab\ALC\ses3007,5063007009_h_00.wav,N,0.00034,DRUNK,009,029
c:\Users\nagap\OneDrive\Documentos\Maestria\2025S\Phonetics TeamLab\ALC\ses3007,5063007010_h_00.wav,N,0.00034,DRUNK,010,010
c:\Users\nagap\OneDrive\Documentos\Maestria\2025S\Phonetics TeamLab\ALC\ses3007,5063007011_h_00.wav,N,0.00034,DRUNK,011,031
c:\Users\nagap\OneDrive\Documentos\Maestria\2025S\Phonetics TeamLab\ALC\ses3007,5063007012_h_00.wav,N,0.00034,DRUNK,012,012
c:\Users\nagap\OneDrive\Documentos\Maestria\2025S\Phonetics TeamLab\ALC\ses3007,5063007013_h_00.wav,N,0.00034,DRUNK,013,013
c:\Users\nagap\OneDrive\Documentos\Maestria\2025S\Phonetics TeamLab\ALC\ses3007,5063007014_h_01.wav,N,0.00034,DRUNK,014,014
c:\Users\nagap\OneDrive\Documentos\Maestria\2025S\Phonetics TeamLab\ALC\ses3007,5063007015_h_00.wav,N,0.00034,DRUNK,015,015
c:\Users\nagap\OneDrive\Documentos\Maestria\2025S\Phonetics TeamLab\ALC\ses3007,5063007016_h_00.wav,N,0.00034,DRUNK,016,036
c:\Users\nagap\OneDrive\Documentos\Maestria\2025S\Phonetics TeamLab\ALC\ses3007,5063007017_h_00.wav,N,0.00034,DRUNK,017,024
c:\Users\nagap\OneDrive\Documentos\Maestria\2025S\Phonetics TeamLab\ALC\ses3007,5063007018_h_00.wav,N,0.00034,DRUNK,018,038
c:\Users\nagap\OneDrive\Documentos\Maestria\2025S\Phonetics TeamLab\ALC\ses3007,5063007019_h_00.wav,N,0.00034,DRUNK,019,019
c:\Users\nagap\OneDrive\Documentos\Maestria\2025S\Phonetics TeamLab\ALC\ses3007,5063007020_h_00.wav,N,0.00034,DRUNK,020,020
c:\Users\nagap\OneDrive\Documentos\Maestria\2025S\Phonetics TeamLab\ALC\ses3007,5063007021_h_00.wav,N,0.00034,DRUNK,021,041
c:\Users\nagap\OneDrive\Documentos\Maestria\2025S\Phonetics TeamLab\ALC\ses3007,5063007022_h_01.wav,N,0.00034,DRUNK,022,042
c:\Users\nagap\OneDrive\Documentos\Maestria\2025S\Phonetics TeamLab\ALC\ses3007,5063007023_h_00.wav,N,0.00034,DRUNK,023,059
c:\Users\nagap\OneDrive\Documentos\Maestria\2025S\Phonetics TeamLab\ALC\ses3007,5063007024_h_00.wav,N,0.00034,DRUNK,024,051
c:\Users\nagap\OneDrive\Documentos\Maestria\2025S\Phonetics TeamLab\ALC\ses3007,5063007025_h_00.wav,N,0.00034,DRUNK,025,046
c:\Users\nagap\OneDrive\Documentos\Maestria\2025S\Phonetics TeamLab\ALC\ses3007,5063007026_h_00.wav,N,0.00034,DRUNK,026,055
c:\Users\nagap\OneDrive\Documentos\Maestria\2025S\Phonetics TeamLab\ALC\ses3007,5063007027_h_00.wav,N,0.00034,DRUNK,027,048
c:\Users\nagap\OneDrive\Documentos\Maestria\2025S\Phonetics TeamLab\ALC\ses3007,5063007028_h_00.wav,N,0.00034,DRUNK,028,049
c:\Users\nagap\OneDrive\Documentos\Maestria\2025S\Phonetics TeamLab\ALC\ses3007,5063007029_h_00.wav,N,0.00034,DRUNK,029,050
c:\Users\nagap\OneDrive\Documentos\Maestria\2025S\Phonetics TeamLab\ALC\ses3007,5063007030_h_00.wav,N,0.00034,DRUNK,030,060
c:\Users\nagap\OneDrive\Documentos\Maestria\2025S\Phonetics TeamLab\ALC\ses4006,5064006001_h_00.wav,N,0.0,SOBER,001,001
c:\Users\nagap\OneDrive\Documentos\Maestria\2025S\Phonetics TeamLab\ALC\ses4006,5064006002_h_01.wav,N,0.0,SOBER,002,002
c:\Users\nagap\OneDrive\Documentos\Maestria\2025S\Phonetics TeamLab\ALC\ses4006,5064006003_h_01.wav,N,0.0,SOBER,003,003
c:\Users\nagap\OneDrive\Documentos\Maestria\2025S\Phonetics TeamLab\ALC\ses4006,5064006004_h_00.wav,N,0.0,SOBER,004,004
c:\Users\nagap\OneDrive\Documentos\Maestria\2025S\Phonetics TeamLab\ALC\ses4006,5064006005_h_00.wav,N,0.0,SOBER,005,005
c:\Users\nagap\OneDrive\Documentos\Maestria\2025S\Phonetics TeamLab\ALC\ses4006,5064006006_h_00.wav,N,0.0,SOBER,006,006
c:\Users\nagap\OneDrive\Documentos\Maestria\2025S\Phonetics TeamLab\ALC\ses4006,5064006007_h_00.wav,N,0.0,SOBER,007,007
c:\Users\nagap\OneDrive\Documentos\Maestria\2025S\Phonetics TeamLab\ALC\ses4006,5064006008_h_00.wav,N,0.0,SOBER,008,008
c:\Users\nagap\OneDrive\Documentos\Maestria\2025S\Phonetics TeamLab\ALC\ses4006,5064006009_h_00.wav,N,0.0,SOBER,009,009
c:\Users\nagap\OneDrive\Documentos\Maestria\2025S\Phonetics TeamLab\ALC\ses4006,5064006010_h_00.wav,N,0.0,SOBER,010,010
c:\Users\nagap\OneDrive\Documentos\Maestria\2025S\Phonetics TeamLab\ALC\ses4006,5064006011_h_00.wav,N,0.0,SOBER,011,011
c:\Users\nagap\OneDrive\Documentos\Maestria\2025S\Phonetics TeamLab\ALC\ses4006,5064006012_h_00.wav,N,0.0,SOBER,012,012
c:\Users\nagap\OneDrive\Documentos\Maestria\2025S\Phonetics TeamLab\ALC\ses4006,5064006013_h_00.wav,N,0.0,SOBER,013,013
c:\Users\nagap\OneDrive\Documentos\Maestria\2025S\Phonetics TeamLab\ALC\ses4006,5064006014_h_00.wav,N,0.0,SOBER,014,014
c:\Users\nagap\OneDrive\Documentos\Maestria\2025S\Phonetics TeamLab\ALC\ses4006,5064006015_h_00.wav,N,0.0,SOBER,015,015
c:\Users\nagap\OneDrive\Documentos\Maestria\2025S\Phonetics TeamLab\ALC\ses4006,5064006016_h_00.wav,N,0.0,SOBER,016,016
c:\Users\nagap\OneDrive\Documentos\Maestria\2025S\Phonetics TeamLab\ALC\ses4006,5064006017_h_00.wav,N,0.0,SOBER,017,017
c:\Users\nagap\OneDrive\Documentos\Maestria\2025S\Phonetics TeamLab\ALC\ses4006,5064006018_h_00.wav,N,0.0,SOBER,018,018
c:\Users\nagap\OneDrive\Documentos\Maestria\2025S\Phonetics TeamLab\ALC\ses4006,5064006019_h_00.wav,N,0.0,SOBER,019,019
c:\Users\nagap\OneDrive\Documentos\Maestria\2025S\Phonetics TeamLab\ALC\ses4006,5064006020_h_00.wav,N,0.0,SOBER,020,020
c:\Users\nagap\OneDrive\Documentos\Maestria\2025S\Phonetics TeamLab\ALC\ses4006,5064006021_h_00.wav,N,0.0,SOBER,021,021
c:\Users\nagap\OneDrive\Documentos\Maestria\2025S\Phonetics TeamLab\ALC\ses4006,5064006022_h_00.wav,N,0.0,SOBER,022,022
c:\Users\nagap\OneDrive\Documentos\Maestria\2025S\Phonetics TeamLab\ALC\ses4006,5064006023_h_00.wav,N,0.0,SOBER,023,023
c:\Users\nagap\OneDrive\Documentos\Maestria\2025S\Phonetics TeamLab\ALC\ses4006,5064006024_h_00.wav,N,0.0,SOBER,024,024
c:\Users\nagap\OneDrive\Documentos\Maestria\2025S\Phonetics TeamLab\ALC\ses4006,5064006025_h_00.wav,N,0.0,SOBER,025,025
c:\Users\nagap\OneDrive\Documentos\Maestria\2025S\Phonetics TeamLab\ALC\ses4006,5064006026_h_00.wav,N,0.0,SOBER,026,026
c:\Users\nagap\OneDrive\Documentos\Maestria\2025S\Phonetics TeamLab\ALC\ses4006,5064006027_h_00.wav,N,0.0,SOBER,027,027
c:\Users\nagap\OneDrive\Documentos\Maestria\2025S\Phonetics TeamLab\ALC\ses4006,5064006028_h_00.wav,N,0.0,SOBER,028,028
c:\Users\nagap\OneDrive\Documentos\Maestria\2025S\Phonetics TeamLab\ALC\ses4006,5064006029_h_00.wav,N,0.0,SOBER,029,029
c:\Users\nagap\OneDrive\Documentos\Maestria\2025S\Phonetics TeamLab\ALC\ses4006,5064006030_h_00.wav,N,0.0,SOBER,030,030
c:\Users\nagap\OneDrive\Documentos\Maestria\2025S\Phonetics TeamLab\ALC\ses4006,5064006031_h_00.wav,N,0.0,SOBER,031,031
c:\Users\nagap\OneDrive\Documentos\Maestria\2025S\Phonetics TeamLab\ALC\ses4006,5064006032_h_00.wav,N,0.0,SOBER,032,032
c:\Users\nagap\OneDrive\Documentos\Maestria\2025S\Phonetics TeamLab\ALC\ses4006,5064006033_h_00.wav,N,0.0,SOBER,033,033
c:\Users\nagap\OneDrive\Documentos\Maestria\2025S\Phonetics TeamLab\ALC\ses4006,5064006034_h_00.wav,N,0.0,SOBER,034,034
c:\Users\nagap\OneDrive\Documentos\Maestria\2025S\Phonetics TeamLab\ALC\ses4006,5064006035_h_00.wav,N,0.0,SOBER,035,035
c:\Users\nagap\OneDrive\Documentos\Maestria\2025S\Phonetics TeamLab\ALC\ses4006,5064006036_h_00.wav,N,0.0,SOBER,036,036
c:\Users\nagap\OneDrive\Documentos\Maestria\2025S\Phonetics TeamLab\ALC\ses4006,5064006037_h_00.wav,N,0.0,SOBER,037,037
c:\Users\nagap\OneDrive\Documentos\Maestria\2025S\Phonetics TeamLab\ALC\ses4006,5064006038_h_00.wav,N,0.0,SOBER,038,038
c:\Users\nagap\OneDrive\Documentos\Maestria\2025S\Phonetics TeamLab\ALC\ses4006,5064006039_h_00.wav,N,0.0,SOBER,039,039
c:\Users\nagap\OneDrive\Documentos\Maestria\2025S\Phonetics TeamLab\ALC\ses4006,5064006040_h_00.wav,N,0.0,SOBER,040,040
c:\Users\nagap\OneDrive\Documentos\Maestria\2025S\Phonetics TeamLab\ALC\ses4006,5064006041_h_00.wav,N,0.0,SOBER,041,041
c:\Users\nagap\OneDrive\Documentos\Maestria\2025S\Phonetics TeamLab\ALC\ses4006,5064006042_h_02.wav,N,0.0,SOBER,042,042
c:\Users\nagap\OneDrive\Documentos\Maestria\2025S\Phonetics TeamLab\ALC\ses4006,5064006043_h_00.wav,N,0.0,SOBER,043,043
c:\Users\nagap\OneDrive\Documentos\Maestria\2025S\Phonetics TeamLab\ALC\ses4006,5064006044_h_00.wav,N,0.0,SOBER,044,044
c:\Users\nagap\OneDrive\Documentos\Maestria\2025S\Phonetics TeamLab\ALC\ses4006,5064006045_h_00.wav,N,0.0,SOBER,045,045
c:\Users\nagap\OneDrive\Documentos\Maestria\2025S\Phonetics TeamLab\ALC\ses4006,5064006046_h_00.wav,N,0.0,SOBER,046,046
c:\Users\nagap\OneDrive\Documentos\Maestria\2025S\Phonetics TeamLab\ALC\ses4006,5064006047_h_00.wav,N,0.0,SOBER,047,047
c:\Users\nagap\OneDrive\Documentos\Maestria\2025S\Phonetics TeamLab\ALC\ses4006,5064006048_h_00.wav,N,0.0,SOBER,048,048
c:\Users\nagap\OneDrive\Documentos\Maestria\2025S\Phonetics TeamLab\ALC\ses4006,5064006049_h_01.wav,N,0.0,SOBER,049,049
c:\Users\nagap\OneDrive\Documentos\Maestria\2025S\Phonetics TeamLab\ALC\ses4006,5064006050_h_00.wav,N,0.0,SOBER,050,050
c:\Users\nagap\OneDrive\Documentos\Maestria\2025S\Phonetics TeamLab\ALC\ses4006,5064006051_h_00.wav,N,0.0,SOBER,051,051
c:\Users\nagap\OneDrive\Documentos\Maestria\2025S\Phonetics TeamLab\ALC\ses4006,5064006052_h_00.wav,N,0.0,SOBER,052,052
c:\Users\nagap\OneDrive\Documentos\Maestria\2025S\Phonetics TeamLab\ALC\ses4006,5064006053_h_00.wav,N,0.0,SOBER,053,053
c:\Users\nagap\OneDrive\Documentos\Maestria\2025S\Phonetics TeamLab\ALC\ses4006,5064006054_h_00.wav,N,0.0,SOBER,054,054
c:\Users\nagap\OneDrive\Documentos\Maestria\2025S\Phonetics TeamLab\ALC\ses4006,5064006055_h_00.wav,N,0.0,SOBER,055,055
c:\Users\nagap\OneDrive\Documentos\Maestria\2025S\Phonetics TeamLab\ALC\ses4006,5064006056_h_00.wav,N,0.0,SOBER,056,056
c:\Users\nagap\OneDrive\Documentos\Maestria\2025S\Phonetics TeamLab\ALC\ses4006,5064006057_h_00.wav,N,0.0,SOBER,057,057
c:\Users\nagap\OneDrive\Documentos\Maestria\2025S\Phonetics TeamLab\ALC\ses4006,5064006058_h_00.wav,N,0.0,SOBER,058,058
c:\Users\nagap\OneDrive\Documentos\Maestria\2025S\Phonetics TeamLab\ALC\ses4006,5064006059_h_00.wav,N,0.0,SOBER,059,059
c:\Users\nagap\OneDrive\Documentos\Maestria\2025S\Phonetics TeamLab\ALC\ses4006,5064006060_h_01.wav,N,0.0,SOBER,060,060
c:\Users\nagap\OneDrive\Documentos\Maestria\2025S\Phonetics TeamLab\ALC\ses1031,0301031001_h_00.wav,A,0.00109,DRUNK,001,001
c:\Users\nagap\OneDrive\Documentos\Maestria\2025S\Phonetics TeamLab\ALC\ses1031,0301031002_h_00.wav,A,0.00109,DRUNK,002,034
c:\Users\nagap\OneDrive\Documentos\Maestria\2025S\Phonetics TeamLab\ALC\ses1031,0301031003_h_00.wav,A,0.00109,DRUNK,003,032
c:\Users\nagap\OneDrive\Documentos\Maestria\2025S\Phonetics TeamLab\ALC\ses1031,0301031004_h_00.wav,A,0.00109,DRUNK,004,061
c:\Users\nagap\OneDrive\Documentos\Maestria\2025S\Phonetics TeamLab\ALC\ses1031,0301031005_h_00.wav,A,0.00109,DRUNK,005,030
c:\Users\nagap\OneDrive\Documentos\Maestria\2025S\Phonetics TeamLab\ALC\ses1031,0301031006_h_00.wav,A,0.00109,DRUNK,006,026
c:\Users\nagap\OneDrive\Documentos\Maestria\2025S\Phonetics TeamLab\ALC\ses1031,0301031007_h_00.wav,A,0.00109,DRUNK,007,023
c:\Users\nagap\OneDrive\Documentos\Maestria\2025S\Phonetics TeamLab\ALC\ses1031,0301031008_h_01.wav,A,0.00109,DRUNK,008,008
c:\Users\nagap\OneDrive\Documentos\Maestria\2025S\Phonetics TeamLab\ALC\ses1031,0301031009_h_00.wav,A,0.00109,DRUNK,009,029
c:\Users\nagap\OneDrive\Documentos\Maestria\2025S\Phonetics TeamLab\ALC\ses1031,0301031010_h_00.wav,A,0.00109,DRUNK,010,010
c:\Users\nagap\OneDrive\Documentos\Maestria\2025S\Phonetics TeamLab\ALC\ses1031,0301031011_h_00.wav,A,0.00109,DRUNK,011,031
c:\Users\nagap\OneDrive\Documentos\Maestria\2025S\Phonetics TeamLab\ALC\ses1031,0301031012_h_00.wav,A,0.00109,DRUNK,012,012
c:\Users\nagap\OneDrive\Documentos\Maestria\2025S\Phonetics TeamLab\ALC\ses1031,0301031013_h_00.wav,A,0.00109,DRUNK,013,013
c:\Users\nagap\OneDrive\Documentos\Maestria\2025S\Phonetics TeamLab\ALC\ses1031,0301031014_h_00.wav,A,0.00109,DRUNK,014,014
c:\Users\nagap\OneDrive\Documentos\Maestria\2025S\Phonetics TeamLab\ALC\ses1031,0301031015_h_00.wav,A,0.00109,DRUNK,015,015
c:\Users\nagap\OneDrive\Documentos\Maestria\2025S\Phonetics TeamLab\ALC\ses1031,0301031016_h_00.wav,A,0.00109,DRUNK,016,036
c:\Users\nagap\OneDrive\Documentos\Maestria\2025S\Phonetics TeamLab\ALC\ses1031,0301031017_h_00.wav,A,0.00109,DRUNK,017,024
c:\Users\nagap\OneDrive\Documentos\Maestria\2025S\Phonetics TeamLab\ALC\ses1031,0301031018_h_00.wav,A,0.00109,DRUNK,018,038
c:\Users\nagap\OneDrive\Documentos\Maestria\2025S\Phonetics TeamLab\ALC\ses1031,0301031019_h_00.wav,A,0.00109,DRUNK,019,019
c:\Users\nagap\OneDrive\Documentos\Maestria\2025S\Phonetics TeamLab\ALC\ses1031,0301031020_h_00.wav,A,0.00109,DRUNK,020,020
c:\Users\nagap\OneDrive\Documentos\Maestria\2025S\Phonetics TeamLab\ALC\ses1031,0301031021_h_00.wav,A,0.00109,DRUNK,021,041
c:\Users\nagap\OneDrive\Documentos\Maestria\2025S\Phonetics TeamLab\ALC\ses1031,0301031022_h_00.wav,A,0.00109,DRUNK,022,042
c:\Users\nagap\OneDrive\Documentos\Maestria\2025S\Phonetics TeamLab\ALC\ses1031,0301031023_h_00.wav,A,0.00109,DRUNK,023,059
c:\Users\nagap\OneDrive\Documentos\Maestria\2025S\Phonetics TeamLab\ALC\ses1031,0301031024_h_00.wav,A,0.00109,DRUNK,024,051
c:\Users\nagap\OneDrive\Documentos\Maestria\2025S\Phonetics TeamLab\ALC\ses1031,0301031025_h_00.wav,A,0.00109,DRUNK,025,046
c:\Users\nagap\OneDrive\Documentos\Maestria\2025S\Phonetics TeamLab\ALC\ses1031,0301031026_h_00.wav,A,0.00109,DRUNK,026,055
c:\Users\nagap\OneDrive\Documentos\Maestria\2025S\Phonetics TeamLab\ALC\ses1031,0301031027_h_00.wav,A,0.00109,DRUNK,027,048
c:\Users\nagap\OneDrive\Documentos\Maestria\2025S\Phonetics TeamLab\ALC\ses1031,0301031028_h_00.wav,A,0.00109,DRUNK,028,049
c:\Users\nagap\OneDrive\Documentos\Maestria\2025S\Phonetics TeamLab\ALC\ses1031,0301031029_h_00.wav,A,0.00109,DRUNK,029,050
c:\Users\nagap\OneDrive\Documentos\Maestria\2025S\Phonetics TeamLab\ALC\ses1031,0301031030_h_00.wav,A,0.00109,DRUNK,030,060
c:\Users\nagap\OneDrive\Documentos\Maestria\2025S\Phonetics TeamLab\ALC\ses2025,0302025001_h_01.wav,N,0.0,SOBER,001,001
c:\Users\nagap\OneDrive\Documentos\Maestria\2025S\Phonetics TeamLab\ALC\ses2025,0302025002_h_00.wav,N,0.0,SOBER,002,002
c:\Users\nagap\OneDrive\Documentos\Maestria\2025S\Phonetics TeamLab\ALC\ses2025,0302025003_h_00.wav,N,0.0,SOBER,003,003
c:\Users\nagap\OneDrive\Documentos\Maestria\2025S\Phonetics TeamLab\ALC\ses2025,0302025004_h_00.wav,N,0.0,SOBER,004,004
c:\Users\nagap\OneDrive\Documentos\Maestria\2025S\Phonetics TeamLab\ALC\ses2025,0302025005_h_00.wav,N,0.0,SOBER,005,005
c:\Users\nagap\OneDrive\Documentos\Maestria\2025S\Phonetics TeamLab\ALC\ses2025,0302025006_h_00.wav,N,0.0,SOBER,006,006
c:\Users\nagap\OneDrive\Documentos\Maestria\2025S\Phonetics TeamLab\ALC\ses2025,0302025007_h_00.wav,N,0.0,SOBER,007,007
c:\Users\nagap\OneDrive\Documentos\Maestria\2025S\Phonetics TeamLab\ALC\ses2025,0302025008_h_00.wav,N,0.0,SOBER,008,008
c:\Users\nagap\OneDrive\Documentos\Maestria\2025S\Phonetics TeamLab\ALC\ses2025,0302025009_h_00.wav,N,0.0,SOBER,009,009
c:\Users\nagap\OneDrive\Documentos\Maestria\2025S\Phonetics TeamLab\ALC\ses2025,0302025010_h_00.wav,N,0.0,SOBER,010,010
c:\Users\nagap\OneDrive\Documentos\Maestria\2025S\Phonetics TeamLab\ALC\ses2025,0302025011_h_00.wav,N,0.0,SOBER,011,011
c:\Users\nagap\OneDrive\Documentos\Maestria\2025S\Phonetics TeamLab\ALC\ses2025,0302025012_h_00.wav,N,0.0,SOBER,012,012
c:\Users\nagap\OneDrive\Documentos\Maestria\2025S\Phonetics TeamLab\ALC\ses2025,0302025013_h_00.wav,N,0.0,SOBER,013,013
c:\Users\nagap\OneDrive\Documentos\Maestria\2025S\Phonetics TeamLab\ALC\ses2025,0302025014_h_00.wav,N,0.0,SOBER,014,014
c:\Users\nagap\OneDrive\Documentos\Maestria\2025S\Phonetics TeamLab\ALC\ses2025,0302025015_h_00.wav,N,0.0,SOBER,015,015
c:\Users\nagap\OneDrive\Documentos\Maestria\2025S\Phonetics TeamLab\ALC\ses2025,0302025016_h_00.wav,N,0.0,SOBER,016,016
c:\Users\nagap\OneDrive\Documentos\Maestria\2025S\Phonetics TeamLab\ALC\ses2025,0302025017_h_00.wav,N,0.0,SOBER,017,017
c:\Users\nagap\OneDrive\Documentos\Maestria\2025S\Phonetics TeamLab\ALC\ses2025,0302025018_h_00.wav,N,0.0,SOBER,018,018
c:\Users\nagap\OneDrive\Documentos\Maestria\2025S\Phonetics TeamLab\ALC\ses2025,0302025019_h_00.wav,N,0.0,SOBER,019,019
c:\Users\nagap\OneDrive\Documentos\Maestria\2025S\Phonetics TeamLab\ALC\ses2025,0302025020_h_01.wav,N,0.0,SOBER,020,020
c:\Users\nagap\OneDrive\Documentos\Maestria\2025S\Phonetics TeamLab\ALC\ses2025,0302025021_h_00.wav,N,0.0,SOBER,021,021
c:\Users\nagap\OneDrive\Documentos\Maestria\2025S\Phonetics TeamLab\ALC\ses2025,0302025022_h_00.wav,N,0.0,SOBER,022,022
c:\Users\nagap\OneDrive\Documentos\Maestria\2025S\Phonetics TeamLab\ALC\ses2025,0302025023_h_00.wav,N,0.0,SOBER,023,023
c:\Users\nagap\OneDrive\Documentos\Maestria\2025S\Phonetics TeamLab\ALC\ses2025,0302025024_h_00.wav,N,0.0,SOBER,024,024
c:\Users\nagap\OneDrive\Documentos\Maestria\2025S\Phonetics TeamLab\ALC\ses2025,0302025025_h_00.wav,N,0.0,SOBER,025,025
c:\Users\nagap\OneDrive\Documentos\Maestria\2025S\Phonetics TeamLab\ALC\ses2025,0302025026_h_00.wav,N,0.0,SOBER,026,026
c:\Users\nagap\OneDrive\Documentos\Maestria\2025S\Phonetics TeamLab\ALC\ses2025,0302025027_h_00.wav,N,0.0,SOBER,027,027
c:\Users\nagap\OneDrive\Documentos\Maestria\2025S\Phonetics TeamLab\ALC\ses2025,0302025028_h_00.wav,N,0.0,SOBER,028,028
c:\Users\nagap\OneDrive\Documentos\Maestria\2025S\Phonetics TeamLab\ALC\ses2025,0302025029_h_00.wav,N,0.0,SOBER,029,029
c:\Users\nagap\OneDrive\Documentos\Maestria\2025S\Phonetics TeamLab\ALC\ses2025,0302025030_h_00.wav,N,0.0,SOBER,030,030
c:\Users\nagap\OneDrive\Documentos\Maestria\2025S\Phonetics TeamLab\ALC\ses2025,0302025031_h_00.wav,N,0.0,SOBER,031,031
c:\Users\nagap\OneDrive\Documentos\Maestria\2025S\Phonetics TeamLab\ALC\ses2025,0302025032_h_00.wav,N,0.0,SOBER,032,032
c:\Users\nagap\OneDrive\Documentos\Maestria\2025S\Phonetics TeamLab\ALC\ses2025,0302025033_h_00.wav,N,0.0,SOBER,033,033
c:\Users\nagap\OneDrive\Documentos\Maestria\2025S\Phonetics TeamLab\ALC\ses2025,0302025034_h_00.wav,N,0.0,SOBER,034,034
c:\Users\nagap\OneDrive\Documentos\Maestria\2025S\Phonetics TeamLab\ALC\ses2025,0302025035_h_00.wav,N,0.0,SOBER,035,035
c:\Users\nagap\OneDrive\Documentos\Maestria\2025S\Phonetics TeamLab\ALC\ses2025,0302025036_h_00.wav,N,0.0,SOBER,036,036
c:\Users\nagap\OneDrive\Documentos\Maestria\2025S\Phonetics TeamLab\ALC\ses2025,0302025037_h_00.wav,N,0.0,SOBER,037,037
c:\Users\nagap\OneDrive\Documentos\Maestria\2025S\Phonetics TeamLab\ALC\ses2025,0302025038_h_00.wav,N,0.0,SOBER,038,038
c:\Users\nagap\OneDrive\Documentos\Maestria\2025S\Phonetics TeamLab\ALC\ses2025,0302025039_h_00.wav,N,0.0,SOBER,039,039
c:\Users\nagap\OneDrive\Documentos\Maestria\2025S\Phonetics TeamLab\ALC\ses2025,0302025040_h_00.wav,N,0.0,SOBER,040,040
c:\Users\nagap\OneDrive\Documentos\Maestria\2025S\Phonetics TeamLab\ALC\ses2025,0302025041_h_00.wav,N,0.0,SOBER,041,041
c:\Users\nagap\OneDrive\Documentos\Maestria\2025S\Phonetics TeamLab\ALC\ses2025,0302025042_h_00.wav,N,0.0,SOBER,042,042
c:\Users\nagap\OneDrive\Documentos\Maestria\2025S\Phonetics TeamLab\ALC\ses2025,0302025043_h_00.wav,N,0.0,SOBER,043,043
c:\Users\nagap\OneDrive\Documentos\Maestria\2025S\Phonetics TeamLab\ALC\ses2025,0302025044_h_00.wav,N,0.0,SOBER,044,044
c:\Users\nagap\OneDrive\Documentos\Maestria\2025S\Phonetics TeamLab\ALC\ses2025,0302025045_h_00.wav,N,0.0,SOBER,045,045
c:\Users\nagap\OneDrive\Documentos\Maestria\2025S\Phonetics TeamLab\ALC\ses2025,0302025046_h_00.wav,N,0.0,SOBER,046,046
c:\Users\nagap\OneDrive\Documentos\Maestria\2025S\Phonetics TeamLab\ALC\ses2025,0302025047_h_00.wav,N,0.0,SOBER,047,047
c:\Users\nagap\OneDrive\Documentos\Maestria\2025S\Phonetics TeamLab\ALC\ses2025,0302025048_h_00.wav,N,0.0,SOBER,048,048
c:\Users\nagap\OneDrive\Documentos\Maestria\2025S\Phonetics TeamLab\ALC\ses2025,0302025049_h_00.wav,N,0.0,SOBER,049,049
c:\Users\nagap\OneDrive\Documentos\Maestria\2025S\Phonetics TeamLab\ALC\ses2025,0302025050_h_00.wav,N,0.0,SOBER,050,050
c:\Users\nagap\OneDrive\Documentos\Maestria\2025S\Phonetics TeamLab\ALC\ses2025,0302025051_h_00.wav,N,0.0,SOBER,051,051
c:\Users\nagap\OneDrive\Documentos\Maestria\2025S\Phonetics TeamLab\ALC\ses2025,0302025052_h_00.wav,N,0.0,SOBER,052,052
c:\Users\nagap\OneDrive\Documentos\Maestria\2025S\Phonetics TeamLab\ALC\ses2025,0302025053_h_00.wav,N,0.0,SOBER,053,053
c:\Users\nagap\OneDrive\Documentos\Maestria\2025S\Phonetics TeamLab\ALC\ses2025,0302025054_h_00.wav,N,0.0,SOBER,054,054
c:\Users\nagap\OneDrive\Documentos\Maestria\2025S\Phonetics TeamLab\ALC\ses2025,0302025055_h_00.wav,N,0.0,SOBER,055,055
c:\Users\nagap\OneDrive\Documentos\Maestria\2025S\Phonetics TeamLab\ALC\ses2025,0302025056_h_00.wav,N,0.0,SOBER,056,056
c:\Users\nagap\OneDrive\Documentos\Maestria\2025S\Phonetics TeamLab\ALC\ses2025,0302025057_h_00.wav,N,0.0,SOBER,057,057
c:\Users\nagap\OneDrive\Documentos\Maestria\2025S\Phonetics TeamLab\ALC\ses2025,0302025058_h_00.wav,N,0.0,SOBER,058,058
c:\Users\nagap\OneDrive\Documentos\Maestria\2025S\Phonetics TeamLab\ALC\ses2025,0302025059_h_00.wav,N,0.0,SOBER,059,059
c:\Users\nagap\OneDrive\Documentos\Maestria\2025S\Phonetics TeamLab\ALC\ses2025,0302025060_h_00.wav,N,0.0,SOBER,060,060
