filename,true_label,predicted_label,prob_drunk,prob_sober,correct
0061006001_h_00.wav_0_1.jpg,1.0,1.0,0.7873367,0.2126633,True
0061006002_h_00.wav_0_1.jpg,1.0,1.0,0.98718053,0.012819469,True
0061006002_h_00.wav_1_1.jpg,1.0,0.0,0.007270689,0.9927293,False
0061006002_h_00.wav_2_1.jpg,1.0,0.0,0.35390955,0.64609045,False
0061006002_h_00.wav_3_1.jpg,1.0,1.0,0.98633295,0.013667047,True
0061006002_h_00.wav_4_1.jpg,1.0,1.0,0.9985483,0.0014516711,True
0061006003_h_00.wav_0_1.jpg,1.0,1.0,0.99994135,5.865097e-05,True
0061006004_h_00.wav_0_1.jpg,1.0,0.0,0.27356225,0.72643775,False
0061006005_h_00.wav_0_1.jpg,1.0,1.0,0.9891672,0.010832787,True
0061006005_h_00.wav_1_1.jpg,1.0,1.0,0.9986663,0.0013337135,True
0061006005_h_00.wav_2_1.jpg,1.0,1.0,0.94392896,0.056071043,True
0061006005_h_00.wav_3_1.jpg,1.0,1.0,0.9907884,0.0092116,True
0061006006_h_00.wav_0_1.jpg,1.0,0.0,0.037552375,0.96244764,False
0061006007_h_00.wav_0_1.jpg,1.0,0.0,0.016898476,0.98310155,False
0061006008_h_00.wav_0_1.jpg,1.0,1.0,0.58500314,0.41499686,True
0061006009_h_00.wav_0_1.jpg,1.0,0.0,0.0010680296,0.99893194,False
0061006010_h_00.wav_0_1.jpg,1.0,1.0,0.98648584,0.013514161,True
0061006010_h_00.wav_1_1.jpg,1.0,0.0,0.3109808,0.6890192,False
0061006010_h_00.wav_2_1.jpg,1.0,1.0,0.9739334,0.026066601,True
0061006010_h_00.wav_3_1.jpg,1.0,0.0,0.018570893,0.9814291,False
0061006011_h_00.wav_0_1.jpg,1.0,1.0,0.9945273,0.0054727197,True
0061006012_h_00.wav_0_1.jpg,1.0,1.0,0.8627716,0.13722843,True
0061006013_h_00.wav_0_1.jpg,1.0,0.0,0.013409298,0.9865907,False
0061006014_h_00.wav_0_1.jpg,1.0,1.0,0.8768683,0.12313169,True
0061006015_h_00.wav_0_1.jpg,1.0,0.0,0.0063640866,0.9936359,False
0061006016_h_00.wav_0_1.jpg,1.0,0.0,0.00689534,0.99310464,False
0061006017_h_00.wav_0_1.jpg,1.0,1.0,0.9998772,0.00012278557,True
0061006018_h_00.wav_0_1.jpg,1.0,1.0,0.9941181,0.0058819056,True
0061006018_h_00.wav_1_1.jpg,1.0,1.0,0.9298443,0.07015568,True
0061006019_h_00.wav_0_1.jpg,1.0,1.0,0.989778,0.010222018,True
0061006020_h_00.wav_0_1.jpg,1.0,1.0,0.9997929,0.00020712614,True
0061006021_h_00.wav_0_1.jpg,1.0,1.0,0.9348923,0.0651077,True
0061006022_h_00.wav_0_1.jpg,1.0,1.0,0.69177204,0.30822796,True
0061006023_h_00.wav_0_1.jpg,1.0,1.0,0.9996772,0.00032281876,True
0061006024_h_00.wav_0_1.jpg,1.0,0.0,0.0260776,0.9739224,False
0061006025_h_00.wav_0_1.jpg,1.0,1.0,0.9998988,0.00010120869,True
0061006026_h_00.wav_0_1.jpg,1.0,0.0,0.011394642,0.9886054,False
0061006027_h_00.wav_0_1.jpg,1.0,0.0,0.0054733404,0.9945267,False
0061006028_h_00.wav_0_1.jpg,1.0,0.0,0.0020127334,0.9979873,False
0061006030_h_00.wav_0_1.jpg,1.0,1.0,0.7440409,0.2559591,True
0071007001_h_00.wav_0_1.jpg,1.0,1.0,0.9982718,0.0017281771,True
0071007002_h_01.wav_0_1.jpg,1.0,1.0,0.99971324,0.00028675795,True
0071007002_h_01.wav_1_1.jpg,1.0,1.0,0.8098293,0.1901707,True
0071007002_h_01.wav_2_1.jpg,1.0,1.0,0.99999714,2.861023e-06,True
0071007003_h_00.wav_0_1.jpg,1.0,1.0,0.99766785,0.002332151,True
0071007004_h_00.wav_0_1.jpg,1.0,1.0,0.99999666,3.33786e-06,True
0071007005_h_00.wav_0_1.jpg,1.0,1.0,0.999974,2.5987625e-05,True
0071007005_h_00.wav_1_1.jpg,1.0,1.0,0.9999949,5.1259995e-06,True
0071007006_h_00.wav_0_1.jpg,1.0,1.0,0.7646409,0.23535907,True
0071007007_h_00.wav_0_1.jpg,1.0,1.0,0.9997929,0.00020712614,True
0071007008_h_00.wav_0_1.jpg,1.0,1.0,0.9500155,0.049984515,True
0071007009_h_00.wav_0_1.jpg,1.0,1.0,0.99917823,0.00082176924,True
0071007010_h_00.wav_0_1.jpg,1.0,1.0,0.9834082,0.016591787,True
0071007010_h_00.wav_1_1.jpg,1.0,1.0,0.9695432,0.030456781,True
0071007010_h_00.wav_2_1.jpg,1.0,1.0,0.90121514,0.098784864,True
0071007010_h_00.wav_3_1.jpg,1.0,1.0,0.9999995,4.7683716e-07,True
0071007011_h_00.wav_0_1.jpg,1.0,1.0,0.9941848,0.005815208,True
0071007012_h_00.wav_0_1.jpg,1.0,1.0,0.99998856,1.1444092e-05,True
0071007014_h_00.wav_0_1.jpg,1.0,1.0,0.9846176,0.015382409,True
0071007015_h_00.wav_0_1.jpg,1.0,1.0,0.9676187,0.032381296,True
0071007016_h_00.wav_0_1.jpg,1.0,1.0,0.99576306,0.0042369366,True
0071007017_h_00.wav_0_1.jpg,1.0,1.0,0.9610387,0.03896129,True
0071007018_h_00.wav_0_1.jpg,1.0,1.0,0.99994755,5.2452087e-05,True
0071007018_h_00.wav_1_1.jpg,1.0,1.0,0.93102586,0.06897414,True
0071007018_h_00.wav_2_1.jpg,1.0,1.0,1.0,0.0,True
0071007019_h_00.wav_0_1.jpg,1.0,1.0,0.9942895,0.0057104826,True
0071007020_h_00.wav_0_1.jpg,1.0,1.0,0.9999989,1.0728836e-06,True
0071007021_h_00.wav_0_1.jpg,1.0,1.0,0.99053055,0.0094694495,True
0071007022_h_00.wav_0_1.jpg,1.0,1.0,0.99110526,0.008894742,True
0071007024_h_00.wav_0_1.jpg,1.0,1.0,0.99970657,0.00029343367,True
0071007025_h_00.wav_0_1.jpg,1.0,1.0,0.999688,0.0003119707,True
0071007026_h_00.wav_0_1.jpg,1.0,1.0,0.99999785,2.1457672e-06,True
0071007027_h_00.wav_0_1.jpg,1.0,1.0,0.96645665,0.03354335,True
0071007028_h_00.wav_0_1.jpg,1.0,1.0,0.9991387,0.0008612871,True
0071007029_h_00.wav_0_1.jpg,1.0,1.0,0.9982728,0.0017272234,True
0071007030_h_00.wav_0_1.jpg,1.0,1.0,0.9980508,0.0019491911,True
0151015001_h_00.wav_0_1.jpg,1.0,1.0,0.99180686,0.008193135,True
0151015002_h_00.wav_0_1.jpg,1.0,1.0,0.94001067,0.059989333,True
0151015002_h_00.wav_1_1.jpg,1.0,1.0,0.998359,0.0016409755,True
0151015002_h_00.wav_2_1.jpg,1.0,1.0,0.9896836,0.010316372,True
0151015003_h_00.wav_0_1.jpg,1.0,1.0,0.9996735,0.00032651424,True
0151015004_h_00.wav_0_1.jpg,1.0,0.0,0.30731907,0.69268095,False
0151015005_h_00.wav_0_1.jpg,1.0,0.0,0.29104456,0.7089554,False
0151015005_h_00.wav_1_1.jpg,1.0,0.0,0.18191974,0.81808025,False
0151015005_h_00.wav_2_1.jpg,1.0,1.0,0.8247277,0.17527229,True
0151015005_h_00.wav_3_1.jpg,1.0,0.0,0.03877318,0.9612268,False
0151015006_h_00.wav_0_1.jpg,1.0,0.0,0.3007159,0.6992841,False
0151015007_h_00.wav_0_1.jpg,1.0,1.0,0.95259005,0.04740995,True
0151015008_h_00.wav_0_1.jpg,1.0,1.0,0.9895756,0.0104243755,True
0151015009_h_00.wav_0_1.jpg,1.0,0.0,0.0015019008,0.9984981,False
0151015010_h_00.wav_0_1.jpg,1.0,1.0,0.9911889,0.008811116,True
0151015010_h_00.wav_1_1.jpg,1.0,0.0,0.035127483,0.96487254,False
0151015010_h_00.wav_2_1.jpg,1.0,0.0,0.4645613,0.53543866,False
0151015010_h_00.wav_3_1.jpg,1.0,1.0,0.9542808,0.045719206,True
0151015010_h_00.wav_4_1.jpg,1.0,0.0,0.024688538,0.97531146,False
0151015011_h_00.wav_0_1.jpg,1.0,0.0,0.06545867,0.93454134,False
0151015012_h_00.wav_0_1.jpg,1.0,0.0,0.10397482,0.8960252,False
0151015013_h_00.wav_0_1.jpg,1.0,1.0,0.99878854,0.0012114644,True
0151015014_h_00.wav_0_1.jpg,1.0,1.0,0.92179286,0.078207135,True
0151015014_h_00.wav_1_1.jpg,1.0,0.0,0.033644527,0.96635544,False
0151015014_h_00.wav_2_1.jpg,1.0,1.0,0.9134992,0.08650082,True
0151015014_h_00.wav_3_1.jpg,1.0,1.0,0.96691215,0.03308785,True
0151015015_h_00.wav_0_1.jpg,1.0,0.0,0.0002327139,0.9997673,False
0151015016_h_00.wav_0_1.jpg,1.0,1.0,0.9996959,0.0003041029,True
0151015017_h_00.wav_0_1.jpg,1.0,1.0,0.9722697,0.027730286,True
0151015017_h_00.wav_1_1.jpg,1.0,1.0,0.99973065,0.0002693534,True
0151015018_h_00.wav_0_1.jpg,1.0,0.0,0.012380834,0.98761916,False
0151015018_h_00.wav_1_1.jpg,1.0,0.0,0.057307716,0.9426923,False
0151015018_h_00.wav_2_1.jpg,1.0,1.0,0.9497326,0.0502674,True
0151015018_h_00.wav_3_1.jpg,1.0,0.0,0.029464228,0.97053576,False
0151015019_h_00.wav_0_1.jpg,1.0,0.0,0.3602715,0.6397285,False
0151015020_h_00.wav_0_1.jpg,1.0,1.0,0.9969812,0.0030187964,True
0151015021_h_00.wav_0_1.jpg,1.0,1.0,0.5493584,0.45064157,True
0151015022_h_00.wav_0_1.jpg,1.0,0.0,0.009351449,0.99064857,False
0151015023_h_00.wav_0_1.jpg,1.0,1.0,0.95275915,0.047240853,True
0151015024_h_00.wav_0_1.jpg,1.0,1.0,0.87181306,0.12818694,True
0151015025_h_00.wav_0_1.jpg,1.0,0.0,0.0008763502,0.99912363,False
0151015026_h_00.wav_0_1.jpg,1.0,0.0,0.061810598,0.9381894,False
0151015027_h_00.wav_0_1.jpg,1.0,0.0,0.00094726466,0.99905276,False
0151015028_h_00.wav_0_1.jpg,1.0,0.0,0.03468868,0.9653113,False
0151015029_h_00.wav_0_1.jpg,1.0,1.0,0.5024805,0.4975195,True
0151015030_h_00.wav_0_1.jpg,1.0,0.0,0.32486048,0.67513955,False
0181018001_h_02.wav_0_1.jpg,1.0,1.0,0.9998621,0.00013792515,True
0181018002_h_00.wav_0_1.jpg,1.0,1.0,0.79595256,0.20404744,True
0181018002_h_00.wav_1_1.jpg,1.0,1.0,0.5668637,0.43313628,True
0181018002_h_00.wav_2_1.jpg,1.0,1.0,0.9520002,0.0479998,True
0181018002_h_00.wav_3_1.jpg,1.0,1.0,0.802925,0.19707501,True
0181018003_h_00.wav_0_1.jpg,1.0,1.0,0.81472474,0.18527526,True
0181018004_h_00.wav_0_1.jpg,1.0,1.0,0.99587363,0.00412637,True
0181018005_h_00.wav_0_1.jpg,1.0,0.0,0.029339874,0.97066015,False
0181018005_h_00.wav_1_1.jpg,1.0,1.0,0.9545172,0.045482814,True
0181018005_h_00.wav_2_1.jpg,1.0,1.0,0.7618458,0.23815417,True
0181018005_h_00.wav_3_1.jpg,1.0,1.0,0.9274788,0.07252121,True
0181018006_h_00.wav_0_1.jpg,1.0,1.0,0.93311375,0.066886246,True
0181018007_h_00.wav_0_1.jpg,1.0,1.0,0.8638413,0.1361587,True
0181018008_h_00.wav_0_1.jpg,1.0,1.0,0.99163836,0.008361638,True
0181018009_h_00.wav_0_1.jpg,1.0,1.0,0.8803595,0.11964053,True
0181018010_h_00.wav_0_1.jpg,1.0,1.0,0.99889153,0.0011084676,True
0181018010_h_00.wav_1_1.jpg,1.0,0.0,0.0034005868,0.99659944,False
0181018010_h_00.wav_2_1.jpg,1.0,1.0,0.95546114,0.044538856,True
0181018010_h_00.wav_3_1.jpg,1.0,1.0,0.99888915,0.0011108518,True
0181018010_h_00.wav_4_1.jpg,1.0,1.0,0.9999635,3.6478043e-05,True
0181018011_h_00.wav_0_1.jpg,1.0,1.0,0.99555343,0.004446566,True
0181018012_h_00.wav_0_1.jpg,1.0,1.0,0.9996829,0.0003170967,True
0181018013_h_00.wav_0_1.jpg,1.0,0.0,0.14779419,0.8522058,False
0181018014_h_00.wav_0_1.jpg,1.0,0.0,0.005873457,0.99412656,False
0181018014_h_00.wav_1_1.jpg,1.0,0.0,0.4521757,0.54782426,False
0181018014_h_00.wav_2_1.jpg,1.0,1.0,0.7768805,0.2231195,True
0181018014_h_00.wav_3_1.jpg,1.0,0.0,0.17835109,0.8216489,False
0181018015_h_00.wav_0_1.jpg,1.0,1.0,0.99869776,0.0013022423,True
0181018016_h_00.wav_0_1.jpg,1.0,1.0,0.9860968,0.013903201,True
0181018017_h_00.wav_0_1.jpg,1.0,1.0,0.94746363,0.05253637,True
0181018018_h_00.wav_0_1.jpg,1.0,1.0,0.50014347,0.49985653,True
0181018018_h_00.wav_1_1.jpg,1.0,1.0,0.99666744,0.0033325553,True
0181018018_h_00.wav_2_1.jpg,1.0,1.0,0.9068819,0.09311807,True
0181018018_h_00.wav_3_1.jpg,1.0,1.0,0.9999219,7.8082085e-05,True
0181018019_h_00.wav_0_1.jpg,1.0,0.0,0.018440006,0.98156,False
0181018020_h_00.wav_0_1.jpg,1.0,1.0,0.9918202,0.008179784,True
0181018021_h_00.wav_0_1.jpg,1.0,1.0,0.59179115,0.40820885,True
0181018022_h_00.wav_0_1.jpg,1.0,1.0,0.98973083,0.010269165,True
0181018024_h_00.wav_0_1.jpg,1.0,0.0,0.0018431173,0.9981569,False
0181018025_h_00.wav_0_1.jpg,1.0,1.0,0.99848205,0.0015179515,True
0181018026_h_00.wav_0_1.jpg,1.0,0.0,0.46460122,0.5353988,False
0181018028_h_00.wav_0_1.jpg,1.0,0.0,0.007933774,0.9920662,False
0181018030_h_00.wav_0_1.jpg,1.0,0.0,0.3522762,0.6477238,False
0251026001_h_00.wav_0_1.jpg,1.0,1.0,0.7729997,0.2270003,True
0251026002_h_00.wav_0_1.jpg,1.0,1.0,0.7026085,0.29739147,True
0251026002_h_00.wav_1_1.jpg,1.0,1.0,0.9983631,0.0016369224,True
0251026002_h_00.wav_2_1.jpg,1.0,1.0,0.9825868,0.017413199,True
0251026002_h_00.wav_3_1.jpg,1.0,0.0,0.44278285,0.5572171,False
0251026002_h_00.wav_4_1.jpg,1.0,1.0,0.94351906,0.056480944,True
0251026003_h_00.wav_0_1.jpg,1.0,0.0,0.4396453,0.5603547,False
0251026004_h_00.wav_0_1.jpg,1.0,1.0,0.98323774,0.016762257,True
0251026005_h_00.wav_0_1.jpg,1.0,1.0,0.86027324,0.13972676,True
0251026005_h_00.wav_1_1.jpg,1.0,1.0,0.9450363,0.054963708,True
0251026005_h_00.wav_2_1.jpg,1.0,1.0,0.99967587,0.00032413006,True
0251026005_h_00.wav_3_1.jpg,1.0,1.0,0.9520076,0.04799241,True
0251026006_h_00.wav_0_1.jpg,1.0,1.0,0.98824346,0.011756539,True
0251026007_h_00.wav_0_1.jpg,1.0,0.0,0.008890149,0.99110985,False
0251026008_h_00.wav_0_1.jpg,1.0,1.0,0.9964489,0.0035511255,True
0251026009_h_00.wav_0_1.jpg,1.0,1.0,0.9968105,0.0031895041,True
0251026010_h_00.wav_0_1.jpg,1.0,0.0,0.45938203,0.54061794,False
0251026010_h_00.wav_1_1.jpg,1.0,1.0,0.8764065,0.12359351,True
0251026010_h_00.wav_2_1.jpg,1.0,1.0,0.9987608,0.0012391806,True
0251026011_h_00.wav_0_1.jpg,1.0,1.0,0.9936633,0.006336689,True
0251026012_h_00.wav_0_1.jpg,1.0,0.0,0.23245504,0.767545,False
0251026013_h_00.wav_0_1.jpg,1.0,1.0,0.99942833,0.00057166815,True
0251026014_h_00.wav_0_1.jpg,1.0,1.0,0.99955744,0.0004425645,True
0251026014_h_00.wav_1_1.jpg,1.0,1.0,0.98831683,0.011683166,True
0251026015_h_00.wav_0_1.jpg,1.0,1.0,0.95532143,0.04467857,True
0251026016_h_00.wav_0_1.jpg,1.0,1.0,0.9999783,2.169609e-05,True
0251026017_h_00.wav_0_1.jpg,1.0,1.0,0.9578877,0.04211229,True
0251026018_h_00.wav_0_1.jpg,1.0,1.0,0.99404716,0.005952835,True
0251026018_h_00.wav_1_1.jpg,1.0,1.0,0.86433554,0.13566446,True
0251026019_h_00.wav_0_1.jpg,1.0,1.0,0.99508274,0.004917264,True
0251026020_h_00.wav_0_1.jpg,1.0,1.0,0.993807,0.006192982,True
0251026021_h_00.wav_0_1.jpg,1.0,1.0,0.9999747,2.527237e-05,True
0251026022_h_00.wav_0_1.jpg,1.0,1.0,0.99999654,3.4570694e-06,True
0251026024_h_00.wav_0_1.jpg,1.0,1.0,0.9931116,0.0068883896,True
0251026025_h_00.wav_0_1.jpg,1.0,1.0,0.8570771,0.14292288,True
0251026026_h_00.wav_0_1.jpg,1.0,0.0,0.012443722,0.9875563,False
0251026027_h_00.wav_0_1.jpg,1.0,1.0,0.81272525,0.18727475,True
0251026028_h_00.wav_0_1.jpg,1.0,1.0,0.9807663,0.019233704,True
0251026029_h_00.wav_0_1.jpg,1.0,1.0,0.99927074,0.0007292628,True
0251026030_h_00.wav_0_1.jpg,1.0,1.0,0.9991357,0.00086432695,True
0311032001_h_00.wav_0_1.jpg,1.0,1.0,0.99805033,0.0019496679,True
0311032002_h_00.wav_0_1.jpg,1.0,1.0,0.99957615,0.00042384863,True
0311032002_h_00.wav_1_1.jpg,1.0,0.0,0.038550556,0.96144944,False
0311032002_h_00.wav_2_1.jpg,1.0,1.0,0.7180897,0.2819103,True
0311032002_h_00.wav_3_1.jpg,1.0,1.0,0.6989905,0.30100948,True
0311032003_h_00.wav_0_1.jpg,1.0,1.0,0.9999502,4.9829483e-05,True
0311032004_h_00.wav_0_1.jpg,1.0,1.0,0.9970233,0.0029767156,True
0311032005_h_00.wav_0_1.jpg,1.0,1.0,0.8994424,0.100557625,True
0311032005_h_00.wav_1_1.jpg,1.0,0.0,0.07044176,0.9295582,False
0311032006_h_00.wav_0_1.jpg,1.0,1.0,0.513434,0.486566,True
0311032007_h_00.wav_0_1.jpg,1.0,1.0,0.96844953,0.031550467,True
0311032008_h_00.wav_0_1.jpg,1.0,0.0,0.123194225,0.8768058,False
0311032009_h_00.wav_0_1.jpg,1.0,0.0,0.33579844,0.66420156,False
0311032010_h_00.wav_0_1.jpg,1.0,1.0,0.9459531,0.05404693,True
0311032010_h_00.wav_1_1.jpg,1.0,1.0,0.98180765,0.01819235,True
0311032010_h_00.wav_2_1.jpg,1.0,1.0,0.9999882,1.180172e-05,True
0311032011_h_00.wav_0_1.jpg,1.0,1.0,0.9064203,0.09357971,True
0311032012_h_00.wav_0_1.jpg,1.0,1.0,0.9999999,1.1920929e-07,True
0311032013_h_00.wav_0_1.jpg,1.0,1.0,0.8809842,0.11901581,True
0311032014_h_00.wav_0_1.jpg,1.0,0.0,0.23525682,0.7647432,False
0311032014_h_00.wav_1_1.jpg,1.0,1.0,0.7155314,0.2844686,True
0311032015_h_00.wav_0_1.jpg,1.0,1.0,0.9964083,0.0035917163,True
0311032016_h_00.wav_0_1.jpg,1.0,1.0,0.9919401,0.008059919,True
0311032017_h_00.wav_0_1.jpg,1.0,1.0,0.9934564,0.0065435767,True
0311032018_h_00.wav_0_1.jpg,1.0,1.0,0.99736917,0.0026308298,True
0311032018_h_00.wav_1_1.jpg,1.0,0.0,0.04297757,0.9570224,False
0311032018_h_00.wav_2_1.jpg,1.0,1.0,0.58267486,0.41732514,True
0311032019_h_00.wav_0_1.jpg,1.0,1.0,0.97305536,0.026944637,True
0311032020_h_00.wav_0_1.jpg,1.0,1.0,0.99415344,0.00584656,True
0311032021_h_00.wav_0_1.jpg,1.0,1.0,0.9990144,0.0009856224,True
0311032022_h_00.wav_0_1.jpg,1.0,1.0,0.9918795,0.008120477,True
0311032024_h_00.wav_0_1.jpg,1.0,1.0,0.99932694,0.00067305565,True
0311032025_h_02.wav_0_1.jpg,1.0,1.0,0.98889714,0.011102855,True
0311032026_h_00.wav_0_1.jpg,1.0,1.0,0.9940692,0.0059307814,True
0311032027_h_00.wav_0_1.jpg,1.0,1.0,0.6713757,0.3286243,True
0311032028_h_00.wav_0_1.jpg,1.0,1.0,0.9900781,0.009921908,True
0311032029_h_00.wav_0_1.jpg,1.0,1.0,0.94087285,0.059127152,True
0311032030_h_00.wav_0_1.jpg,1.0,1.0,0.99577796,0.0042220354,True
0321033001_h_00.wav_0_1.jpg,1.0,1.0,0.9935231,0.006476879,True
0321033002_h_01.wav_0_1.jpg,1.0,0.0,0.11269563,0.88730437,False
0321033002_h_01.wav_1_1.jpg,1.0,1.0,0.999974,2.5987625e-05,True
0321033002_h_01.wav_2_1.jpg,1.0,1.0,0.9997002,0.00029981136,True
0321033002_h_01.wav_3_1.jpg,1.0,1.0,0.99995375,4.6253204e-05,True
0321033002_h_01.wav_4_1.jpg,1.0,1.0,0.9839516,0.016048372,True
0321033003_h_00.wav_0_1.jpg,1.0,1.0,0.9999982,1.7881393e-06,True
0321033004_h_00.wav_0_1.jpg,1.0,1.0,0.9961551,0.0038449168,True
0321033005_h_00.wav_0_1.jpg,1.0,1.0,0.994752,0.00524801,True
0321033005_h_00.wav_1_1.jpg,1.0,1.0,0.7181793,0.2818207,True
0321033006_h_00.wav_0_1.jpg,1.0,0.0,0.25463474,0.74536526,False
0321033007_h_00.wav_0_1.jpg,1.0,1.0,0.999595,0.00040501356,True
0321033008_h_00.wav_0_1.jpg,1.0,1.0,0.9966266,0.0033733845,True
0321033009_h_00.wav_0_1.jpg,1.0,1.0,0.89161235,0.10838765,True
0321033010_h_01.wav_0_1.jpg,1.0,1.0,0.999997,2.9802322e-06,True
0321033010_h_01.wav_1_1.jpg,1.0,0.0,0.41484767,0.5851523,False
0321033010_h_01.wav_2_1.jpg,1.0,1.0,0.99582833,0.0041716695,True
0321033011_h_00.wav_0_1.jpg,1.0,1.0,0.62813073,0.37186927,True
0321033012_h_00.wav_0_1.jpg,1.0,1.0,0.9993362,0.0006638169,True
0321033013_h_00.wav_0_1.jpg,1.0,1.0,0.99847347,0.0015265346,True
0321033014_h_00.wav_0_1.jpg,1.0,1.0,0.99991786,8.21352e-05,True
0321033015_h_00.wav_0_1.jpg,1.0,1.0,0.8709316,0.12906837,True
0321033016_h_00.wav_0_1.jpg,1.0,1.0,0.9992465,0.0007535219,True
0321033017_h_00.wav_0_1.jpg,1.0,1.0,0.99603325,0.0039667487,True
0321033018_h_00.wav_0_1.jpg,1.0,1.0,0.99998033,1.9669533e-05,True
0321033018_h_00.wav_1_1.jpg,1.0,1.0,0.99924916,0.0007508397,True
0321033019_h_00.wav_0_1.jpg,1.0,1.0,0.98575747,0.01424253,True
0321033020_h_00.wav_0_1.jpg,1.0,1.0,0.9992112,0.00078880787,True
0321033021_h_00.wav_0_1.jpg,1.0,1.0,0.64610636,0.35389364,True
0321033022_h_00.wav_0_1.jpg,1.0,1.0,0.78837603,0.21162397,True
0321033024_h_00.wav_0_1.jpg,1.0,1.0,0.99259937,0.007400632,True
0321033025_h_00.wav_0_1.jpg,1.0,1.0,0.9986676,0.0013324022,True
0321033026_h_00.wav_0_1.jpg,1.0,1.0,0.9961785,0.0038214922,True
0321033027_h_00.wav_0_1.jpg,1.0,1.0,0.9746712,0.025328815,True
0321033028_h_00.wav_0_1.jpg,1.0,1.0,0.99973446,0.0002655387,True
0321033030_h_00.wav_0_1.jpg,1.0,1.0,0.9999993,7.1525574e-07,True
0341035001_h_00.wav_0_1.jpg,1.0,0.0,0.46386167,0.5361383,False
0341035002_h_00.wav_0_1.jpg,1.0,1.0,0.526985,0.473015,True
0341035002_h_00.wav_1_1.jpg,1.0,0.0,0.012304258,0.98769575,False
0341035003_h_00.wav_0_1.jpg,1.0,0.0,0.2136499,0.78635013,False
0341035004_h_00.wav_0_1.jpg,1.0,1.0,0.99237305,0.0076269507,True
0341035005_h_00.wav_0_1.jpg,1.0,1.0,0.9843992,0.0156008005,True
0341035005_h_00.wav_1_1.jpg,1.0,0.0,0.011834749,0.98816526,False
0341035005_h_00.wav_2_1.jpg,1.0,0.0,0.0038014662,0.99619853,False
0341035006_h_00.wav_0_1.jpg,1.0,1.0,0.94454443,0.055455565,True
0341035007_h_00.wav_0_1.jpg,1.0,1.0,0.99723464,0.0027653575,True
0341035008_h_00.wav_0_1.jpg,1.0,1.0,0.9993831,0.0006169081,True
0341035009_h_00.wav_0_1.jpg,1.0,1.0,0.9995621,0.00043791533,True
0341035010_h_00.wav_0_1.jpg,1.0,0.0,0.00052751537,0.9994725,False
0341035010_h_00.wav_1_1.jpg,1.0,0.0,0.00658085,0.9934192,False
0341035011_h_00.wav_0_1.jpg,1.0,1.0,0.89488816,0.10511184,True
0341035012_h_00.wav_0_1.jpg,1.0,0.0,0.00073498214,0.999265,False
0341035013_h_00.wav_0_1.jpg,1.0,1.0,0.99951553,0.00048446655,True
0341035014_h_00.wav_0_1.jpg,1.0,0.0,0.0056810565,0.99431896,False
0341035015_h_00.wav_0_1.jpg,1.0,1.0,0.9975222,0.0024778247,True
0341035016_h_00.wav_0_1.jpg,1.0,0.0,0.27306148,0.7269385,False
0341035017_h_00.wav_0_1.jpg,1.0,1.0,0.9995466,0.00045341253,True
0341035018_h_00.wav_0_1.jpg,1.0,0.0,0.0098159425,0.99018407,False
0341035018_h_00.wav_1_1.jpg,1.0,0.0,0.2041753,0.7958247,False
0341035019_h_00.wav_0_1.jpg,1.0,1.0,0.6620873,0.33791268,True
0341035020_h_00.wav_0_1.jpg,1.0,1.0,0.99577314,0.0042268634,True
0341035021_h_00.wav_0_1.jpg,1.0,1.0,0.99923086,0.00076913834,True
0341035022_h_00.wav_0_1.jpg,1.0,0.0,0.00037166488,0.9996283,False
0341035024_h_00.wav_0_1.jpg,1.0,0.0,0.0060065812,0.9939934,False
0341035025_h_00.wav_0_1.jpg,1.0,0.0,0.00075535086,0.99924463,False
0341035026_h_00.wav_0_1.jpg,1.0,1.0,0.894077,0.105923,True
0341035027_h_00.wav_0_1.jpg,1.0,1.0,0.82401663,0.17598337,True
0341035028_h_00.wav_0_1.jpg,1.0,1.0,0.9992403,0.0007597208,True
0341035029_h_00.wav_0_1.jpg,1.0,1.0,0.5692025,0.43079752,True
0341035030_h_00.wav_0_1.jpg,1.0,1.0,0.73713046,0.26286954,True
0391040001_h_00.wav_0_1.jpg,1.0,1.0,0.98117125,0.01882875,True
0391040002_h_00.wav_0_1.jpg,1.0,1.0,0.99440306,0.0055969357,True
0391040002_h_00.wav_1_1.jpg,1.0,1.0,0.98946315,0.0105368495,True
0391040002_h_00.wav_2_1.jpg,1.0,0.0,0.042923916,0.9570761,False
0391040002_h_00.wav_3_1.jpg,1.0,1.0,0.99805367,0.0019463301,True
0391040003_h_00.wav_0_1.jpg,1.0,1.0,0.99234676,0.0076532364,True
0391040004_h_00.wav_0_1.jpg,1.0,1.0,0.9989133,0.0010867119,True
0391040005_h_00.wav_0_1.jpg,1.0,1.0,0.99998415,1.5854836e-05,True
0391040005_h_00.wav_1_1.jpg,1.0,0.0,0.16301593,0.83698404,False
0391040005_h_00.wav_2_1.jpg,1.0,0.0,0.248407,0.751593,False
0391040005_h_00.wav_3_1.jpg,1.0,1.0,0.99409324,0.0059067607,True
0391040006_h_00.wav_0_1.jpg,1.0,1.0,0.73548824,0.26451176,True
0391040007_h_00.wav_0_1.jpg,1.0,0.0,0.003398054,0.99660194,False
0391040008_h_00.wav_0_1.jpg,1.0,0.0,0.28688917,0.7131108,False
0391040009_h_00.wav_0_1.jpg,1.0,1.0,0.9976318,0.0023682117,True
0391040010_h_00.wav_0_1.jpg,1.0,1.0,0.9983109,0.0016890764,True
0391040010_h_00.wav_1_1.jpg,1.0,1.0,0.98966295,0.010337055,True
0391040010_h_00.wav_2_1.jpg,1.0,0.0,0.03094394,0.96905607,False
0391040010_h_00.wav_3_1.jpg,1.0,1.0,0.97014856,0.029851437,True
0391040010_h_00.wav_4_1.jpg,1.0,0.0,0.10785555,0.89214444,False
0391040011_h_00.wav_0_1.jpg,1.0,1.0,0.8548771,0.14512289,True
0391040012_h_00.wav_0_1.jpg,1.0,0.0,0.006544158,0.9934558,False
0391040013_h_00.wav_0_1.jpg,1.0,1.0,0.99920064,0.0007993579,True
0391040014_h_00.wav_0_1.jpg,1.0,1.0,0.9962883,0.0037117004,True
0391040014_h_00.wav_1_1.jpg,1.0,1.0,0.9987072,0.0012928247,True
0391040015_h_00.wav_0_1.jpg,1.0,1.0,0.9630977,0.03690231,True
0391040016_h_00.wav_0_1.jpg,1.0,1.0,0.99999964,3.5762787e-07,True
0391040017_h_00.wav_0_1.jpg,1.0,1.0,0.9949301,0.0050699115,True
0391040018_h_00.wav_0_1.jpg,1.0,1.0,0.9435748,0.056425214,True
0391040018_h_00.wav_1_1.jpg,1.0,0.0,0.00628225,0.99371773,False
0391040018_h_00.wav_2_1.jpg,1.0,0.0,0.23642428,0.76357573,False
0391040019_h_00.wav_0_1.jpg,1.0,1.0,0.7734859,0.2265141,True
0391040020_h_00.wav_0_1.jpg,1.0,1.0,0.9965912,0.0034087896,True
0391040021_h_00.wav_0_1.jpg,1.0,0.0,0.12606885,0.87393117,False
0391040022_h_00.wav_0_1.jpg,1.0,1.0,0.9551075,0.04489249,True
0391040024_h_00.wav_0_1.jpg,1.0,0.0,0.0011991799,0.9988008,False
0391040025_h_00.wav_0_1.jpg,1.0,1.0,0.9499321,0.0500679,True
0391040026_h_00.wav_0_1.jpg,1.0,0.0,0.3390108,0.66098917,False
0391040027_h_00.wav_0_1.jpg,1.0,1.0,0.9846882,0.015311778,True
0391040028_h_00.wav_0_1.jpg,1.0,0.0,0.39101762,0.6089824,False
0391040030_h_00.wav_0_1.jpg,1.0,1.0,0.992489,0.0075110197,True
0501051001_h_01.wav_0_1.jpg,1.0,1.0,0.81898814,0.18101186,True
0501051002_h_00.wav_0_1.jpg,1.0,0.0,0.3234898,0.6765102,False
0501051002_h_00.wav_1_1.jpg,1.0,0.0,0.1732662,0.8267338,False
0501051003_h_00.wav_0_1.jpg,1.0,1.0,0.98027325,0.019726753,True
0501051004_h_00.wav_0_1.jpg,1.0,1.0,0.9998679,0.0001320839,True
0501051005_h_00.wav_0_1.jpg,1.0,0.0,0.0040106475,0.9959893,False
0501051005_h_00.wav_1_1.jpg,1.0,0.0,0.44647187,0.55352813,False
0501051006_h_00.wav_0_1.jpg,1.0,1.0,0.9868195,0.013180494,True
0501051007_h_00.wav_0_1.jpg,1.0,1.0,0.9211943,0.078805685,True
0501051008_h_00.wav_0_1.jpg,1.0,0.0,0.01655361,0.98344636,False
0501051009_h_00.wav_0_1.jpg,1.0,0.0,0.004000905,0.9959991,False
0501051010_h_00.wav_0_1.jpg,1.0,1.0,0.9665549,0.03344512,True
0501051010_h_00.wav_1_1.jpg,1.0,0.0,0.0096699605,0.99033004,False
0501051011_h_00.wav_0_1.jpg,1.0,0.0,0.07980878,0.9201912,False
0501051012_h_00.wav_0_1.jpg,1.0,0.0,0.12069367,0.8793063,False
0501051013_h_00.wav_0_1.jpg,1.0,1.0,0.8942951,0.1057049,True
0501051014_h_00.wav_0_1.jpg,1.0,0.0,0.023356073,0.9766439,False
0501051014_h_00.wav_1_1.jpg,1.0,0.0,0.002824052,0.99717593,False
0501051014_h_00.wav_2_1.jpg,1.0,0.0,0.048950553,0.95104945,False
0501051014_h_00.wav_3_1.jpg,1.0,1.0,0.9755721,0.02442789,True
0501051015_h_00.wav_0_1.jpg,1.0,0.0,0.17362843,0.82637155,False
0501051016_h_00.wav_0_1.jpg,1.0,1.0,0.93802536,0.061974645,True
0501051017_h_00.wav_0_1.jpg,1.0,0.0,0.30741206,0.692588,False
0501051018_h_00.wav_0_1.jpg,1.0,0.0,0.0879556,0.9120444,False
0501051018_h_00.wav_1_1.jpg,1.0,0.0,0.016610654,0.9833893,False
0501051019_h_00.wav_0_1.jpg,1.0,1.0,0.9471672,0.052832782,True
0501051020_h_00.wav_0_1.jpg,1.0,0.0,0.001764824,0.99823517,False
0501051022_h_00.wav_0_1.jpg,1.0,1.0,0.7790722,0.22092777,True
0501051024_h_00.wav_0_1.jpg,1.0,1.0,0.8837562,0.11624378,True
0501051026_h_00.wav_0_1.jpg,1.0,1.0,0.8796262,0.120373785,True
0501051027_h_00.wav_0_1.jpg,1.0,1.0,0.9965933,0.0034067035,True
0501051028_h_00.wav_0_1.jpg,1.0,1.0,0.9996138,0.0003861785,True
0501051030_h_00.wav_0_1.jpg,1.0,1.0,0.97920185,0.020798147,True
0511052001_h_00.wav_0_1.jpg,1.0,0.0,0.004068062,0.9959319,False
0511052002_h_00.wav_0_1.jpg,1.0,0.0,0.0032074784,0.9967925,False
0511052002_h_00.wav_1_1.jpg,1.0,0.0,7.1925126e-05,0.99992806,False
0511052002_h_00.wav_2_1.jpg,1.0,1.0,0.9893036,0.010696411,True
0511052003_h_00.wav_0_1.jpg,1.0,0.0,0.0010765868,0.9989234,False
0511052004_h_00.wav_0_1.jpg,1.0,1.0,0.99981314,0.00018686056,True
0511052005_h_00.wav_0_1.jpg,1.0,0.0,0.1733281,0.8266719,False
0511052005_h_00.wav_1_1.jpg,1.0,0.0,0.00053306855,0.99946696,False
0511052005_h_00.wav_2_1.jpg,1.0,0.0,0.002852804,0.9971472,False
0511052005_h_00.wav_3_1.jpg,1.0,0.0,0.012100135,0.98789984,False
0511052006_h_00.wav_0_1.jpg,1.0,0.0,0.020134944,0.9798651,False
0511052007_h_00.wav_0_1.jpg,1.0,1.0,0.802055,0.197945,True
0511052008_h_00.wav_0_1.jpg,1.0,1.0,0.9986179,0.0013821125,True
0511052009_h_00.wav_0_1.jpg,1.0,0.0,0.11177428,0.88822573,False
0511052010_h_00.wav_0_1.jpg,1.0,0.0,0.0028966758,0.99710333,False
0511052010_h_00.wav_1_1.jpg,1.0,1.0,0.70111614,0.29888386,True
0511052010_h_00.wav_2_1.jpg,1.0,1.0,0.9995122,0.0004878044,True
0511052010_h_00.wav_3_1.jpg,1.0,1.0,0.9996582,0.00034177303,True
0511052010_h_00.wav_4_1.jpg,1.0,1.0,0.9851478,0.014852226,True
0511052011_h_00.wav_0_1.jpg,1.0,1.0,0.6037102,0.39628983,True
0511052012_h_00.wav_0_1.jpg,1.0,1.0,0.99842876,0.001571238,True
0511052013_h_00.wav_0_1.jpg,1.0,1.0,0.9997255,0.0002744794,True
0511052014_h_00.wav_0_1.jpg,1.0,0.0,0.070045196,0.9299548,False
0511052014_h_00.wav_1_1.jpg,1.0,0.0,0.056803744,0.94319624,False
0511052014_h_00.wav_2_1.jpg,1.0,0.0,0.009864489,0.9901355,False
0511052015_h_00.wav_0_1.jpg,1.0,0.0,0.020020321,0.9799797,False
0511052016_h_00.wav_0_1.jpg,1.0,1.0,0.67588466,0.32411534,True
0511052017_h_00.wav_0_1.jpg,1.0,1.0,0.99896765,0.0010323524,True
0511052018_h_00.wav_0_1.jpg,1.0,0.0,0.023140173,0.9768598,False
0511052018_h_00.wav_1_1.jpg,1.0,0.0,0.0033425796,0.99665743,False
0511052018_h_00.wav_2_1.jpg,1.0,0.0,0.050360233,0.9496398,False
0511052018_h_00.wav_3_1.jpg,1.0,0.0,0.017266987,0.982733,False
0511052018_h_00.wav_4_1.jpg,1.0,0.0,0.012566285,0.98743373,False
0511052019_h_00.wav_0_1.jpg,1.0,1.0,0.9867541,0.013245881,True
0511052020_h_00.wav_0_1.jpg,1.0,1.0,0.9958162,0.004183829,True
0511052021_h_00.wav_0_1.jpg,1.0,1.0,0.7922624,0.20773762,True
0511052022_h_00.wav_0_1.jpg,1.0,0.0,0.2939151,0.7060849,False
0511052024_h_00.wav_0_1.jpg,1.0,0.0,0.19313109,0.8068689,False
0511052025_h_00.wav_0_1.jpg,1.0,0.0,0.00038235114,0.99961764,False
0511052026_h_00.wav_0_1.jpg,1.0,1.0,0.998075,0.0019249916,True
0511052027_h_00.wav_0_1.jpg,1.0,0.0,0.03892237,0.96107763,False
0511052028_h_00.wav_0_1.jpg,1.0,0.0,0.106696196,0.8933038,False
0511052029_h_00.wav_0_1.jpg,1.0,0.0,0.044277426,0.9557226,False
0511052030_h_00.wav_0_1.jpg,1.0,1.0,0.971695,0.028304994,True
0511052030_h_00.wav_1_1.jpg,1.0,1.0,0.99998057,1.9431114e-05,True
0551056001_h_01.wav_0_1.jpg,1.0,1.0,0.9997031,0.00029689074,True
0551056002_h_01.wav_0_1.jpg,1.0,1.0,0.99831283,0.0016871691,True
0551056002_h_01.wav_1_1.jpg,1.0,1.0,0.95641816,0.043581843,True
0551056003_h_00.wav_0_1.jpg,1.0,1.0,0.98697215,0.013027847,True
0551056004_h_00.wav_0_1.jpg,1.0,1.0,0.9986945,0.0013055205,True
0551056005_h_00.wav_0_1.jpg,1.0,0.0,0.13285428,0.8671457,False
0551056006_h_00.wav_0_1.jpg,1.0,1.0,0.5741448,0.42585522,True
0551056007_h_00.wav_0_1.jpg,1.0,1.0,0.9812325,0.018767476,True
0551056008_h_00.wav_0_1.jpg,1.0,1.0,0.99682933,0.003170669,True
0551056009_h_00.wav_0_1.jpg,1.0,1.0,0.99572396,0.004276037,True
0551056010_h_00.wav_0_1.jpg,1.0,1.0,0.9862629,0.0137370825,True
0551056010_h_00.wav_1_1.jpg,1.0,1.0,0.57593083,0.42406917,True
0551056010_h_00.wav_2_1.jpg,1.0,1.0,0.9888377,0.011162281,True
0551056011_h_00.wav_0_1.jpg,1.0,0.0,0.13235782,0.86764216,False
0551056012_h_00.wav_0_1.jpg,1.0,1.0,0.99363977,0.006360233,True
0551056013_h_00.wav_0_1.jpg,1.0,1.0,0.95359343,0.046406567,True
0551056014_h_00.wav_0_1.jpg,1.0,0.0,0.023635829,0.9763642,False
0551056015_h_00.wav_0_1.jpg,1.0,1.0,0.99984753,0.00015246868,True
0551056016_h_00.wav_0_1.jpg,1.0,1.0,0.9717818,0.02821821,True
0551056017_h_00.wav_0_1.jpg,1.0,1.0,0.95808053,0.04191947,True
0551056018_h_00.wav_0_1.jpg,1.0,0.0,0.0008535583,0.99914646,False
0551056018_h_00.wav_1_1.jpg,1.0,1.0,0.99356407,0.0064359307,True
0551056019_h_00.wav_0_1.jpg,1.0,0.0,0.031959713,0.9680403,False
0551056020_h_00.wav_0_1.jpg,1.0,1.0,0.92748487,0.07251513,True
0551056021_h_00.wav_0_1.jpg,1.0,1.0,0.90836823,0.09163177,True
0551056022_h_00.wav_0_1.jpg,1.0,1.0,0.68172055,0.31827945,True
0551056023_h_00.wav_0_1.jpg,1.0,1.0,0.97102195,0.02897805,True
0551056024_h_00.wav_0_1.jpg,1.0,0.0,0.33389163,0.66610837,False
0551056025_h_00.wav_0_1.jpg,1.0,0.0,0.01657907,0.9834209,False
0551056026_h_01.wav_0_1.jpg,1.0,1.0,0.7345932,0.2654068,True
0551056027_h_00.wav_0_1.jpg,1.0,0.0,0.007462847,0.99253714,False
0551056028_h_00.wav_0_1.jpg,1.0,0.0,0.29901832,0.7009817,False
0551056029_h_00.wav_0_1.jpg,1.0,1.0,0.93734866,0.062651336,True
0551056030_h_00.wav_0_1.jpg,1.0,0.0,0.083204456,0.91679555,False
0581059001_h_00.wav_0_1.jpg,1.0,1.0,0.871801,0.12819898,True
0581059002_h_00.wav_0_1.jpg,1.0,0.0,0.17935258,0.8206474,False
0581059002_h_00.wav_1_1.jpg,1.0,1.0,0.9846299,0.015370071,True
0581059002_h_00.wav_2_1.jpg,1.0,1.0,0.9933837,0.0066162944,True
0581059002_h_00.wav_3_1.jpg,1.0,0.0,0.3806791,0.61932087,False
0581059002_h_00.wav_4_1.jpg,1.0,0.0,0.0068589626,0.99314106,False
0581059003_h_00.wav_0_1.jpg,1.0,1.0,0.95880204,0.041197956,True
0581059004_h_00.wav_0_1.jpg,1.0,1.0,0.9998486,0.0001513958,True
0581059005_h_00.wav_0_1.jpg,1.0,1.0,0.99408144,0.0059185624,True
0581059005_h_00.wav_1_1.jpg,1.0,1.0,0.99159616,0.008403838,True
0581059005_h_00.wav_2_1.jpg,1.0,1.0,0.99997103,2.8967857e-05,True
0581059005_h_00.wav_3_1.jpg,1.0,1.0,0.98407215,0.015927851,True
0581059006_h_00.wav_0_1.jpg,1.0,1.0,0.99967253,0.00032746792,True
0581059007_h_00.wav_0_1.jpg,1.0,0.0,0.102378584,0.8976214,False
0581059008_h_00.wav_0_1.jpg,1.0,0.0,0.058040287,0.94195974,False
0581059009_h_00.wav_0_1.jpg,1.0,1.0,0.92849666,0.07150334,True
0581059010_h_00.wav_0_1.jpg,1.0,1.0,0.9720148,0.027985215,True
0581059010_h_00.wav_1_1.jpg,1.0,1.0,0.9454092,0.05459082,True
0581059010_h_00.wav_2_1.jpg,1.0,1.0,0.99639904,0.003600955,True
0581059010_h_00.wav_3_1.jpg,1.0,1.0,0.9999863,1.3709068e-05,True
0581059010_h_00.wav_4_1.jpg,1.0,1.0,0.99986124,0.00013875961,True
0581059011_h_00.wav_0_1.jpg,1.0,1.0,0.9759655,0.0240345,True
0581059012_h_00.wav_0_1.jpg,1.0,1.0,0.98540825,0.0145917535,True
0581059013_h_00.wav_0_1.jpg,1.0,1.0,0.9970601,0.00293988,True
0581059014_h_00.wav_0_1.jpg,1.0,1.0,0.77693784,0.22306216,True
0581059014_h_00.wav_1_1.jpg,1.0,1.0,0.53296685,0.46703315,True
0581059014_h_00.wav_2_1.jpg,1.0,1.0,0.73299044,0.26700956,True
0581059014_h_00.wav_3_1.jpg,1.0,1.0,0.7310256,0.26897442,True
0581059015_h_00.wav_0_1.jpg,1.0,1.0,0.55863255,0.44136745,True
0581059016_h_00.wav_0_1.jpg,1.0,1.0,0.999908,9.202957e-05,True
0581059017_h_00.wav_0_1.jpg,1.0,1.0,0.999871,0.00012898445,True
0581059018_h_00.wav_0_1.jpg,1.0,0.0,0.36928236,0.63071764,False
0581059018_h_00.wav_1_1.jpg,1.0,1.0,0.97580296,0.024197042,True
0581059019_h_00.wav_0_1.jpg,1.0,1.0,0.9976426,0.0023574233,True
0581059020_h_00.wav_0_1.jpg,1.0,1.0,0.99999714,2.861023e-06,True
0581059021_h_00.wav_0_1.jpg,1.0,0.0,0.0036814339,0.9963186,False
0581059022_h_00.wav_0_1.jpg,1.0,1.0,0.98680556,0.013194442,True
0581059023_h_00.wav_0_1.jpg,1.0,0.0,0.0035261314,0.99647385,False
0581059024_h_00.wav_0_1.jpg,1.0,1.0,0.89375657,0.10624343,True
0581059025_h_00.wav_0_1.jpg,1.0,1.0,0.9762239,0.023776114,True
0581059026_h_00.wav_0_1.jpg,1.0,1.0,0.94110847,0.058891535,True
0581059027_h_00.wav_0_1.jpg,1.0,1.0,0.99820983,0.0017901659,True
0581059028_h_00.wav_0_1.jpg,1.0,1.0,0.99242216,0.0075778365,True
0581059030_h_00.wav_0_1.jpg,1.0,1.0,0.9990435,0.00095647573,True
0651066001_h_00.wav_0_1.jpg,1.0,1.0,0.99663734,0.0033626556,True
0651066002_h_00.wav_0_1.jpg,1.0,1.0,0.96929854,0.030701458,True
0651066002_h_00.wav_1_1.jpg,1.0,1.0,0.9999939,6.0796738e-06,True
0651066002_h_00.wav_2_1.jpg,1.0,1.0,0.97782236,0.022177637,True
0651066002_h_00.wav_3_1.jpg,1.0,0.0,0.06494029,0.9350597,False
0651066002_h_00.wav_4_1.jpg,1.0,1.0,0.9964658,0.0035341978,True
0651066003_h_00.wav_0_1.jpg,1.0,1.0,0.87352324,0.12647676,True
0651066004_h_00.wav_0_1.jpg,1.0,1.0,0.9858666,0.014133394,True
0651066005_h_00.wav_0_1.jpg,1.0,1.0,0.995001,0.004998982,True
0651066005_h_00.wav_1_1.jpg,1.0,0.0,0.069642946,0.93035704,False
0651066005_h_00.wav_2_1.jpg,1.0,1.0,0.9999101,8.9883804e-05,True
0651066006_h_00.wav_0_1.jpg,1.0,1.0,0.99767035,0.0023296475,True
0651066007_h_00.wav_0_1.jpg,1.0,1.0,0.9976871,0.0023128986,True
0651066008_h_00.wav_0_1.jpg,1.0,0.0,0.0011467498,0.99885327,False
0651066009_h_00.wav_0_1.jpg,1.0,1.0,0.9995229,0.00047707558,True
0651066010_h_00.wav_0_1.jpg,1.0,1.0,0.9236104,0.07638961,True
0651066010_h_00.wav_1_1.jpg,1.0,1.0,0.99166554,0.008334458,True
0651066010_h_00.wav_2_1.jpg,1.0,1.0,0.9870702,0.012929797,True
0651066010_h_00.wav_3_1.jpg,1.0,1.0,0.9590952,0.04090482,True
0651066011_h_00.wav_0_1.jpg,1.0,1.0,0.97980106,0.020198941,True
0651066012_h_00.wav_0_1.jpg,1.0,1.0,0.99759966,0.0024003386,True
0651066013_h_00.wav_0_1.jpg,1.0,1.0,0.96420425,0.03579575,True
0651066014_h_00.wav_0_1.jpg,1.0,1.0,0.9755132,0.02448678,True
0651066014_h_00.wav_1_1.jpg,1.0,1.0,0.9917059,0.0082941055,True
0651066014_h_00.wav_2_1.jpg,1.0,1.0,0.8865605,0.1134395,True
0651066015_h_01.wav_0_1.jpg,1.0,0.0,0.007465596,0.9925344,False
0651066016_h_00.wav_0_1.jpg,1.0,1.0,0.9949313,0.0050687194,True
0651066017_h_00.wav_0_1.jpg,1.0,1.0,0.9915529,0.008447111,True
0651066018_h_00.wav_0_1.jpg,1.0,1.0,0.9976295,0.0023704767,True
0651066018_h_00.wav_1_1.jpg,1.0,1.0,0.998944,0.0010560155,True
0651066018_h_00.wav_2_1.jpg,1.0,1.0,0.99341005,0.006589949,True
0651066019_h_00.wav_0_1.jpg,1.0,1.0,0.9874071,0.012592912,True
0651066020_h_00.wav_0_1.jpg,1.0,1.0,0.99520564,0.004794359,True
0651066021_h_00.wav_0_1.jpg,1.0,0.0,0.005123821,0.9948762,False
0651066022_h_00.wav_0_1.jpg,1.0,1.0,0.74864995,0.25135005,True
0651066024_h_00.wav_0_1.jpg,1.0,1.0,0.9992741,0.00072592497,True
0651066025_h_00.wav_0_1.jpg,1.0,1.0,0.9910194,0.008980572,True
0651066026_h_00.wav_0_1.jpg,1.0,0.0,0.4981155,0.50188446,False
0651066027_h_00.wav_0_1.jpg,1.0,1.0,0.8128389,0.18716109,True
0651066028_h_00.wav_0_1.jpg,1.0,0.0,0.448391,0.55160904,False
0651066030_h_00.wav_0_1.jpg,1.0,1.0,0.9559117,0.044088304,True
0701071001_h_00.wav_0_1.jpg,1.0,0.0,0.0018703538,0.99812967,False
0701071002_h_00.wav_0_1.jpg,1.0,0.0,0.20079933,0.79920065,False
0701071002_h_00.wav_1_1.jpg,1.0,1.0,0.95338374,0.046616256,True
0701071002_h_00.wav_2_1.jpg,1.0,1.0,0.9951473,0.004852712,True
0701071003_h_00.wav_0_1.jpg,1.0,0.0,0.18054493,0.8194551,False
0701071004_h_00.wav_0_1.jpg,1.0,1.0,0.9840247,0.015975296,True
0701071005_h_00.wav_0_1.jpg,1.0,1.0,0.9968002,0.0031998158,True
0701071005_h_00.wav_1_1.jpg,1.0,1.0,0.9991781,0.00082188845,True
0701071006_h_00.wav_0_1.jpg,1.0,0.0,0.10268321,0.8973168,False
0701071007_h_00.wav_0_1.jpg,1.0,0.0,0.0005328041,0.9994672,False
0701071008_h_00.wav_0_1.jpg,1.0,1.0,0.9953465,0.0046535134,True
0701071009_h_00.wav_0_1.jpg,1.0,0.0,0.00021481335,0.9997852,False
0701071010_h_00.wav_0_1.jpg,1.0,0.0,0.013905824,0.9860942,False
0701071010_h_00.wav_1_1.jpg,1.0,0.0,0.39528203,0.60471797,False
0701071011_h_00.wav_0_1.jpg,1.0,0.0,0.021917736,0.97808224,False
0701071012_h_00.wav_0_1.jpg,1.0,0.0,0.00038422432,0.9996158,False
0701071013_h_00.wav_0_1.jpg,1.0,0.0,0.010098868,0.9899011,False
0701071014_h_00.wav_0_1.jpg,1.0,0.0,0.00040097596,0.99959904,False
0701071014_h_00.wav_1_1.jpg,1.0,0.0,0.00031151262,0.9996885,False
0701071015_h_00.wav_0_1.jpg,1.0,0.0,0.026024716,0.9739753,False
0701071016_h_00.wav_0_1.jpg,1.0,1.0,0.9921334,0.007866621,True
0701071017_h_00.wav_0_1.jpg,1.0,0.0,0.23007727,0.76992273,False
0701071018_h_00.wav_0_1.jpg,1.0,0.0,0.0029465407,0.99705344,False
0701071018_h_00.wav_1_1.jpg,1.0,0.0,0.29280195,0.707198,False
0701071019_h_00.wav_0_1.jpg,1.0,1.0,0.9998448,0.0001552105,True
0701071020_h_00.wav_0_1.jpg,1.0,0.0,0.004504583,0.99549544,False
0701071021_h_00.wav_0_1.jpg,1.0,0.0,0.002306211,0.9976938,False
0701071022_h_00.wav_0_1.jpg,1.0,1.0,0.68172616,0.31827384,True
0701071023_h_00.wav_0_1.jpg,1.0,1.0,0.99176604,0.008233964,True
0701071024_h_00.wav_0_1.jpg,1.0,0.0,0.0020855237,0.9979145,False
0701071025_h_00.wav_0_1.jpg,1.0,0.0,0.3108852,0.6891148,False
0701071026_h_00.wav_0_1.jpg,1.0,1.0,0.7687634,0.23123658,True
0701071027_h_00.wav_0_1.jpg,1.0,0.0,0.023722121,0.9762779,False
0701071028_h_00.wav_0_1.jpg,1.0,1.0,0.9978963,0.0021036863,True
0701071030_h_00.wav_0_1.jpg,1.0,1.0,0.98497254,0.015027463,True
0721073001_h_00.wav_0_1.jpg,1.0,0.0,0.18582228,0.81417775,False
0721073002_h_00.wav_0_1.jpg,1.0,1.0,0.9730936,0.026906371,True
0721073002_h_00.wav_1_1.jpg,1.0,1.0,0.9581976,0.041802406,True
0721073002_h_00.wav_2_1.jpg,1.0,1.0,0.5757412,0.42425883,True
0721073003_h_00.wav_0_1.jpg,1.0,1.0,0.7944716,0.20552838,True
0721073004_h_00.wav_0_1.jpg,1.0,1.0,0.99994457,5.543232e-05,True
0721073005_h_00.wav_0_1.jpg,1.0,0.0,0.35075057,0.64924943,False
0721073005_h_00.wav_1_1.jpg,1.0,1.0,0.5708673,0.4291327,True
0721073006_h_00.wav_0_1.jpg,1.0,0.0,0.00243705,0.99756294,False
0721073007_h_00.wav_0_1.jpg,1.0,1.0,0.51232916,0.48767084,True
0721073008_h_00.wav_0_1.jpg,1.0,1.0,0.9996068,0.00039321184,True
0721073009_h_00.wav_0_1.jpg,1.0,0.0,0.39019322,0.6098068,False
0721073010_h_00.wav_0_1.jpg,1.0,1.0,0.919771,0.080228984,True
0721073010_h_00.wav_1_1.jpg,1.0,1.0,0.943603,0.05639702,True
0721073010_h_00.wav_2_1.jpg,1.0,1.0,0.9919503,0.0080497265,True
0721073011_h_00.wav_0_1.jpg,1.0,1.0,0.9883201,0.011679888,True
0721073012_h_00.wav_0_1.jpg,1.0,1.0,0.9967961,0.0032039285,True
0721073013_h_00.wav_0_1.jpg,1.0,0.0,0.34969318,0.6503068,False
0721073014_h_00.wav_0_1.jpg,1.0,1.0,0.9938491,0.0061509013,True
0721073015_h_00.wav_0_1.jpg,1.0,0.0,0.05677012,0.94322985,False
0721073016_h_00.wav_0_1.jpg,1.0,0.0,0.0148911225,0.98510885,False
0721073017_h_00.wav_0_1.jpg,1.0,1.0,0.9992674,0.0007326007,True
0721073018_h_00.wav_0_1.jpg,1.0,0.0,0.03261064,0.96738935,False
0721073019_h_00.wav_0_1.jpg,1.0,1.0,0.9988859,0.0011140704,True
0721073020_h_00.wav_0_1.jpg,1.0,1.0,0.9782366,0.021763384,True
0721073021_h_00.wav_0_1.jpg,1.0,0.0,0.0007593615,0.99924064,False
0721073024_h_00.wav_0_1.jpg,1.0,0.0,0.15294555,0.8470545,False
0721073026_h_00.wav_0_1.jpg,1.0,1.0,0.9944391,0.005560875,True
0721073028_h_01.wav_0_1.jpg,1.0,1.0,0.9834184,0.016581595,True
0721073029_h_00.wav_0_1.jpg,1.0,0.0,0.4354454,0.5645546,False
0721073030_h_01.wav_0_1.jpg,1.0,1.0,0.9993044,0.0006955862,True
0731074001_h_00.wav_0_1.jpg,1.0,0.0,0.0038535967,0.9961464,False
0731074002_h_00.wav_0_1.jpg,1.0,1.0,0.99994946,5.054474e-05,True
0731074002_h_00.wav_1_1.jpg,1.0,1.0,0.9994717,0.00052827597,True
0731074002_h_00.wav_2_1.jpg,1.0,1.0,0.99359655,0.006403446,True
0731074003_h_00.wav_0_1.jpg,1.0,1.0,0.98295516,0.017044842,True
0731074004_h_00.wav_0_1.jpg,1.0,1.0,0.9684401,0.031559885,True
0731074005_h_00.wav_0_1.jpg,1.0,0.0,0.071743555,0.92825645,False
0731074006_h_00.wav_0_1.jpg,1.0,1.0,0.85667145,0.14332855,True
0731074007_h_00.wav_0_1.jpg,1.0,0.0,0.0077819386,0.9922181,False
0731074008_h_00.wav_0_1.jpg,1.0,1.0,0.9902935,0.009706497,True
0731074009_h_00.wav_0_1.jpg,1.0,1.0,0.95916337,0.040836632,True
0731074010_h_00.wav_0_1.jpg,1.0,1.0,0.6341676,0.3658324,True
0731074010_h_00.wav_1_1.jpg,1.0,1.0,0.7043727,0.2956273,True
0731074010_h_00.wav_2_1.jpg,1.0,1.0,0.9977331,0.0022668839,True
0731074010_h_00.wav_3_1.jpg,1.0,1.0,0.98404527,0.015954733,True
0731074011_h_00.wav_0_1.jpg,1.0,1.0,0.98453325,0.01546675,True
0731074012_h_00.wav_0_1.jpg,1.0,1.0,0.999481,0.00051897764,True
0731074013_h_00.wav_0_1.jpg,1.0,1.0,0.99245983,0.0075401664,True
0731074014_h_00.wav_0_1.jpg,1.0,1.0,0.76833326,0.23166674,True
0731074015_h_00.wav_0_1.jpg,1.0,1.0,0.9790525,0.020947516,True
0731074016_h_00.wav_0_1.jpg,1.0,1.0,0.9980679,0.0019320846,True
0731074017_h_00.wav_0_1.jpg,1.0,1.0,0.9965971,0.0034028888,True
0731074018_h_01.wav_0_1.jpg,1.0,1.0,0.9999989,1.0728836e-06,True
0731074018_h_01.wav_1_1.jpg,1.0,0.0,0.21837744,0.7816225,False
0731074018_h_01.wav_2_1.jpg,1.0,0.0,0.09784909,0.9021509,False
0731074019_h_01.wav_0_1.jpg,1.0,1.0,0.55966485,0.44033515,True
0731074020_h_00.wav_0_1.jpg,1.0,1.0,0.9999969,3.0994415e-06,True
0731074021_h_00.wav_0_1.jpg,1.0,1.0,0.7993776,0.20062238,True
0731074024_h_00.wav_0_1.jpg,1.0,1.0,0.91710126,0.082898736,True
0731074025_h_00.wav_0_1.jpg,1.0,1.0,0.99959415,0.00040584803,True
0731074026_h_00.wav_0_1.jpg,1.0,0.0,0.028943954,0.97105604,False
0731074027_h_00.wav_0_1.jpg,1.0,1.0,0.7175017,0.2824983,True
0731074028_h_00.wav_0_1.jpg,1.0,1.0,0.5857907,0.4142093,True
0731074030_h_00.wav_0_1.jpg,1.0,1.0,0.99797374,0.00202626,True
0741075001_h_00.wav_0_1.jpg,1.0,1.0,0.99997497,2.503395e-05,True
0741075002_h_00.wav_0_1.jpg,1.0,1.0,0.9367484,0.063251615,True
0741075002_h_00.wav_1_1.jpg,1.0,0.0,0.0032115409,0.99678844,False
0741075002_h_00.wav_2_1.jpg,1.0,1.0,0.947113,0.052887022,True
0741075002_h_00.wav_3_1.jpg,1.0,0.0,0.08128126,0.91871876,False
0741075002_h_00.wav_4_1.jpg,1.0,1.0,0.9383371,0.061662912,True
0741075003_h_00.wav_0_1.jpg,1.0,1.0,0.9999993,7.1525574e-07,True
0741075004_h_00.wav_0_1.jpg,1.0,1.0,0.9998908,0.00010919571,True
0741075005_h_00.wav_0_1.jpg,1.0,1.0,0.8552082,0.14479178,True
0741075005_h_00.wav_1_1.jpg,1.0,1.0,0.99489754,0.0051024556,True
0741075005_h_00.wav_2_1.jpg,1.0,1.0,0.9990128,0.0009871721,True
0741075005_h_00.wav_3_1.jpg,1.0,0.0,0.41578484,0.58421516,False
0741075005_h_00.wav_4_1.jpg,1.0,1.0,0.9457447,0.054255307,True
0741075006_h_00.wav_0_1.jpg,1.0,1.0,0.9999614,3.862381e-05,True
0741075007_h_00.wav_0_1.jpg,1.0,1.0,0.85165364,0.14834636,True
0741075008_h_00.wav_0_1.jpg,1.0,1.0,0.9943401,0.0056598783,True
0741075009_h_00.wav_0_1.jpg,1.0,1.0,0.9927672,0.007232785,True
0741075010_h_00.wav_0_1.jpg,1.0,1.0,0.97890955,0.021090448,True
0741075010_h_00.wav_1_1.jpg,1.0,0.0,0.22000122,0.7799988,False
0741075010_h_00.wav_2_1.jpg,1.0,1.0,0.98896736,0.011032641,True
0741075010_h_00.wav_3_1.jpg,1.0,1.0,0.9996817,0.0003182888,True
0741075011_h_00.wav_0_1.jpg,1.0,1.0,0.981608,0.018392026,True
0741075012_h_00.wav_0_1.jpg,1.0,1.0,0.98675764,0.013242364,True
0741075013_h_00.wav_0_1.jpg,1.0,0.0,0.012077624,0.9879224,False
0741075014_h_00.wav_0_1.jpg,1.0,0.0,0.1283592,0.8716408,False
0741075014_h_00.wav_1_1.jpg,1.0,0.0,0.0026261103,0.9973739,False
0741075015_h_00.wav_0_1.jpg,1.0,1.0,0.98749566,0.012504339,True
0741075016_h_00.wav_0_1.jpg,1.0,0.0,0.03085133,0.9691487,False
0741075017_h_00.wav_0_1.jpg,1.0,1.0,0.9909724,0.0090276,True
0741075018_h_00.wav_0_1.jpg,1.0,1.0,0.86466444,0.13533556,True
0741075018_h_00.wav_1_1.jpg,1.0,0.0,0.08308966,0.91691035,False
0741075018_h_00.wav_2_1.jpg,1.0,1.0,0.9954287,0.0045713186,True
0741075018_h_00.wav_3_1.jpg,1.0,1.0,0.92606074,0.073939264,True
0741075018_h_00.wav_4_1.jpg,1.0,1.0,0.93369675,0.06630325,True
0741075019_h_00.wav_0_1.jpg,1.0,1.0,0.9890393,0.010960698,True
0741075020_h_00.wav_0_1.jpg,1.0,1.0,0.5584223,0.44157767,True
0741075021_h_00.wav_0_1.jpg,1.0,1.0,0.99977463,0.00022536516,True
0741075022_h_00.wav_0_1.jpg,1.0,1.0,0.99717367,0.002826333,True
0741075023_h_00.wav_0_1.jpg,1.0,1.0,0.99999475,5.2452087e-06,True
0741075024_h_00.wav_0_1.jpg,1.0,0.0,0.017933974,0.98206604,False
0741075025_h_01.wav_0_1.jpg,1.0,1.0,0.99898154,0.0010184646,True
0741075026_h_00.wav_0_1.jpg,1.0,1.0,0.99592113,0.004078865,True
0741075027_h_00.wav_0_1.jpg,1.0,1.0,0.99854326,0.0014567375,True
0741075028_h_00.wav_0_1.jpg,1.0,0.0,0.31450137,0.6854986,False
0741075029_h_00.wav_0_1.jpg,1.0,1.0,0.9827696,0.017230392,True
0741075030_h_00.wav_0_1.jpg,1.0,1.0,0.9997008,0.00029921532,True
0771078001_h_01.wav_0_1.jpg,1.0,1.0,0.9996183,0.00038170815,True
0771078002_h_00.wav_0_1.jpg,1.0,0.0,0.20865399,0.791346,False
0771078002_h_00.wav_1_1.jpg,1.0,0.0,0.0028262376,0.9971738,False
0771078002_h_00.wav_2_1.jpg,1.0,0.0,0.22843315,0.77156687,False
0771078002_h_00.wav_3_1.jpg,1.0,1.0,0.9999734,2.6583672e-05,True
0771078002_h_00.wav_4_1.jpg,1.0,1.0,0.7841856,0.21581441,True
0771078003_h_00.wav_0_1.jpg,1.0,1.0,0.97057885,0.02942115,True
0771078004_h_00.wav_0_1.jpg,1.0,1.0,0.91856503,0.081434965,True
0771078005_h_00.wav_0_1.jpg,1.0,1.0,0.5423242,0.4576758,True
0771078005_h_00.wav_1_1.jpg,1.0,1.0,0.99658304,0.0034169555,True
0771078005_h_00.wav_2_1.jpg,1.0,1.0,0.9466351,0.053364873,True
0771078006_h_00.wav_0_1.jpg,1.0,1.0,0.99931204,0.0006879568,True
0771078007_h_01.wav_0_1.jpg,1.0,1.0,0.9970956,0.0029044151,True
0771078008_h_00.wav_0_1.jpg,1.0,1.0,0.99992335,7.665157e-05,True
0771078009_h_00.wav_0_1.jpg,1.0,1.0,0.9506426,0.049357414,True
0771078010_h_00.wav_0_1.jpg,1.0,1.0,0.61581933,0.38418067,True
0771078010_h_00.wav_1_1.jpg,1.0,0.0,0.008803475,0.9911965,False
0771078010_h_00.wav_2_1.jpg,1.0,0.0,0.02204382,0.9779562,False
0771078010_h_00.wav_3_1.jpg,1.0,1.0,0.9816031,0.018396914,True
0771078010_h_00.wav_4_1.jpg,1.0,0.0,0.0039833672,0.9960166,False
0771078011_h_00.wav_0_1.jpg,1.0,1.0,0.999926,7.402897e-05,True
0771078012_h_00.wav_0_1.jpg,1.0,1.0,0.99975306,0.00024694204,True
0771078012_h_00.wav_1_1.jpg,1.0,1.0,0.74850327,0.25149673,True
0771078013_h_00.wav_0_1.jpg,1.0,1.0,0.9999902,9.775162e-06,True
0771078014_h_00.wav_0_1.jpg,1.0,1.0,0.9999995,4.7683716e-07,True
0771078014_h_00.wav_1_1.jpg,1.0,1.0,0.813999,0.186001,True
0771078014_h_00.wav_2_1.jpg,1.0,0.0,0.076641016,0.923359,False
0771078015_h_00.wav_0_1.jpg,1.0,1.0,0.9955794,0.0044205785,True
0771078016_h_00.wav_0_1.jpg,1.0,1.0,0.9711482,0.028851807,True
0771078017_h_00.wav_0_1.jpg,1.0,1.0,0.9989497,0.0010502934,True
0771078018_h_00.wav_0_1.jpg,1.0,0.0,0.032062136,0.9679379,False
0771078018_h_00.wav_1_1.jpg,1.0,0.0,0.06424526,0.9357547,False
0771078019_h_00.wav_0_1.jpg,1.0,1.0,0.77272934,0.22727066,True
0771078020_h_00.wav_0_1.jpg,1.0,1.0,0.9172225,0.0827775,True
0771078021_h_00.wav_0_1.jpg,1.0,1.0,0.96911776,0.03088224,True
0771078022_h_00.wav_0_1.jpg,1.0,1.0,0.9999093,9.071827e-05,True
0771078023_h_00.wav_0_1.jpg,1.0,1.0,0.999995,5.00679e-06,True
0771078024_h_00.wav_0_1.jpg,1.0,1.0,0.94897354,0.051026464,True
0771078025_h_01.wav_0_1.jpg,1.0,1.0,0.9997569,0.00024312735,True
0771078026_h_00.wav_0_1.jpg,1.0,1.0,0.9996319,0.0003681183,True
0771078027_h_00.wav_0_1.jpg,1.0,1.0,0.9983132,0.0016868114,True
0771078028_h_00.wav_0_1.jpg,1.0,1.0,0.9981997,0.0018002987,True
0771078029_h_00.wav_0_1.jpg,1.0,1.0,0.98753566,0.0124643445,True
0771078030_h_00.wav_0_1.jpg,1.0,1.0,0.99706984,0.0029301643,True
0881089001_h_00.wav_0_1.jpg,1.0,1.0,0.9417461,0.058253884,True
0881089002_h_00.wav_0_1.jpg,1.0,0.0,6.85529e-05,0.99993145,False
0881089002_h_00.wav_1_1.jpg,1.0,0.0,0.46992674,0.5300733,False
0881089002_h_00.wav_2_1.jpg,1.0,1.0,0.8930556,0.10694438,True
0881089002_h_00.wav_3_1.jpg,1.0,0.0,0.009229472,0.9907705,False
0881089003_h_00.wav_0_1.jpg,1.0,1.0,0.8890426,0.110957384,True
0881089004_h_00.wav_0_1.jpg,1.0,0.0,0.11436195,0.88563806,False
0881089005_h_00.wav_0_1.jpg,1.0,0.0,0.15963694,0.840363,False
0881089005_h_00.wav_1_1.jpg,1.0,0.0,0.01570023,0.9842998,False
0881089005_h_00.wav_2_1.jpg,1.0,0.0,0.0012652079,0.9987348,False
0881089006_h_00.wav_0_1.jpg,1.0,1.0,0.99754816,0.002451837,True
0881089007_h_00.wav_0_1.jpg,1.0,0.0,0.025939655,0.97406036,False
0881089008_h_00.wav_0_1.jpg,1.0,0.0,0.015444936,0.98455507,False
0881089009_h_00.wav_0_1.jpg,1.0,1.0,0.6738818,0.32611817,True
0881089010_h_00.wav_0_1.jpg,1.0,0.0,0.00044665008,0.9995533,False
0881089010_h_00.wav_1_1.jpg,1.0,0.0,0.22743683,0.77256316,False
0881089010_h_00.wav_2_1.jpg,1.0,0.0,0.041444328,0.9585557,False
0881089011_h_00.wav_0_1.jpg,1.0,1.0,0.98627466,0.01372534,True
0881089012_h_00.wav_0_1.jpg,1.0,0.0,0.001468442,0.9985316,False
0881089013_h_00.wav_0_1.jpg,1.0,0.0,0.0029296386,0.9970704,False
0881089014_h_00.wav_0_1.jpg,1.0,0.0,0.0018685475,0.99813145,False
0881089014_h_00.wav_1_1.jpg,1.0,0.0,0.00089337834,0.99910665,False
0881089014_h_00.wav_2_1.jpg,1.0,0.0,0.0013343329,0.9986657,False
0881089015_h_00.wav_0_1.jpg,1.0,1.0,0.51065797,0.48934203,True
0881089016_h_00.wav_0_1.jpg,1.0,0.0,0.0019796225,0.99802035,False
0881089017_h_00.wav_0_1.jpg,1.0,0.0,0.13248074,0.86751926,False
0881089018_h_00.wav_0_1.jpg,1.0,0.0,0.17833045,0.8216696,False
0881089018_h_00.wav_1_1.jpg,1.0,0.0,0.0023980378,0.997602,False
0881089018_h_00.wav_2_1.jpg,1.0,0.0,0.00039821403,0.9996018,False
0881089019_h_00.wav_0_1.jpg,1.0,1.0,0.99687177,0.0031282306,True
0881089020_h_00.wav_0_1.jpg,1.0,0.0,0.014528812,0.9854712,False
0881089022_h_00.wav_0_1.jpg,1.0,1.0,0.99479705,0.005202949,True
0881089024_h_00.wav_0_1.jpg,1.0,0.0,0.0019392071,0.9980608,False
0881089025_h_00.wav_0_1.jpg,1.0,1.0,0.57749623,0.42250377,True
0881089026_h_00.wav_0_1.jpg,1.0,0.0,0.034389686,0.9656103,False
0881089028_h_00.wav_0_1.jpg,1.0,0.0,0.3804476,0.6195524,False
0881089029_h_00.wav_0_1.jpg,1.0,0.0,0.47646177,0.52353823,False
0881089030_h_01.wav_0_1.jpg,1.0,1.0,0.9794901,0.020509899,True
0891090001_h_00.wav_0_1.jpg,1.0,0.0,0.043868724,0.9561313,False
0891090002_h_00.wav_0_1.jpg,1.0,0.0,0.1229794,0.8770206,False
0891090002_h_00.wav_1_1.jpg,1.0,1.0,0.65887314,0.34112686,True
0891090002_h_00.wav_2_1.jpg,1.0,1.0,0.91755307,0.08244693,True
0891090003_h_00.wav_0_1.jpg,1.0,1.0,0.93468475,0.06531525,True
0891090004_h_00.wav_0_1.jpg,1.0,1.0,0.54148483,0.45851517,True
0891090005_h_00.wav_0_1.jpg,1.0,1.0,0.98365915,0.016340852,True
0891090005_h_00.wav_1_1.jpg,1.0,1.0,0.9608713,0.03912872,True
0891090005_h_00.wav_2_1.jpg,1.0,0.0,0.0016519788,0.998348,False
0891090006_h_00.wav_0_1.jpg,1.0,1.0,0.898408,0.101592004,True
0891090007_h_00.wav_0_1.jpg,1.0,1.0,0.6998901,0.30010992,True
0891090008_h_00.wav_0_1.jpg,1.0,0.0,0.006119135,0.99388087,False
0891090009_h_00.wav_0_1.jpg,1.0,0.0,0.010578905,0.98942107,False
0891090010_h_00.wav_0_1.jpg,1.0,1.0,0.99799407,0.0020059347,True
0891090010_h_00.wav_1_1.jpg,1.0,1.0,0.9996345,0.00036549568,True
0891090010_h_00.wav_2_1.jpg,1.0,0.0,0.00021772123,0.99978226,False
0891090011_h_00.wav_0_1.jpg,1.0,1.0,0.9991279,0.00087207556,True
0891090012_h_00.wav_0_1.jpg,1.0,1.0,0.9986998,0.0013002157,True
0891090013_h_00.wav_0_1.jpg,1.0,1.0,0.9999682,3.182888e-05,True
0891090014_h_00.wav_0_1.jpg,1.0,0.0,0.047420487,0.9525795,False
0891090014_h_00.wav_1_1.jpg,1.0,0.0,0.25879082,0.74120915,False
0891090015_h_00.wav_0_1.jpg,1.0,0.0,0.0047752946,0.9952247,False
0891090016_h_00.wav_0_1.jpg,1.0,1.0,0.99998343,1.6570091e-05,True
0891090017_h_00.wav_0_1.jpg,1.0,0.0,0.124187745,0.87581223,False
0891090018_h_00.wav_0_1.jpg,1.0,1.0,0.99857354,0.0014264584,True
0891090018_h_00.wav_1_1.jpg,1.0,1.0,0.7318916,0.26810843,True
0891090018_h_00.wav_2_1.jpg,1.0,0.0,0.06855433,0.93144566,False
0891090019_h_00.wav_0_1.jpg,1.0,1.0,0.9961737,0.0038263202,True
0891090020_h_00.wav_0_1.jpg,1.0,1.0,0.9908765,0.009123504,True
0891090021_h_00.wav_0_1.jpg,1.0,0.0,0.09606197,0.90393806,False
0891090022_h_00.wav_0_1.jpg,1.0,1.0,0.5028311,0.4971689,True
0891090024_h_00.wav_0_1.jpg,1.0,0.0,0.0031873765,0.99681264,False
0891090025_h_00.wav_0_1.jpg,1.0,0.0,0.023189222,0.97681075,False
0891090026_h_00.wav_0_1.jpg,1.0,0.0,0.18257958,0.8174204,False
0891090027_h_00.wav_0_1.jpg,1.0,0.0,0.007256492,0.9927435,False
0891090028_h_00.wav_0_1.jpg,1.0,1.0,0.98487896,0.015121043,True
0891090029_h_00.wav_0_1.jpg,1.0,1.0,0.91923666,0.08076334,True
0891090030_h_00.wav_0_1.jpg,1.0,1.0,0.996603,0.003396988,True
5003001001_h_00.wav_0_1.jpg,1.0,1.0,0.99855584,0.0014441609,True
5003001002_h_00.wav_0_1.jpg,1.0,1.0,1.0,0.0,True
5003001002_h_00.wav_1_1.jpg,1.0,1.0,0.9999988,1.1920929e-06,True
5003001002_h_00.wav_2_1.jpg,1.0,1.0,0.9997918,0.00020819902,True
5003001002_h_00.wav_3_1.jpg,1.0,0.0,0.23532934,0.76467067,False
5003001002_h_00.wav_4_1.jpg,1.0,1.0,0.99671847,0.0032815337,True
5003001003_h_00.wav_0_1.jpg,1.0,1.0,0.9824576,0.017542422,True
5003001004_h_00.wav_0_1.jpg,1.0,1.0,0.98886544,0.011134565,True
5003001005_h_01.wav_0_1.jpg,1.0,0.0,0.47697023,0.5230298,False
5003001005_h_01.wav_1_1.jpg,1.0,1.0,0.913188,0.08681202,True
5003001005_h_01.wav_2_1.jpg,1.0,1.0,0.9168502,0.08314979,True
5003001005_h_01.wav_3_1.jpg,1.0,1.0,0.9587673,0.041232705,True
5003001005_h_01.wav_4_1.jpg,1.0,1.0,0.9248884,0.07511163,True
5003001006_h_00.wav_0_1.jpg,1.0,1.0,0.9977443,0.0022556782,True
5003001007_h_00.wav_0_1.jpg,1.0,1.0,0.88421446,0.11578554,True
5003001008_h_00.wav_0_1.jpg,1.0,1.0,0.9327013,0.06729871,True
5003001009_h_00.wav_0_1.jpg,1.0,1.0,0.99131787,0.008682132,True
5003001010_h_00.wav_0_1.jpg,1.0,0.0,0.032019418,0.96798056,False
5003001010_h_00.wav_1_1.jpg,1.0,1.0,0.97230816,0.027691841,True
5003001010_h_00.wav_2_1.jpg,1.0,1.0,0.97158426,0.02841574,True
5003001010_h_00.wav_3_1.jpg,1.0,0.0,0.04875042,0.9512496,False
5003001011_h_00.wav_0_1.jpg,1.0,1.0,0.94269806,0.05730194,True
5003001012_h_00.wav_0_1.jpg,1.0,1.0,0.99803835,0.0019616485,True
5003001013_h_00.wav_0_1.jpg,1.0,1.0,0.98240906,0.01759094,True
5003001014_h_00.wav_0_1.jpg,1.0,1.0,0.90635645,0.093643546,True
5003001014_h_00.wav_1_1.jpg,1.0,1.0,0.96229726,0.03770274,True
5003001014_h_00.wav_2_1.jpg,1.0,1.0,0.6996245,0.30037552,True
5003001015_h_00.wav_0_1.jpg,1.0,0.0,0.013017922,0.9869821,False
5003001016_h_00.wav_0_1.jpg,1.0,1.0,0.9313553,0.0686447,True
5003001017_h_00.wav_0_1.jpg,1.0,1.0,0.999858,0.00014197826,True
5003001018_h_00.wav_0_1.jpg,1.0,1.0,0.7452041,0.2547959,True
5003001018_h_00.wav_1_1.jpg,1.0,0.0,0.0116893845,0.98831064,False
5003001018_h_00.wav_2_1.jpg,1.0,1.0,0.97667557,0.02332443,True
5003001019_h_00.wav_0_1.jpg,1.0,1.0,0.999653,0.00034701824,True
5003001020_h_00.wav_0_1.jpg,1.0,1.0,0.9854144,0.014585614,True
5003001021_h_01.wav_0_1.jpg,1.0,1.0,0.9987625,0.0012375116,True
5003001022_h_01.wav_0_1.jpg,1.0,1.0,0.9988153,0.0011847019,True
5003001023_h_00.wav_0_1.jpg,1.0,1.0,0.98156023,0.01843977,True
5003001024_h_00.wav_0_1.jpg,1.0,0.0,0.40628073,0.59371924,False
5003001025_h_00.wav_0_1.jpg,1.0,1.0,0.9972481,0.0027518868,True
5003001026_h_00.wav_0_1.jpg,1.0,1.0,0.92980295,0.070197046,True
5003001029_h_00.wav_0_1.jpg,1.0,1.0,0.99915123,0.00084877014,True
5003001030_h_00.wav_0_1.jpg,1.0,1.0,0.92779505,0.07220495,True
5023003001_h_00.wav_0_1.jpg,1.0,1.0,0.99985194,0.00014805794,True
5023003002_h_00.wav_0_1.jpg,1.0,0.0,0.01025903,0.98974097,False
5023003002_h_00.wav_1_1.jpg,1.0,1.0,0.6768615,0.32313848,True
5023003002_h_00.wav_2_1.jpg,1.0,1.0,0.9896919,0.010308087,True
5023003002_h_00.wav_3_1.jpg,1.0,1.0,0.94482934,0.055170655,True
5023003002_h_00.wav_4_1.jpg,1.0,1.0,0.8792961,0.120703876,True
5023003003_h_00.wav_0_1.jpg,1.0,1.0,0.99976987,0.00023013353,True
5023003004_h_00.wav_0_1.jpg,1.0,1.0,0.9666799,0.03332013,True
5023003005_h_00.wav_0_1.jpg,1.0,1.0,0.98616564,0.013834357,True
5023003005_h_00.wav_1_1.jpg,1.0,0.0,0.14366606,0.856334,False
5023003005_h_00.wav_2_1.jpg,1.0,1.0,0.99615234,0.0038476586,True
5023003005_h_00.wav_3_1.jpg,1.0,1.0,0.9389041,0.061095893,True
5023003005_h_00.wav_4_1.jpg,1.0,1.0,0.9756586,0.024341404,True
5023003006_h_00.wav_0_1.jpg,1.0,1.0,0.9994179,0.00058209896,True
5023003007_h_00.wav_0_1.jpg,1.0,1.0,0.9678931,0.032106876,True
5023003008_h_00.wav_0_1.jpg,1.0,1.0,0.9987154,0.0012845993,True
5023003009_h_00.wav_0_1.jpg,1.0,1.0,0.9999784,2.1576881e-05,True
5023003010_h_00.wav_0_1.jpg,1.0,1.0,0.9915017,0.008498311,True
5023003010_h_00.wav_1_1.jpg,1.0,1.0,0.8855147,0.11448532,True
5023003010_h_00.wav_2_1.jpg,1.0,1.0,0.7003766,0.29962343,True
5023003010_h_00.wav_3_1.jpg,1.0,0.0,0.24083969,0.7591603,False
5023003010_h_00.wav_4_1.jpg,1.0,1.0,0.97796255,0.022037446,True
5023003011_h_00.wav_0_1.jpg,1.0,1.0,0.9997429,0.00025707483,True
5023003012_h_00.wav_0_1.jpg,1.0,1.0,0.9999335,6.651878e-05,True
5023003013_h_00.wav_0_1.jpg,1.0,1.0,0.99998975,1.0251999e-05,True
5023003014_h_00.wav_0_1.jpg,1.0,0.0,0.14378703,0.856213,False
5023003014_h_00.wav_1_1.jpg,1.0,0.0,0.0070244498,0.99297553,False
5023003014_h_00.wav_2_1.jpg,1.0,1.0,0.7708827,0.22911727,True
5023003015_h_00.wav_0_1.jpg,1.0,1.0,0.9984945,0.0015054941,True
5023003016_h_00.wav_0_1.jpg,1.0,1.0,0.99632734,0.0036726594,True
5023003017_h_00.wav_0_1.jpg,1.0,1.0,0.9987203,0.0012797117,True
5023003018_h_00.wav_0_1.jpg,1.0,1.0,0.9281627,0.071837306,True
5023003018_h_00.wav_1_1.jpg,1.0,0.0,0.47389334,0.52610666,False
5023003018_h_00.wav_2_1.jpg,1.0,1.0,0.9999677,3.2305717e-05,True
5023003019_h_00.wav_0_1.jpg,1.0,1.0,0.9999504,4.9591064e-05,True
5023003020_h_00.wav_0_1.jpg,1.0,1.0,0.9946392,0.005360782,True
5023003021_h_00.wav_0_1.jpg,1.0,1.0,0.9998659,0.00013411045,True
5023003022_h_00.wav_0_1.jpg,1.0,1.0,0.99830353,0.0016964674,True
5023003023_h_00.wav_0_1.jpg,1.0,1.0,0.99955446,0.00044554472,True
5023003024_h_00.wav_0_1.jpg,1.0,1.0,0.98962796,0.010372043,True
5023003025_h_00.wav_0_1.jpg,1.0,1.0,0.9999912,8.821487e-06,True
5023003026_h_00.wav_0_1.jpg,1.0,1.0,0.99098927,0.009010732,True
5023003027_h_00.wav_0_1.jpg,1.0,1.0,0.99447787,0.005522132,True
5023003028_h_00.wav_0_1.jpg,1.0,1.0,0.9985727,0.0014272928,True
5023003029_h_00.wav_0_1.jpg,1.0,1.0,0.999897,0.000102996826,True
5023003030_h_00.wav_0_1.jpg,1.0,1.0,0.99976355,0.00023645163,True
5053006001_h_01.wav_0_1.jpg,1.0,0.0,0.36340585,0.6365942,False
5053006002_h_01.wav_0_1.jpg,1.0,0.0,0.22023018,0.77976984,False
5053006002_h_01.wav_1_1.jpg,1.0,1.0,0.9138067,0.08619332,True
5053006002_h_01.wav_2_1.jpg,1.0,1.0,0.8306112,0.16938877,True
5053006002_h_01.wav_3_1.jpg,1.0,1.0,0.9893132,0.010686815,True
5053006003_h_00.wav_0_1.jpg,1.0,0.0,0.04168132,0.9583187,False
5053006004_h_00.wav_0_1.jpg,1.0,1.0,0.91136765,0.088632345,True
5053006005_h_00.wav_0_1.jpg,1.0,0.0,0.035243507,0.9647565,False
5053006005_h_00.wav_1_1.jpg,1.0,1.0,0.9884586,0.011541426,True
5053006005_h_00.wav_2_1.jpg,1.0,1.0,0.9982072,0.0017927885,True
5053006006_h_00.wav_0_1.jpg,1.0,0.0,0.42251635,0.57748365,False
5053006007_h_00.wav_0_1.jpg,1.0,1.0,0.9684704,0.031529605,True
5053006008_h_00.wav_0_1.jpg,1.0,1.0,0.98904604,0.010953963,True
5053006009_h_00.wav_0_1.jpg,1.0,0.0,0.16468205,0.83531797,False
5053006010_h_00.wav_0_1.jpg,1.0,1.0,0.92997956,0.07002044,True
5053006010_h_00.wav_1_1.jpg,1.0,1.0,0.8368664,0.16313362,True
5053006010_h_00.wav_2_1.jpg,1.0,1.0,0.99364567,0.006354332,True
5053006010_h_00.wav_3_1.jpg,1.0,0.0,0.09574586,0.90425414,False
5053006010_h_00.wav_4_1.jpg,1.0,0.0,0.27761152,0.7223885,False
5053006011_h_00.wav_0_1.jpg,1.0,1.0,0.9714687,0.028531313,True
5053006012_h_00.wav_0_1.jpg,1.0,0.0,0.00030350362,0.9996965,False
5053006013_h_00.wav_0_1.jpg,1.0,1.0,0.99161667,0.008383334,True
5053006014_h_00.wav_0_1.jpg,1.0,0.0,0.037454173,0.9625458,False
5053006015_h_00.wav_0_1.jpg,1.0,1.0,0.8960853,0.10391468,True
5053006016_h_00.wav_0_1.jpg,1.0,1.0,0.7553333,0.2446667,True
5053006017_h_00.wav_0_1.jpg,1.0,1.0,0.9698251,0.030174911,True
5053006018_h_00.wav_0_1.jpg,1.0,0.0,0.4046698,0.59533024,False
5053006018_h_00.wav_1_1.jpg,1.0,1.0,0.9891137,0.0108863115,True
5053006018_h_00.wav_2_1.jpg,1.0,1.0,0.5126187,0.48738128,True
5053006019_h_00.wav_0_1.jpg,1.0,1.0,0.8133655,0.18663448,True
5053006020_h_00.wav_0_1.jpg,1.0,1.0,0.6209949,0.37900507,True
5053006021_h_00.wav_0_1.jpg,1.0,0.0,0.01322688,0.98677313,False
5053006022_h_00.wav_0_1.jpg,1.0,0.0,0.007409166,0.99259084,False
5053006023_h_01.wav_0_1.jpg,1.0,0.0,0.0012047638,0.9987952,False
5053006024_h_00.wav_0_1.jpg,1.0,0.0,0.06412199,0.93587804,False
5053006025_h_00.wav_0_1.jpg,1.0,0.0,0.01608867,0.98391134,False
5053006026_h_00.wav_0_1.jpg,1.0,0.0,0.011934602,0.9880654,False
5053006027_h_00.wav_0_1.jpg,1.0,0.0,0.0022935246,0.9977065,False
5053006028_h_00.wav_0_1.jpg,1.0,0.0,0.100387245,0.8996128,False
5053006029_h_00.wav_0_1.jpg,1.0,0.0,0.069604516,0.9303955,False
5053006030_h_00.wav_0_1.jpg,1.0,1.0,0.6876818,0.3123182,True
5083009001_h_00.wav_0_1.jpg,1.0,0.0,0.0023503073,0.99764967,False
5083009002_h_00.wav_0_1.jpg,1.0,1.0,0.9996476,0.00035238266,True
5083009002_h_00.wav_1_1.jpg,1.0,0.0,0.22667103,0.77332896,False
5083009002_h_00.wav_2_1.jpg,1.0,1.0,0.87707174,0.12292826,True
5083009002_h_00.wav_3_1.jpg,1.0,1.0,0.81580746,0.18419254,True
5083009003_h_00.wav_0_1.jpg,1.0,1.0,0.9934238,0.0065761805,True
5083009004_h_00.wav_0_1.jpg,1.0,1.0,0.9990336,0.0009664297,True
5083009005_h_00.wav_0_1.jpg,1.0,0.0,3.5683737e-05,0.9999643,False
5083009005_h_00.wav_1_1.jpg,1.0,1.0,0.6174652,0.3825348,True
5083009005_h_00.wav_2_1.jpg,1.0,1.0,0.9995453,0.00045472383,True
5083009006_h_00.wav_0_1.jpg,1.0,0.0,0.43239748,0.5676025,False
5083009007_h_00.wav_0_1.jpg,1.0,1.0,0.7938734,0.20612657,True
5083009008_h_00.wav_0_1.jpg,1.0,0.0,0.008296336,0.9917037,False
5083009009_h_00.wav_0_1.jpg,1.0,0.0,0.00047963136,0.99952036,False
5083009010_h_00.wav_0_1.jpg,1.0,1.0,0.99898607,0.0010139346,True
5083009010_h_00.wav_1_1.jpg,1.0,1.0,0.99648726,0.0035127401,True
5083009010_h_00.wav_2_1.jpg,1.0,1.0,0.9975547,0.0024452806,True
5083009011_h_00.wav_0_1.jpg,1.0,1.0,0.96179384,0.03820616,True
5083009012_h_00.wav_0_1.jpg,1.0,1.0,0.95519984,0.044800162,True
5083009013_h_00.wav_0_1.jpg,1.0,1.0,0.9991611,0.00083887577,True
5083009014_h_00.wav_0_1.jpg,1.0,1.0,0.98528916,0.014710844,True
5083009015_h_00.wav_0_1.jpg,1.0,0.0,0.2334962,0.7665038,False
5083009016_h_00.wav_0_1.jpg,1.0,1.0,0.9994394,0.0005605817,True
5083009017_h_01.wav_0_1.jpg,1.0,1.0,0.9940826,0.0059173703,True
5083009018_h_00.wav_0_1.jpg,1.0,1.0,0.8052067,0.19479328,True
5083009018_h_00.wav_1_1.jpg,1.0,1.0,0.9765627,0.023437321,True
5083009019_h_00.wav_0_1.jpg,1.0,1.0,0.9756712,0.024328828,True
5083009020_h_00.wav_0_1.jpg,1.0,1.0,0.81352556,0.18647444,True
5083009021_h_00.wav_0_1.jpg,1.0,0.0,0.0043701413,0.99562985,False
5083009023_h_00.wav_0_1.jpg,1.0,0.0,0.031154152,0.96884584,False
5083009024_h_00.wav_0_1.jpg,1.0,1.0,0.98388517,0.016114831,True
5083009025_h_00.wav_0_1.jpg,1.0,0.0,0.010821127,0.9891789,False
5083009029_h_00.wav_0_1.jpg,1.0,1.0,0.96770334,0.032296658,True
5083009030_h_00.wav_0_1.jpg,1.0,0.0,0.011972521,0.98802745,False
5113012001_h_00.wav_0_1.jpg,1.0,1.0,0.907988,0.09201199,True
5113012002_h_00.wav_0_1.jpg,1.0,1.0,0.86549234,0.13450766,True
5113012002_h_00.wav_1_1.jpg,1.0,0.0,0.0019736397,0.9980264,False
5113012002_h_00.wav_2_1.jpg,1.0,0.0,0.114681415,0.8853186,False
5113012002_h_00.wav_3_1.jpg,1.0,0.0,0.40567866,0.59432137,False
5113012002_h_00.wav_4_1.jpg,1.0,1.0,0.53751874,0.46248126,True
5113012003_h_00.wav_0_1.jpg,1.0,0.0,0.03482522,0.9651748,False
5113012004_h_00.wav_0_1.jpg,1.0,1.0,0.991523,0.008476973,True
5113012005_h_00.wav_0_1.jpg,1.0,1.0,0.99045324,0.009546757,True
5113012005_h_00.wav_1_1.jpg,1.0,0.0,0.043277048,0.956723,False
5113012005_h_00.wav_2_1.jpg,1.0,0.0,0.02295688,0.9770431,False
5113012005_h_00.wav_3_1.jpg,1.0,0.0,0.11083796,0.88916206,False
5113012006_h_00.wav_0_1.jpg,1.0,1.0,0.99301285,0.0069871545,True
5113012007_h_00.wav_0_1.jpg,1.0,1.0,0.874225,0.12577498,True
5113012008_h_00.wav_0_1.jpg,1.0,1.0,0.9702584,0.029741585,True
5113012009_h_00.wav_0_1.jpg,1.0,1.0,0.71074843,0.28925157,True
5113012010_h_00.wav_0_1.jpg,1.0,1.0,0.97319365,0.026806355,True
5113012010_h_00.wav_1_1.jpg,1.0,0.0,0.3273289,0.6726711,False
5113012010_h_00.wav_2_1.jpg,1.0,1.0,0.55146986,0.44853014,True
5113012010_h_00.wav_3_1.jpg,1.0,1.0,0.7704718,0.22952819,True
5113012011_h_00.wav_0_1.jpg,1.0,1.0,0.99956256,0.0004374385,True
5113012012_h_00.wav_0_1.jpg,1.0,1.0,0.9992035,0.00079649687,True
5113012013_h_00.wav_0_1.jpg,1.0,1.0,0.99731725,0.0026827455,True
5113012014_h_01.wav_0_1.jpg,1.0,1.0,0.9594977,0.04050231,True
5113012014_h_01.wav_1_1.jpg,1.0,0.0,0.022311369,0.9776886,False
5113012014_h_01.wav_2_1.jpg,1.0,1.0,0.93003213,0.069967866,True
5113012015_h_00.wav_0_1.jpg,1.0,1.0,0.9972964,0.002703607,True
5113012016_h_00.wav_0_1.jpg,1.0,1.0,0.9996068,0.00039321184,True
5113012017_h_00.wav_0_1.jpg,1.0,1.0,0.9992618,0.0007382035,True
5113012018_h_00.wav_0_1.jpg,1.0,1.0,0.97668517,0.023314834,True
5113012018_h_00.wav_1_1.jpg,1.0,1.0,0.9990715,0.00092852116,True
5113012018_h_00.wav_2_1.jpg,1.0,1.0,0.99995685,4.3153763e-05,True
5113012018_h_00.wav_3_1.jpg,1.0,1.0,0.9982364,0.0017635822,True
5113012018_h_00.wav_4_1.jpg,1.0,1.0,0.99216837,0.007831633,True
5113012019_h_00.wav_0_1.jpg,1.0,1.0,0.9999598,4.017353e-05,True
5113012020_h_00.wav_0_1.jpg,1.0,0.0,0.006031435,0.99396855,False
5113012021_h_00.wav_0_1.jpg,1.0,1.0,0.9979819,0.002018094,True
5113012022_h_00.wav_0_1.jpg,1.0,1.0,0.98959035,0.010409653,True
5113012024_h_00.wav_0_1.jpg,1.0,1.0,0.99699044,0.0030095577,True
5113012025_h_01.wav_0_1.jpg,1.0,1.0,0.9766285,0.023371518,True
5113012026_h_00.wav_0_1.jpg,1.0,1.0,0.99986553,0.00013446808,True
5113012027_h_00.wav_0_1.jpg,1.0,1.0,0.77686,0.22314,True
5113012028_h_00.wav_0_1.jpg,1.0,1.0,0.9997162,0.0002837777,True
5113012030_h_00.wav_0_1.jpg,1.0,1.0,0.99823606,0.0017639399,True
5133014001_h_00.wav_0_1.jpg,1.0,1.0,0.9999484,5.1617622e-05,True
5133014002_h_00.wav_0_1.jpg,1.0,1.0,0.9667242,0.033275783,True
5133014002_h_00.wav_1_1.jpg,1.0,0.0,0.017068462,0.98293155,False
5133014002_h_00.wav_2_1.jpg,1.0,1.0,0.9591729,0.040827096,True
5133014002_h_00.wav_3_1.jpg,1.0,0.0,0.04929051,0.95070946,False
5133014003_h_00.wav_0_1.jpg,1.0,1.0,0.9997663,0.00023370981,True
5133014004_h_00.wav_0_1.jpg,1.0,1.0,0.99918705,0.00081294775,True
5133014005_h_00.wav_0_1.jpg,1.0,1.0,0.8527081,0.1472919,True
5133014005_h_00.wav_1_1.jpg,1.0,1.0,0.7513753,0.24862468,True
5133014005_h_00.wav_2_1.jpg,1.0,0.0,0.021240378,0.97875965,False
5133014005_h_00.wav_3_1.jpg,1.0,0.0,0.01358693,0.98641306,False
5133014005_h_00.wav_4_1.jpg,1.0,1.0,0.7341532,0.2658468,True
5133014006_h_00.wav_0_1.jpg,1.0,1.0,0.9997588,0.00024122,True
5133014007_h_00.wav_0_1.jpg,1.0,1.0,0.99367166,0.0063283443,True
5133014008_h_00.wav_0_1.jpg,1.0,1.0,0.9894022,0.010597825,True
5133014009_h_00.wav_0_1.jpg,1.0,1.0,0.5158565,0.4841435,True
5133014010_h_00.wav_0_1.jpg,1.0,1.0,0.98494995,0.015050054,True
5133014010_h_00.wav_1_1.jpg,1.0,0.0,0.112515636,0.8874844,False
5133014010_h_00.wav_2_1.jpg,1.0,1.0,0.96754843,0.03245157,True
5133014011_h_00.wav_0_1.jpg,1.0,1.0,0.99648076,0.003519237,True
5133014012_h_00.wav_0_1.jpg,1.0,1.0,0.9765896,0.02341038,True
5133014013_h_00.wav_0_1.jpg,1.0,1.0,0.9994899,0.00051009655,True
5133014014_h_00.wav_0_1.jpg,1.0,1.0,0.8791194,0.120880604,True
5133014014_h_00.wav_1_1.jpg,1.0,0.0,0.02704769,0.9729523,False
5133014014_h_00.wav_2_1.jpg,1.0,0.0,0.0060292482,0.99397075,False
5133014015_h_00.wav_0_1.jpg,1.0,1.0,0.9999894,1.0609627e-05,True
5133014016_h_00.wav_0_1.jpg,1.0,1.0,0.99750227,0.0024977326,True
5133014017_h_00.wav_0_1.jpg,1.0,1.0,0.999892,0.000108003616,True
5133014018_h_00.wav_0_1.jpg,1.0,1.0,0.97960234,0.020397663,True
5133014018_h_00.wav_1_1.jpg,1.0,0.0,0.10305294,0.8969471,False
5133014018_h_00.wav_2_1.jpg,1.0,0.0,0.21558267,0.78441733,False
5133014019_h_00.wav_0_1.jpg,1.0,1.0,0.95743567,0.042564332,True
5133014020_h_00.wav_0_1.jpg,1.0,1.0,0.9713544,0.028645575,True
5133014021_h_00.wav_0_1.jpg,1.0,0.0,0.025670396,0.9743296,False
5133014022_h_00.wav_0_1.jpg,1.0,0.0,0.030025776,0.9699742,False
5133014023_h_00.wav_0_1.jpg,1.0,0.0,0.2520712,0.7479288,False
5133014024_h_00.wav_0_1.jpg,1.0,1.0,0.997451,0.0025489926,True
5133014025_h_00.wav_0_1.jpg,1.0,0.0,0.0112296045,0.98877037,False
5133014026_h_00.wav_0_1.jpg,1.0,0.0,0.35293645,0.64706355,False
5133014027_h_00.wav_0_1.jpg,1.0,0.0,0.0023927586,0.99760723,False
5133014028_h_00.wav_0_1.jpg,1.0,0.0,0.09930746,0.9006925,False
5133014030_h_00.wav_0_1.jpg,1.0,1.0,0.9998958,0.00010418892,True
5173018001_h_02.wav_0_1.jpg,1.0,1.0,0.9656803,0.0343197,True
5173018002_h_00.wav_0_1.jpg,1.0,1.0,0.99923396,0.0007660389,True
5173018002_h_00.wav_1_1.jpg,1.0,1.0,0.93424135,0.065758646,True
5173018002_h_00.wav_2_1.jpg,1.0,0.0,0.053062424,0.94693756,False
5173018002_h_00.wav_3_1.jpg,1.0,0.0,0.04047788,0.9595221,False
5173018002_h_00.wav_4_1.jpg,1.0,1.0,0.9985519,0.0014480948,True
5173018003_h_00.wav_0_1.jpg,1.0,1.0,0.9999993,7.1525574e-07,True
5173018004_h_00.wav_0_1.jpg,1.0,1.0,0.9950559,0.004944086,True
5173018005_h_00.wav_0_1.jpg,1.0,0.0,0.02147763,0.97852236,False
5173018005_h_00.wav_1_1.jpg,1.0,1.0,0.9937023,0.0062977076,True
5173018005_h_00.wav_2_1.jpg,1.0,0.0,0.348379,0.651621,False
5173018006_h_00.wav_0_1.jpg,1.0,1.0,0.9987293,0.0012707114,True
5173018007_h_00.wav_0_1.jpg,1.0,1.0,0.65634775,0.34365225,True
5173018008_h_00.wav_0_1.jpg,1.0,1.0,0.9851896,0.014810383,True
5173018009_h_00.wav_0_1.jpg,1.0,1.0,0.7852083,0.21479172,True
5173018010_h_00.wav_0_1.jpg,1.0,1.0,0.89506763,0.10493237,True
5173018010_h_00.wav_1_1.jpg,1.0,1.0,0.9993075,0.00069248676,True
5173018010_h_00.wav_2_1.jpg,1.0,1.0,0.8537444,0.14625561,True
5173018010_h_00.wav_3_1.jpg,1.0,0.0,0.0005275941,0.9994724,False
5173018010_h_00.wav_4_1.jpg,1.0,1.0,0.9818379,0.018162072,True
5173018011_h_00.wav_0_1.jpg,1.0,1.0,0.995227,0.0047730207,True
5173018012_h_00.wav_0_1.jpg,1.0,1.0,0.9840785,0.015921474,True
5173018013_h_00.wav_0_1.jpg,1.0,0.0,0.49253905,0.50746095,False
5173018014_h_00.wav_0_1.jpg,1.0,1.0,0.7927856,0.20721442,True
5173018015_h_00.wav_0_1.jpg,1.0,1.0,0.804074,0.19592601,True
5173018016_h_00.wav_0_1.jpg,1.0,1.0,0.9976406,0.0023593903,True
5173018017_h_00.wav_0_1.jpg,1.0,1.0,0.90123886,0.09876114,True
5173018018_h_00.wav_0_1.jpg,1.0,1.0,0.9699791,0.030020893,True
5173018018_h_00.wav_1_1.jpg,1.0,1.0,0.9388884,0.06111163,True
5173018018_h_00.wav_2_1.jpg,1.0,1.0,0.95953125,0.040468752,True
5173018018_h_00.wav_3_1.jpg,1.0,0.0,0.23010984,0.7698902,False
5173018019_h_00.wav_0_1.jpg,1.0,1.0,0.9883123,0.011687696,True
5173018020_h_00.wav_0_1.jpg,1.0,1.0,0.999265,0.0007349849,True
5173018021_h_00.wav_0_1.jpg,1.0,1.0,0.7314574,0.2685426,True
5173018022_h_00.wav_0_1.jpg,1.0,1.0,0.6672913,0.33270872,True
5173018024_h_00.wav_0_1.jpg,1.0,1.0,0.9894434,0.010556579,True
5173018025_h_00.wav_0_1.jpg,1.0,0.0,0.10055105,0.89944893,False
5173018026_h_00.wav_0_1.jpg,1.0,1.0,0.97192097,0.028079033,True
5173018027_h_00.wav_0_1.jpg,1.0,0.0,0.0054685925,0.9945314,False
5173018028_h_00.wav_0_1.jpg,1.0,1.0,0.9920941,0.0079059005,True
5173018029_h_00.wav_0_1.jpg,1.0,1.0,0.92053753,0.07946247,True
5173018030_h_00.wav_0_1.jpg,1.0,1.0,0.5450086,0.4549914,True
5173018030_h_00.wav_1_1.jpg,1.0,1.0,0.97322875,0.026771247,True
5223023001_h_00.wav_0_1.jpg,1.0,1.0,0.9971545,0.0028455257,True
5223023002_h_00.wav_0_1.jpg,1.0,0.0,0.19702606,0.8029739,False
5223023002_h_00.wav_1_1.jpg,1.0,0.0,0.015806258,0.98419374,False
5223023002_h_00.wav_2_1.jpg,1.0,0.0,0.21624796,0.783752,False
5223023002_h_00.wav_3_1.jpg,1.0,1.0,0.9965586,0.0034413934,True
5223023003_h_00.wav_0_1.jpg,1.0,1.0,0.99014777,0.009852231,True
5223023004_h_00.wav_0_1.jpg,1.0,1.0,0.99995565,4.4345856e-05,True
5223023005_h_00.wav_0_1.jpg,1.0,1.0,0.87918377,0.12081623,True
5223023005_h_00.wav_1_1.jpg,1.0,0.0,0.07830781,0.9216922,False
5223023006_h_00.wav_0_1.jpg,1.0,1.0,0.99506915,0.004930854,True
5223023007_h_00.wav_0_1.jpg,1.0,1.0,0.99038273,0.009617269,True
5223023008_h_00.wav_0_1.jpg,1.0,1.0,0.9903894,0.009610593,True
5223023009_h_00.wav_0_1.jpg,1.0,0.0,0.008029688,0.9919703,False
5223023010_h_00.wav_0_1.jpg,1.0,1.0,0.7290904,0.2709096,True
5223023010_h_00.wav_1_1.jpg,1.0,0.0,0.0007301358,0.99926984,False
5223023010_h_00.wav_2_1.jpg,1.0,1.0,0.7835393,0.2164607,True
5223023010_h_00.wav_3_1.jpg,1.0,1.0,0.99995804,4.196167e-05,True
5223023011_h_00.wav_0_1.jpg,1.0,1.0,0.95828146,0.041718543,True
5223023012_h_00.wav_0_1.jpg,1.0,0.0,0.032862756,0.9671372,False
5223023013_h_00.wav_0_1.jpg,1.0,1.0,0.7927468,0.20725322,True
5223023014_h_00.wav_0_1.jpg,1.0,0.0,0.0011143946,0.99888563,False
5223023015_h_00.wav_0_1.jpg,1.0,1.0,0.8653878,0.1346122,True
5223023016_h_00.wav_0_1.jpg,1.0,1.0,0.7237832,0.2762168,True
5223023017_h_00.wav_0_1.jpg,1.0,1.0,0.85235137,0.14764863,True
5223023018_h_00.wav_0_1.jpg,1.0,0.0,0.00034658157,0.9996534,False
5223023018_h_00.wav_1_1.jpg,1.0,0.0,0.0037878065,0.9962122,False
5223023019_h_00.wav_0_1.jpg,1.0,1.0,0.9047289,0.09527111,True
5223023020_h_00.wav_0_1.jpg,1.0,1.0,0.99205506,0.0079449415,True
5223023021_h_00.wav_0_1.jpg,1.0,0.0,0.31088734,0.68911266,False
5223023022_h_00.wav_0_1.jpg,1.0,0.0,0.3994656,0.60053444,False
5223023024_h_00.wav_0_1.jpg,1.0,0.0,0.018602163,0.98139787,False
5223023025_h_00.wav_0_1.jpg,1.0,0.0,0.012929616,0.9870704,False
5223023026_h_00.wav_0_1.jpg,1.0,0.0,0.0072022355,0.9927978,False
5223023028_h_00.wav_0_1.jpg,1.0,0.0,0.054120958,0.94587904,False
5223023030_h_00.wav_0_1.jpg,1.0,0.0,0.01290413,0.9870959,False
5263027001_h_00.wav_0_1.jpg,1.0,1.0,0.99979466,0.000205338,True
5263027002_h_00.wav_0_1.jpg,1.0,1.0,0.89458716,0.10541284,True
5263027002_h_00.wav_1_1.jpg,1.0,0.0,0.117356464,0.8826435,False
5263027002_h_00.wav_2_1.jpg,1.0,1.0,0.9993351,0.0006648898,True
5263027003_h_00.wav_0_1.jpg,1.0,1.0,0.99730647,0.002693534,True
5263027004_h_00.wav_0_1.jpg,1.0,1.0,0.99873704,0.0012629628,True
5263027005_h_00.wav_0_1.jpg,1.0,1.0,0.9460461,0.053953886,True
5263027005_h_00.wav_1_1.jpg,1.0,0.0,0.06992671,0.93007326,False
5263027005_h_00.wav_2_1.jpg,1.0,1.0,0.98115623,0.01884377,True
5263027005_h_00.wav_3_1.jpg,1.0,0.0,0.41380852,0.5861915,False
5263027006_h_00.wav_0_1.jpg,1.0,1.0,0.97428054,0.025719464,True
5263027007_h_00.wav_0_1.jpg,1.0,1.0,0.99451184,0.0054881573,True
5263027008_h_00.wav_0_1.jpg,1.0,1.0,0.99961805,0.00038194656,True
5263027009_h_00.wav_0_1.jpg,1.0,1.0,0.9399168,0.06008321,True
5263027010_h_00.wav_0_1.jpg,1.0,1.0,0.7947414,0.20525861,True
5263027010_h_00.wav_1_1.jpg,1.0,1.0,0.70451796,0.29548204,True
5263027010_h_00.wav_2_1.jpg,1.0,1.0,0.9987949,0.0012050867,True
5263027010_h_00.wav_3_1.jpg,1.0,0.0,0.0008930269,0.99910694,False
5263027011_h_00.wav_0_1.jpg,1.0,1.0,0.8944299,0.10557008,True
5263027012_h_00.wav_0_1.jpg,1.0,1.0,0.9882356,0.011764407,True
5263027013_h_00.wav_0_1.jpg,1.0,1.0,0.9982157,0.0017843246,True
5263027014_h_00.wav_0_1.jpg,1.0,0.0,0.0060394127,0.99396056,False
5263027015_h_00.wav_0_1.jpg,1.0,0.0,0.016852355,0.9831476,False
5263027016_h_00.wav_0_1.jpg,1.0,1.0,0.9753703,0.024629712,True
5263027017_h_00.wav_0_1.jpg,1.0,1.0,0.85757524,0.14242476,True
5263027018_h_00.wav_0_1.jpg,1.0,0.0,0.13583389,0.86416614,False
5263027018_h_00.wav_1_1.jpg,1.0,0.0,0.019144764,0.9808552,False
5263027019_h_00.wav_0_1.jpg,1.0,0.0,0.48166084,0.51833916,False
5263027020_h_00.wav_0_1.jpg,1.0,1.0,0.99350065,0.00649935,True
5263027021_h_00.wav_0_1.jpg,1.0,1.0,0.5117737,0.4882263,True
5263027022_h_00.wav_0_1.jpg,1.0,1.0,0.8032276,0.1967724,True
5263027024_h_00.wav_0_1.jpg,1.0,1.0,0.88166046,0.11833954,True
5263027025_h_00.wav_0_1.jpg,1.0,1.0,0.7428845,0.25711548,True
5263027026_h_00.wav_0_1.jpg,1.0,1.0,0.97304666,0.02695334,True
5263027028_h_00.wav_0_1.jpg,1.0,1.0,0.9864622,0.013537824,True
5263027030_h_00.wav_0_1.jpg,1.0,1.0,0.99492836,0.00507164,True
5333034001_h_00.wav_0_1.jpg,1.0,0.0,0.050981063,0.94901896,False
5333034002_h_00.wav_0_1.jpg,1.0,0.0,0.11296596,0.88703406,False
5333034002_h_00.wav_1_1.jpg,1.0,0.0,0.0075378823,0.9924621,False
5333034002_h_00.wav_2_1.jpg,1.0,0.0,0.009835887,0.9901641,False
5333034003_h_00.wav_0_1.jpg,1.0,1.0,0.93411756,0.065882444,True
5333034004_h_00.wav_0_1.jpg,1.0,0.0,0.14814208,0.8518579,False
5333034005_h_00.wav_0_1.jpg,1.0,1.0,0.6676115,0.33238852,True
5333034005_h_00.wav_1_1.jpg,1.0,0.0,0.0029689088,0.9970311,False
5333034005_h_00.wav_2_1.jpg,1.0,1.0,0.57352567,0.42647433,True
5333034005_h_00.wav_3_1.jpg,1.0,0.0,0.4533352,0.54666483,False
5333034006_h_00.wav_0_1.jpg,1.0,1.0,0.90665835,0.09334165,True
5333034007_h_00.wav_0_1.jpg,1.0,1.0,0.9523305,0.04766947,True
5333034008_h_00.wav_0_1.jpg,1.0,0.0,0.0045511555,0.9954488,False
5333034009_h_00.wav_0_1.jpg,1.0,1.0,0.9841494,0.015850604,True
5333034010_h_00.wav_0_1.jpg,1.0,0.0,0.02875359,0.9712464,False
5333034010_h_00.wav_1_1.jpg,1.0,0.0,0.0019259838,0.998074,False
5333034010_h_00.wav_2_1.jpg,1.0,1.0,0.9131244,0.08687562,True
5333034011_h_00.wav_0_1.jpg,1.0,1.0,0.99187976,0.008120239,True
5333034012_h_00.wav_0_1.jpg,1.0,1.0,0.9717159,0.028284073,True
5333034013_h_00.wav_0_1.jpg,1.0,1.0,0.996396,0.0036039948,True
5333034014_h_00.wav_0_1.jpg,1.0,0.0,0.36436087,0.63563913,False
5333034015_h_00.wav_0_1.jpg,1.0,1.0,0.80258536,0.19741464,True
5333034016_h_00.wav_0_1.jpg,1.0,1.0,0.7210407,0.27895927,True
5333034017_h_00.wav_0_1.jpg,1.0,0.0,0.13663013,0.8633699,False
5333034018_h_00.wav_0_1.jpg,1.0,0.0,0.0061756847,0.9938243,False
5333034018_h_00.wav_1_1.jpg,1.0,1.0,0.58179265,0.41820735,True
5333034018_h_00.wav_2_1.jpg,1.0,1.0,0.77969575,0.22030425,True
5333034019_h_00.wav_0_1.jpg,1.0,1.0,0.9907746,0.009225428,True
5333034020_h_00.wav_0_1.jpg,1.0,1.0,0.71823627,0.28176373,True
5333034021_h_00.wav_0_1.jpg,1.0,1.0,0.9992662,0.0007337928,True
5333034022_h_00.wav_0_1.jpg,1.0,0.0,0.023743376,0.9762566,False
5333034024_h_00.wav_0_1.jpg,1.0,1.0,0.61863065,0.38136935,True
5333034025_h_00.wav_0_1.jpg,1.0,0.0,0.0010656223,0.9989344,False
5333034026_h_00.wav_0_1.jpg,1.0,0.0,0.010623474,0.98937654,False
5333034028_h_00.wav_0_1.jpg,1.0,0.0,0.022844259,0.97715575,False
5333034029_h_00.wav_0_1.jpg,1.0,1.0,0.8937038,0.10629618,True
5333034030_h_00.wav_0_1.jpg,1.0,0.0,0.0042089876,0.995791,False
5423043001_h_00.wav_0_1.jpg,1.0,1.0,0.9751025,0.024897516,True
5423043002_h_00.wav_0_1.jpg,1.0,0.0,0.06722875,0.93277127,False
5423043002_h_00.wav_1_1.jpg,1.0,1.0,0.56423134,0.43576866,True
5423043002_h_00.wav_2_1.jpg,1.0,0.0,0.39328256,0.60671747,False
5423043002_h_00.wav_3_1.jpg,1.0,1.0,0.6813918,0.31860822,True
5423043003_h_00.wav_0_1.jpg,1.0,1.0,0.64265984,0.35734016,True
5423043004_h_00.wav_0_1.jpg,1.0,1.0,0.9765512,0.023448825,True
5423043005_h_00.wav_0_1.jpg,1.0,0.0,0.09026422,0.9097358,False
5423043005_h_00.wav_1_1.jpg,1.0,0.0,0.0019548805,0.99804515,False
5423043006_h_00.wav_0_1.jpg,1.0,1.0,0.71017784,0.28982216,True
5423043007_h_00.wav_0_1.jpg,1.0,1.0,0.9095405,0.090459526,True
5423043008_h_00.wav_0_1.jpg,1.0,0.0,0.053836435,0.94616354,False
5423043009_h_00.wav_0_1.jpg,1.0,1.0,0.9712597,0.028740287,True
5423043010_h_00.wav_0_1.jpg,1.0,0.0,0.0015314209,0.9984686,False
5423043010_h_00.wav_1_1.jpg,1.0,1.0,0.95733905,0.04266095,True
5423043010_h_00.wav_2_1.jpg,1.0,0.0,0.2831072,0.71689284,False
5423043010_h_00.wav_3_1.jpg,1.0,0.0,0.015838344,0.9841617,False
5423043011_h_00.wav_0_1.jpg,1.0,1.0,0.8759944,0.124005616,True
5423043012_h_00.wav_0_1.jpg,1.0,1.0,0.9836167,0.01638329,True
5423043013_h_00.wav_0_1.jpg,1.0,1.0,0.91070247,0.08929753,True
5423043014_h_00.wav_0_1.jpg,1.0,1.0,0.5938747,0.4061253,True
5423043014_h_00.wav_1_1.jpg,1.0,0.0,0.017182902,0.9828171,False
5423043015_h_00.wav_0_1.jpg,1.0,0.0,0.002510434,0.9974896,False
5423043016_h_00.wav_0_1.jpg,1.0,1.0,0.9491646,0.05083537,True
5423043017_h_00.wav_0_1.jpg,1.0,0.0,0.07613631,0.9238637,False
5423043018_h_00.wav_0_1.jpg,1.0,0.0,0.07533902,0.924661,False
5423043018_h_00.wav_1_1.jpg,1.0,0.0,0.0034583875,0.9965416,False
5423043019_h_00.wav_0_1.jpg,1.0,1.0,0.8434771,0.15652293,True
5423043020_h_00.wav_0_1.jpg,1.0,1.0,0.99131703,0.008682966,True
5423043021_h_00.wav_0_1.jpg,1.0,1.0,0.62615085,0.37384915,True
5423043022_h_00.wav_0_1.jpg,1.0,1.0,0.947906,0.052093983,True
5423043024_h_00.wav_0_1.jpg,1.0,1.0,0.98763925,0.012360752,True
5423043025_h_00.wav_0_1.jpg,1.0,1.0,0.7864208,0.21357918,True
5423043026_h_00.wav_0_1.jpg,1.0,1.0,0.736115,0.26388502,True
5423043027_h_00.wav_0_1.jpg,1.0,0.0,0.037442923,0.9625571,False
5423043028_h_00.wav_0_1.jpg,1.0,0.0,0.41316542,0.58683455,False
5423043029_h_00.wav_0_1.jpg,1.0,1.0,0.5476696,0.4523304,True
5423043030_h_00.wav_0_1.jpg,1.0,1.0,0.99825865,0.0017413497,True
5503051001_h_00.wav_0_1.jpg,1.0,0.0,0.2088269,0.7911731,False
5503051002_h_00.wav_0_1.jpg,1.0,0.0,0.0004136052,0.9995864,False
5503051002_h_00.wav_1_1.jpg,1.0,0.0,0.006864909,0.9931351,False
5503051002_h_00.wav_2_1.jpg,1.0,0.0,0.0007983834,0.9992016,False
5503051003_h_00.wav_0_1.jpg,1.0,1.0,0.9986236,0.0013763905,True
5503051004_h_00.wav_0_1.jpg,1.0,1.0,0.9970727,0.0029273033,True
5503051005_h_00.wav_0_1.jpg,1.0,1.0,0.71814764,0.28185236,True
5503051005_h_00.wav_1_1.jpg,1.0,0.0,0.19812886,0.8018711,False
5503051005_h_00.wav_2_1.jpg,1.0,0.0,0.0009636016,0.9990364,False
5503051005_h_00.wav_3_1.jpg,1.0,0.0,0.09396718,0.9060328,False
5503051005_h_00.wav_4_1.jpg,1.0,0.0,0.016892891,0.9831071,False
5503051006_h_00.wav_0_1.jpg,1.0,0.0,0.4409182,0.5590818,False
5503051007_h_00.wav_0_1.jpg,1.0,0.0,0.0073685283,0.9926315,False
5503051008_h_00.wav_0_1.jpg,1.0,1.0,0.5000122,0.49998778,True
5503051009_h_00.wav_0_1.jpg,1.0,1.0,0.85672224,0.14327776,True
5503051010_h_00.wav_0_1.jpg,1.0,0.0,0.0016666973,0.9983333,False
5503051010_h_00.wav_1_1.jpg,1.0,0.0,0.0008377239,0.99916226,False
5503051010_h_00.wav_2_1.jpg,1.0,0.0,0.048579495,0.9514205,False
5503051010_h_00.wav_3_1.jpg,1.0,0.0,0.042658377,0.9573416,False
5503051010_h_00.wav_4_1.jpg,1.0,0.0,0.057158835,0.9428412,False
5503051011_h_00.wav_0_1.jpg,1.0,1.0,0.9666171,0.033382893,True
5503051012_h_00.wav_0_1.jpg,1.0,1.0,0.74078643,0.25921357,True
5503051013_h_00.wav_0_1.jpg,1.0,1.0,0.9935416,0.0064584017,True
5503051014_h_00.wav_0_1.jpg,1.0,0.0,0.0006120043,0.999388,False
5503051014_h_00.wav_1_1.jpg,1.0,1.0,0.7217836,0.27821642,True
5503051015_h_00.wav_0_1.jpg,1.0,1.0,0.8800282,0.11997181,True
5503051016_h_00.wav_0_1.jpg,1.0,1.0,0.9635514,0.036448598,True
5503051017_h_00.wav_0_1.jpg,1.0,1.0,0.99937564,0.00062435865,True
5503051018_h_00.wav_0_1.jpg,1.0,0.0,0.03636754,0.96363246,False
5503051018_h_00.wav_1_1.jpg,1.0,0.0,0.05289755,0.9471024,False
5503051019_h_00.wav_0_1.jpg,1.0,1.0,0.5525521,0.4474479,True
5503051020_h_00.wav_0_1.jpg,1.0,1.0,0.956469,0.043531,True
5503051021_h_00.wav_0_1.jpg,1.0,1.0,0.99093586,0.009064138,True
5503051022_h_00.wav_0_1.jpg,1.0,0.0,0.49064922,0.5093508,False
5503051023_h_00.wav_0_1.jpg,1.0,1.0,0.989303,0.010697007,True
5503051024_h_00.wav_0_1.jpg,1.0,1.0,0.97083527,0.029164732,True
5503051025_h_00.wav_0_1.jpg,1.0,1.0,0.9624474,0.037552595,True
5503051026_h_00.wav_0_1.jpg,1.0,0.0,0.26335853,0.73664147,False
5503051027_h_00.wav_0_1.jpg,1.0,1.0,0.9359696,0.06403041,True
5503051028_h_00.wav_0_1.jpg,1.0,1.0,0.9999962,3.8146973e-06,True
5503051029_h_00.wav_0_1.jpg,1.0,0.0,0.020634428,0.9793656,False
5503051030_h_00.wav_0_1.jpg,1.0,1.0,0.8176681,0.18233192,True
5513052001_h_00.wav_0_1.jpg,1.0,1.0,0.96101,0.03899002,True
5513052002_h_01.wav_0_1.jpg,1.0,1.0,0.9084411,0.09155887,True
5513052002_h_01.wav_1_1.jpg,1.0,0.0,0.22609155,0.77390844,False
5513052002_h_01.wav_2_1.jpg,1.0,0.0,0.08178358,0.9182164,False
5513052002_h_01.wav_3_1.jpg,1.0,1.0,0.95873815,0.04126185,True
5513052002_h_01.wav_4_1.jpg,1.0,0.0,0.20294873,0.79705125,False
5513052003_h_00.wav_0_1.jpg,1.0,1.0,0.9959792,0.00402081,True
5513052004_h_00.wav_0_1.jpg,1.0,1.0,0.9998578,0.00014221668,True
5513052005_h_00.wav_0_1.jpg,1.0,1.0,0.92682207,0.07317793,True
5513052005_h_00.wav_1_1.jpg,1.0,1.0,0.8961685,0.10383153,True
5513052005_h_00.wav_2_1.jpg,1.0,0.0,0.05457117,0.94542885,False
5513052005_h_00.wav_3_1.jpg,1.0,0.0,0.2696806,0.7303194,False
5513052005_h_00.wav_4_1.jpg,1.0,1.0,0.7533281,0.24667192,True
5513052006_h_00.wav_0_1.jpg,1.0,1.0,0.999992,7.987022e-06,True
5513052007_h_00.wav_0_1.jpg,1.0,1.0,0.9995696,0.00043040514,True
5513052008_h_00.wav_0_1.jpg,1.0,1.0,0.9962203,0.0037797093,True
5513052009_h_00.wav_0_1.jpg,1.0,1.0,0.5656653,0.4343347,True
5513052010_h_00.wav_0_1.jpg,1.0,0.0,0.0040809726,0.99591905,False
5513052010_h_00.wav_1_1.jpg,1.0,1.0,0.9990687,0.0009313226,True
5513052010_h_00.wav_2_1.jpg,1.0,1.0,0.9863434,0.013656616,True
5513052010_h_00.wav_3_1.jpg,1.0,1.0,0.9745994,0.025400579,True
5513052011_h_00.wav_0_1.jpg,1.0,1.0,0.9105014,0.08949858,True
5513052012_h_00.wav_0_1.jpg,1.0,1.0,0.99913317,0.00086683035,True
5513052013_h_00.wav_0_1.jpg,1.0,0.0,0.08442458,0.91557544,False
5513052014_h_01.wav_0_1.jpg,1.0,1.0,0.9969426,0.0030574203,True
5513052014_h_01.wav_1_1.jpg,1.0,1.0,0.88478357,0.115216434,True
5513052014_h_01.wav_2_1.jpg,1.0,1.0,0.9995888,0.00041121244,True
5513052015_h_00.wav_0_1.jpg,1.0,1.0,0.8270154,0.1729846,True
5513052016_h_00.wav_0_1.jpg,1.0,1.0,0.98700386,0.012996137,True
5513052017_h_00.wav_0_1.jpg,1.0,1.0,0.98842305,0.011576951,True
5513052018_h_00.wav_0_1.jpg,1.0,1.0,0.999461,0.0005390048,True
5513052018_h_00.wav_1_1.jpg,1.0,1.0,0.9945886,0.0054113865,True
5513052018_h_00.wav_2_1.jpg,1.0,1.0,0.99738413,0.002615869,True
5513052018_h_00.wav_3_1.jpg,1.0,1.0,0.9899074,0.010092616,True
5513052019_h_00.wav_0_1.jpg,1.0,1.0,0.93295646,0.06704354,True
5513052020_h_00.wav_0_1.jpg,1.0,1.0,0.961126,0.03887397,True
5513052021_h_00.wav_0_1.jpg,1.0,1.0,0.9861216,0.013878405,True
5513052022_h_00.wav_0_1.jpg,1.0,0.0,0.3860079,0.6139921,False
5513052023_h_00.wav_0_1.jpg,1.0,1.0,0.99955887,0.00044113398,True
5513052024_h_00.wav_0_1.jpg,1.0,1.0,0.7722018,0.22779822,True
5513052025_h_00.wav_0_1.jpg,1.0,1.0,0.99983275,0.00016725063,True
5513052026_h_00.wav_0_1.jpg,1.0,1.0,0.99975175,0.00024825335,True
5513052027_h_00.wav_0_1.jpg,1.0,0.0,0.013708785,0.9862912,False
5513052028_h_00.wav_0_1.jpg,1.0,1.0,0.7845214,0.2154786,True
5513052030_h_00.wav_0_1.jpg,1.0,0.0,0.027202059,0.97279793,False
5573058001_h_00.wav_0_1.jpg,1.0,1.0,0.75491065,0.24508935,True
5573058002_h_00.wav_0_1.jpg,1.0,1.0,0.8027526,0.19724739,True
5573058002_h_00.wav_1_1.jpg,1.0,1.0,0.97513515,0.024864852,True
5573058002_h_00.wav_2_1.jpg,1.0,0.0,0.0035202606,0.99647975,False
5573058002_h_00.wav_3_1.jpg,1.0,0.0,0.10700488,0.8929951,False
5573058003_h_00.wav_0_1.jpg,1.0,1.0,0.99962544,0.0003745556,True
5573058004_h_00.wav_0_1.jpg,1.0,1.0,0.9992605,0.0007395148,True
5573058005_h_00.wav_0_1.jpg,1.0,0.0,0.06635956,0.9336404,False
5573058005_h_00.wav_1_1.jpg,1.0,0.0,0.009494785,0.9905052,False
5573058005_h_00.wav_2_1.jpg,1.0,0.0,0.09421456,0.90578544,False
5573058005_h_00.wav_3_1.jpg,1.0,1.0,0.99938583,0.00061416626,True
5573058006_h_00.wav_0_1.jpg,1.0,1.0,0.98296756,0.017032444,True
5573058007_h_00.wav_0_1.jpg,1.0,1.0,0.9960452,0.003954828,True
5573058008_h_00.wav_0_1.jpg,1.0,0.0,0.19507629,0.8049237,False
5573058009_h_00.wav_0_1.jpg,1.0,1.0,0.87895006,0.12104994,True
5573058010_h_00.wav_0_1.jpg,1.0,1.0,0.9496232,0.050376773,True
5573058010_h_00.wav_1_1.jpg,1.0,1.0,0.7478877,0.25211233,True
5573058010_h_00.wav_2_1.jpg,1.0,1.0,0.99087673,0.009123266,True
5573058010_h_00.wav_3_1.jpg,1.0,1.0,0.9954912,0.0045087934,True
5573058010_h_00.wav_4_1.jpg,1.0,0.0,0.12849604,0.87150395,False
5573058011_h_00.wav_0_1.jpg,1.0,1.0,0.99821645,0.0017835498,True
5573058012_h_00.wav_0_1.jpg,1.0,1.0,0.9626144,0.037385583,True
5573058013_h_00.wav_0_1.jpg,1.0,1.0,0.8746782,0.1253218,True
5573058014_h_00.wav_0_1.jpg,1.0,1.0,0.71796376,0.28203624,True
5573058014_h_00.wav_1_1.jpg,1.0,0.0,0.0016082604,0.99839175,False
5573058015_h_00.wav_0_1.jpg,1.0,1.0,0.99103737,0.008962631,True
5573058016_h_00.wav_0_1.jpg,1.0,1.0,0.99974483,0.00025516748,True
5573058017_h_00.wav_0_1.jpg,1.0,1.0,0.999951,4.8995018e-05,True
5573058018_h_00.wav_0_1.jpg,1.0,1.0,0.9966215,0.0033785105,True
5573058018_h_00.wav_1_1.jpg,1.0,0.0,0.4424712,0.5575288,False
5573058018_h_00.wav_2_1.jpg,1.0,0.0,0.04359554,0.95640445,False
5573058018_h_00.wav_3_1.jpg,1.0,1.0,0.98172563,0.018274367,True
5573058018_h_00.wav_4_1.jpg,1.0,1.0,0.9698575,0.030142486,True
5573058019_h_00.wav_0_1.jpg,1.0,1.0,0.9924206,0.0075793862,True
5573058020_h_00.wav_0_1.jpg,1.0,1.0,0.9412694,0.058730602,True
5573058021_h_00.wav_0_1.jpg,1.0,1.0,0.84433615,0.15566385,True
5573058022_h_00.wav_0_1.jpg,1.0,1.0,0.99396706,0.0060329437,True
5573058023_h_00.wav_0_1.jpg,1.0,1.0,0.98521096,0.014789045,True
5573058024_h_00.wav_0_1.jpg,1.0,1.0,0.99881065,0.0011893511,True
5573058025_h_00.wav_0_1.jpg,1.0,0.0,0.0060505783,0.9939494,False
5573058026_h_00.wav_0_1.jpg,1.0,1.0,0.99946386,0.0005361438,True
5573058027_h_00.wav_0_1.jpg,1.0,1.0,0.9966607,0.0033392906,True
5573058028_h_00.wav_0_1.jpg,1.0,0.0,0.05687877,0.94312125,False
5573058030_h_00.wav_0_1.jpg,1.0,1.0,0.9986696,0.0013303757,True
5623063001_h_00.wav_0_1.jpg,1.0,1.0,0.5782291,0.42177087,True
5623063002_h_00.wav_0_1.jpg,1.0,0.0,0.019015253,0.98098475,False
5623063002_h_00.wav_1_1.jpg,1.0,1.0,0.9996805,0.0003194809,True
5623063002_h_00.wav_2_1.jpg,1.0,1.0,0.7529109,0.24708909,True
5623063002_h_00.wav_3_1.jpg,1.0,1.0,0.53582615,0.46417385,True
5623063003_h_00.wav_0_1.jpg,1.0,0.0,0.0037167545,0.99628323,False
5623063004_h_00.wav_0_1.jpg,1.0,1.0,0.8770971,0.12290293,True
5623063005_h_00.wav_0_1.jpg,1.0,0.0,0.0049142116,0.9950858,False
5623063005_h_00.wav_1_1.jpg,1.0,0.0,0.029602047,0.97039795,False
5623063005_h_00.wav_2_1.jpg,1.0,1.0,0.63788027,0.36211973,True
5623063006_h_00.wav_0_1.jpg,1.0,0.0,0.03743411,0.9625659,False
5623063007_h_00.wav_0_1.jpg,1.0,0.0,0.02631287,0.9736871,False
5623063008_h_00.wav_0_1.jpg,1.0,1.0,0.99850357,0.0014964342,True
5623063009_h_00.wav_0_1.jpg,1.0,0.0,0.056341946,0.94365805,False
5623063010_h_00.wav_0_1.jpg,1.0,0.0,0.0027938797,0.9972061,False
5623063010_h_00.wav_1_1.jpg,1.0,1.0,0.6334888,0.36651123,True
5623063010_h_00.wav_2_1.jpg,1.0,1.0,0.9833243,0.01667571,True
5623063010_h_00.wav_3_1.jpg,1.0,0.0,0.21852939,0.7814706,False
5623063011_h_00.wav_0_1.jpg,1.0,0.0,0.47013417,0.52986586,False
5623063012_h_00.wav_0_1.jpg,1.0,0.0,0.003506473,0.9964935,False
5623063013_h_00.wav_0_1.jpg,1.0,1.0,0.8491006,0.15089941,True
5623063014_h_00.wav_0_1.jpg,1.0,1.0,0.8375973,0.16240269,True
5623063015_h_00.wav_0_1.jpg,1.0,0.0,0.0053095827,0.9946904,False
5623063016_h_00.wav_0_1.jpg,1.0,0.0,0.16200013,0.8379999,False
5623063017_h_00.wav_0_1.jpg,1.0,1.0,0.99852365,0.0014763474,True
5623063018_h_00.wav_0_1.jpg,1.0,0.0,0.0018530744,0.99814695,False
5623063018_h_00.wav_1_1.jpg,1.0,1.0,0.98357177,0.016428232,True
5623063019_h_00.wav_0_1.jpg,1.0,1.0,0.7678952,0.23210478,True
5623063020_h_00.wav_0_1.jpg,1.0,0.0,0.014252026,0.985748,False
5623063021_h_00.wav_0_1.jpg,1.0,0.0,0.00053314195,0.99946684,False
5623063022_h_00.wav_0_1.jpg,1.0,0.0,0.0020756945,0.9979243,False
5623063024_h_00.wav_0_1.jpg,1.0,0.0,0.0009040375,0.999096,False
5623063025_h_00.wav_0_1.jpg,1.0,0.0,0.0052946676,0.9947053,False
5623063026_h_00.wav_0_1.jpg,1.0,0.0,0.016569851,0.98343015,False
5623063027_h_00.wav_0_1.jpg,1.0,0.0,0.001651758,0.99834824,False
5623063028_h_00.wav_0_1.jpg,1.0,0.0,0.0016259274,0.99837404,False
5623063030_h_00.wav_0_1.jpg,1.0,0.0,0.026129419,0.9738706,False
5633064001_h_00.wav_0_1.jpg,1.0,1.0,0.9998124,0.00018757582,True
5633064002_h_00.wav_0_1.jpg,1.0,0.0,0.47464305,0.52535695,False
5633064002_h_00.wav_1_1.jpg,1.0,0.0,0.048504233,0.95149577,False
5633064002_h_00.wav_2_1.jpg,1.0,1.0,0.9946239,0.0053761005,True
5633064002_h_00.wav_3_1.jpg,1.0,0.0,0.038582522,0.9614175,False
5633064002_h_00.wav_4_1.jpg,1.0,0.0,0.0043664076,0.9956336,False
5633064003_h_00.wav_0_1.jpg,1.0,1.0,0.71051353,0.28948647,True
5633064004_h_00.wav_0_1.jpg,1.0,1.0,0.98179895,0.018201053,True
5633064005_h_00.wav_0_1.jpg,1.0,0.0,0.00018595111,0.99981403,False
5633064005_h_00.wav_1_1.jpg,1.0,0.0,0.00078861485,0.9992114,False
5633064005_h_00.wav_2_1.jpg,1.0,0.0,0.0016841149,0.9983159,False
5633064005_h_00.wav_3_1.jpg,1.0,0.0,0.004133271,0.9958667,False
5633064005_h_00.wav_4_1.jpg,1.0,0.0,0.00056526065,0.9994347,False
5633064006_h_00.wav_0_1.jpg,1.0,1.0,0.744676,0.255324,True
5633064007_h_00.wav_0_1.jpg,1.0,1.0,0.66429055,0.33570945,True
5633064008_h_00.wav_0_1.jpg,1.0,0.0,0.29038906,0.70961094,False
5633064009_h_00.wav_0_1.jpg,1.0,0.0,0.0026810074,0.997319,False
5633064010_h_00.wav_0_1.jpg,1.0,0.0,0.11311399,0.886886,False
5633064010_h_00.wav_1_1.jpg,1.0,0.0,0.00086224906,0.99913776,False
5633064010_h_00.wav_2_1.jpg,1.0,0.0,0.19731109,0.8026889,False
5633064010_h_00.wav_3_1.jpg,1.0,1.0,0.99920887,0.00079113245,True
5633064011_h_00.wav_0_1.jpg,1.0,1.0,0.6666948,0.33330518,True
5633064012_h_00.wav_0_1.jpg,1.0,0.0,0.002337143,0.99766284,False
5633064013_h_00.wav_0_1.jpg,1.0,1.0,0.99728715,0.0027128458,True
5633064014_h_00.wav_0_1.jpg,1.0,0.0,0.025564743,0.97443527,False
5633064015_h_00.wav_0_1.jpg,1.0,0.0,0.009842103,0.9901579,False
5633064016_h_00.wav_0_1.jpg,1.0,0.0,0.20259078,0.79740924,False
5633064017_h_00.wav_0_1.jpg,1.0,1.0,0.99586123,0.0041387677,True
5633064018_h_00.wav_0_1.jpg,1.0,0.0,0.0011077325,0.99889225,False
5633064018_h_00.wav_1_1.jpg,1.0,0.0,0.019635448,0.98036456,False
5633064018_h_00.wav_2_1.jpg,1.0,0.0,0.002807106,0.9971929,False
5633064018_h_00.wav_3_1.jpg,1.0,0.0,0.0025382058,0.9974618,False
5633064018_h_00.wav_4_1.jpg,1.0,0.0,0.030003963,0.96999604,False
5633064019_h_00.wav_0_1.jpg,1.0,1.0,0.9973533,0.0026466846,True
5633064020_h_00.wav_0_1.jpg,1.0,0.0,0.117213145,0.88278687,False
5633064021_h_00.wav_0_1.jpg,1.0,0.0,0.0051419055,0.9948581,False
5633064022_h_00.wav_0_1.jpg,1.0,1.0,0.6387065,0.3612935,True
5633064023_h_00.wav_0_1.jpg,1.0,0.0,0.025600078,0.9743999,False
5633064024_h_00.wav_0_1.jpg,1.0,0.0,0.00049298524,0.999507,False
5633064025_h_00.wav_0_1.jpg,1.0,0.0,0.0022593334,0.9977407,False
5633064026_h_00.wav_0_1.jpg,1.0,0.0,0.0033529594,0.99664706,False
5633064027_h_00.wav_0_1.jpg,1.0,0.0,0.00030950908,0.9996905,False
5633064028_h_00.wav_0_1.jpg,1.0,1.0,0.8262492,0.17375082,True
5633064029_h_00.wav_0_1.jpg,1.0,0.0,0.0017665857,0.99823344,False
5633064030_h_00.wav_0_1.jpg,1.0,0.0,0.0064299973,0.99357,False
5653066001_h_01.wav_0_1.jpg,1.0,0.0,0.046915993,0.953084,False
5653066002_h_00.wav_0_1.jpg,1.0,0.0,0.011132355,0.98886764,False
5653066002_h_00.wav_1_1.jpg,1.0,0.0,0.0005452166,0.9994548,False
5653066002_h_00.wav_2_1.jpg,1.0,0.0,0.029085418,0.9709146,False
5653066002_h_00.wav_3_1.jpg,1.0,0.0,0.10062356,0.89937645,False
5653066002_h_00.wav_4_1.jpg,1.0,0.0,2.4641253e-05,0.9999754,False
5653066003_h_00.wav_0_1.jpg,1.0,0.0,0.020733804,0.97926617,False
5653066004_h_00.wav_0_1.jpg,1.0,1.0,0.9844109,0.015589118,True
5653066005_h_00.wav_0_1.jpg,1.0,1.0,0.9821753,0.01782471,True
5653066005_h_00.wav_1_1.jpg,1.0,0.0,0.05633821,0.9436618,False
5653066005_h_00.wav_2_1.jpg,1.0,1.0,0.9938692,0.0061308146,True
5653066005_h_00.wav_3_1.jpg,1.0,1.0,0.98674494,0.01325506,True
5653066005_h_00.wav_4_1.jpg,1.0,0.0,0.47608045,0.5239196,False
5653066006_h_00.wav_0_1.jpg,1.0,0.0,0.0006824355,0.9993176,False
5653066007_h_00.wav_0_1.jpg,1.0,0.0,0.12584308,0.87415695,False
5653066008_h_00.wav_0_1.jpg,1.0,0.0,0.4373358,0.5626642,False
5653066009_h_00.wav_0_1.jpg,1.0,0.0,0.266526,0.733474,False
5653066010_h_00.wav_0_1.jpg,1.0,0.0,0.09517314,0.9048269,False
5653066010_h_00.wav_1_1.jpg,1.0,1.0,0.68737465,0.31262535,True
5653066010_h_00.wav_2_1.jpg,1.0,0.0,0.32083574,0.6791643,False
5653066010_h_00.wav_3_1.jpg,1.0,0.0,0.036937106,0.9630629,False
5653066010_h_00.wav_4_1.jpg,1.0,1.0,0.7054882,0.2945118,True
5653066011_h_00.wav_0_1.jpg,1.0,0.0,0.23621674,0.7637833,False
5653066012_h_00.wav_0_1.jpg,1.0,0.0,5.4868808e-05,0.9999451,False
5653066013_h_00.wav_0_1.jpg,1.0,0.0,0.040300276,0.95969975,False
5653066014_h_00.wav_0_1.jpg,1.0,0.0,0.09406372,0.9059363,False
5653066014_h_00.wav_1_1.jpg,1.0,0.0,0.009124991,0.990875,False
5653066015_h_00.wav_0_1.jpg,1.0,1.0,0.8867452,0.113254786,True
5653066016_h_00.wav_0_1.jpg,1.0,0.0,0.008358347,0.99164164,False
5653066017_h_00.wav_0_1.jpg,1.0,0.0,0.00044092414,0.9995591,False
5653066018_h_00.wav_0_1.jpg,1.0,1.0,0.82116205,0.17883795,True
5653066018_h_00.wav_1_1.jpg,1.0,0.0,0.0003379662,0.99966204,False
5653066018_h_00.wav_2_1.jpg,1.0,0.0,0.3518371,0.6481629,False
5653066018_h_00.wav_3_1.jpg,1.0,0.0,0.010411031,0.989589,False
5653066019_h_00.wav_0_1.jpg,1.0,1.0,0.9756526,0.024347425,True
5653066020_h_00.wav_0_1.jpg,1.0,0.0,0.0006226381,0.99937737,False
5653066021_h_00.wav_0_1.jpg,1.0,0.0,0.00021123602,0.99978876,False
5653066022_h_00.wav_0_1.jpg,1.0,1.0,0.9686639,0.03133613,True
5653066024_h_00.wav_0_1.jpg,1.0,0.0,0.08335391,0.9166461,False
5653066025_h_00.wav_0_1.jpg,1.0,0.0,0.0020348702,0.99796516,False
5653066026_h_00.wav_0_1.jpg,1.0,1.0,0.7210164,0.2789836,True
5653066028_h_00.wav_0_1.jpg,1.0,0.0,0.11927874,0.8807213,False
5653066030_h_00.wav_0_1.jpg,1.0,0.0,0.40332586,0.59667414,False
5723073001_h_00.wav_0_1.jpg,1.0,0.0,0.19273463,0.8072654,False
5723073002_h_00.wav_0_1.jpg,1.0,0.0,0.30842403,0.691576,False
5723073002_h_00.wav_1_1.jpg,1.0,0.0,0.005163516,0.9948365,False
5723073002_h_00.wav_2_1.jpg,1.0,0.0,0.000110802044,0.9998892,False
5723073002_h_00.wav_3_1.jpg,1.0,1.0,0.96890813,0.031091869,True
5723073003_h_00.wav_0_1.jpg,1.0,0.0,0.0095883235,0.9904117,False
5723073004_h_00.wav_0_1.jpg,1.0,0.0,0.09305378,0.90694624,False
5723073005_h_00.wav_0_1.jpg,1.0,0.0,0.011157589,0.9888424,False
5723073005_h_00.wav_1_1.jpg,1.0,0.0,0.0002543438,0.99974567,False
5723073005_h_00.wav_2_1.jpg,1.0,0.0,0.0098424135,0.9901576,False
5723073005_h_00.wav_3_1.jpg,1.0,0.0,0.41711703,0.582883,False
5723073005_h_00.wav_4_1.jpg,1.0,0.0,0.0022142173,0.9977858,False
5723073006_h_00.wav_0_1.jpg,1.0,0.0,0.0142093,0.9857907,False
5723073007_h_00.wav_0_1.jpg,1.0,0.0,0.0550498,0.9449502,False
5723073008_h_00.wav_0_1.jpg,1.0,1.0,0.99658763,0.003412366,True
5723073009_h_00.wav_0_1.jpg,1.0,1.0,0.7540035,0.24599648,True
5723073010_h_00.wav_0_1.jpg,1.0,0.0,0.001437168,0.9985628,False
5723073010_h_00.wav_1_1.jpg,1.0,0.0,0.00016068028,0.9998393,False
5723073010_h_00.wav_2_1.jpg,1.0,0.0,0.0017466989,0.9982533,False
5723073010_h_00.wav_3_1.jpg,1.0,0.0,0.0072392034,0.9927608,False
5723073010_h_00.wav_4_1.jpg,1.0,0.0,0.28087214,0.7191279,False
5723073011_h_00.wav_0_1.jpg,1.0,1.0,0.7005642,0.2994358,True
5723073012_h_00.wav_0_1.jpg,1.0,0.0,0.049804963,0.950195,False
5723073013_h_00.wav_0_1.jpg,1.0,1.0,0.9147812,0.08521879,True
5723073014_h_00.wav_0_1.jpg,1.0,0.0,0.38864058,0.6113594,False
5723073015_h_00.wav_0_1.jpg,1.0,0.0,0.0911333,0.9088667,False
5723073016_h_00.wav_0_1.jpg,1.0,0.0,0.00012130083,0.9998787,False
5723073017_h_00.wav_0_1.jpg,1.0,1.0,0.9994117,0.00058829784,True
5723073018_h_00.wav_0_1.jpg,1.0,0.0,0.2226623,0.7773377,False
5723073018_h_00.wav_1_1.jpg,1.0,0.0,0.0027710488,0.997229,False
5723073018_h_00.wav_2_1.jpg,1.0,1.0,0.5822768,0.41772318,True
5723073019_h_00.wav_0_1.jpg,1.0,1.0,0.75229496,0.24770504,True
5723073020_h_00.wav_0_1.jpg,1.0,1.0,0.7478599,0.2521401,True
5723073021_h_00.wav_0_1.jpg,1.0,1.0,0.9999962,3.8146973e-06,True
5723073022_h_00.wav_0_1.jpg,1.0,1.0,0.99971837,0.00028163195,True
5723073024_h_00.wav_0_1.jpg,1.0,1.0,0.99907637,0.0009236336,True
5723073025_h_00.wav_0_1.jpg,1.0,1.0,0.98186743,0.018132567,True
5723073026_h_00.wav_0_1.jpg,1.0,1.0,0.97124547,0.028754532,True
5723073027_h_00.wav_0_1.jpg,1.0,1.0,0.9907541,0.0092458725,True
5723073028_h_00.wav_0_1.jpg,1.0,1.0,0.9964981,0.003501892,True
5723073029_h_00.wav_0_1.jpg,1.0,1.0,0.9369387,0.0630613,True
5723073030_h_00.wav_0_1.jpg,1.0,1.0,0.93470466,0.06529534,True
5753076001_h_00.wav_0_1.jpg,1.0,0.0,0.0032538846,0.9967461,False
5753076002_h_00.wav_0_1.jpg,1.0,1.0,0.6349525,0.3650475,True
5753076002_h_00.wav_1_1.jpg,1.0,1.0,0.97245884,0.02754116,True
5753076002_h_00.wav_2_1.jpg,1.0,1.0,0.9735638,0.02643621,True
5753076002_h_00.wav_3_1.jpg,1.0,0.0,0.02730104,0.972699,False
5753076002_h_00.wav_4_1.jpg,1.0,0.0,0.009882249,0.9901177,False
5753076003_h_00.wav_0_1.jpg,1.0,0.0,0.25325376,0.74674624,False
5753076004_h_00.wav_0_1.jpg,1.0,1.0,0.9989122,0.0010877848,True
5753076005_h_00.wav_0_1.jpg,1.0,0.0,0.32776487,0.67223513,False
5753076005_h_00.wav_1_1.jpg,1.0,1.0,0.9928756,0.007124424,True
5753076005_h_00.wav_2_1.jpg,1.0,1.0,0.6760758,0.32392418,True
5753076005_h_00.wav_3_1.jpg,1.0,0.0,0.0663051,0.9336949,False
5753076005_h_00.wav_4_1.jpg,1.0,0.0,0.0004771347,0.99952286,False
5753076006_h_00.wav_0_1.jpg,1.0,0.0,0.008355288,0.99164474,False
5753076007_h_00.wav_0_1.jpg,1.0,1.0,0.81190145,0.18809855,True
5753076008_h_00.wav_0_1.jpg,1.0,1.0,0.98234624,0.017653763,True
5753076009_h_00.wav_0_1.jpg,1.0,0.0,0.0634479,0.9365521,False
5753076010_h_00.wav_0_1.jpg,1.0,0.0,0.018302295,0.9816977,False
5753076010_h_00.wav_1_1.jpg,1.0,0.0,0.028088681,0.9719113,False
5753076010_h_00.wav_2_1.jpg,1.0,0.0,0.13342515,0.8665749,False
5753076010_h_00.wav_3_1.jpg,1.0,0.0,0.31723607,0.68276393,False
5753076010_h_00.wav_4_1.jpg,1.0,0.0,0.08240915,0.91759086,False
5753076011_h_00.wav_0_1.jpg,1.0,1.0,0.99684817,0.003151834,True
5753076012_h_00.wav_0_1.jpg,1.0,0.0,0.0031872203,0.99681276,False
5753076013_h_00.wav_0_1.jpg,1.0,1.0,0.97429353,0.02570647,True
5753076014_h_00.wav_0_1.jpg,1.0,1.0,0.92311496,0.076885045,True
5753076014_h_00.wav_1_1.jpg,1.0,0.0,0.005585082,0.9944149,False
5753076015_h_00.wav_0_1.jpg,1.0,0.0,0.013227632,0.98677236,False
5753076016_h_00.wav_0_1.jpg,1.0,0.0,0.0068647857,0.9931352,False
5753076017_h_00.wav_0_1.jpg,1.0,1.0,0.9909807,0.009019315,True
5753076018_h_00.wav_0_1.jpg,1.0,1.0,0.9893429,0.010657072,True
5753076018_h_00.wav_1_1.jpg,1.0,0.0,0.061613325,0.9383867,False
5753076018_h_00.wav_2_1.jpg,1.0,0.0,0.16757225,0.83242774,False
5753076018_h_00.wav_3_1.jpg,1.0,1.0,0.9761703,0.023829699,True
5753076018_h_00.wav_4_1.jpg,1.0,0.0,0.08078957,0.91921043,False
5753076019_h_00.wav_0_1.jpg,1.0,1.0,0.91471153,0.085288465,True
5753076020_h_00.wav_0_1.jpg,1.0,1.0,0.88465023,0.11534977,True
5753076021_h_00.wav_0_1.jpg,1.0,0.0,0.011216974,0.988783,False
5753076022_h_00.wav_0_1.jpg,1.0,0.0,0.27632457,0.72367543,False
5753076024_h_00.wav_0_1.jpg,1.0,1.0,0.95220673,0.04779327,True
5753076025_h_00.wav_0_1.jpg,1.0,1.0,0.96818495,0.031815052,True
5753076026_h_00.wav_0_1.jpg,1.0,0.0,0.4500665,0.5499335,False
5753076027_h_00.wav_0_1.jpg,1.0,1.0,0.99922967,0.0007703304,True
5753076028_h_00.wav_0_1.jpg,1.0,1.0,0.9979832,0.0020167828,True
5753076029_h_00.wav_0_1.jpg,1.0,1.0,0.9478176,0.052182376,True
5753076030_h_00.wav_0_1.jpg,1.0,1.0,0.7308987,0.26910132,True
5763077001_h_00.wav_0_1.jpg,1.0,0.0,0.45453918,0.5454608,False
5763077002_h_00.wav_0_1.jpg,1.0,1.0,0.9975425,0.0024574995,True
5763077002_h_00.wav_1_1.jpg,1.0,1.0,0.9811291,0.01887089,True
5763077002_h_00.wav_2_1.jpg,1.0,0.0,0.28891718,0.7110828,False
5763077002_h_00.wav_3_1.jpg,1.0,0.0,0.003759455,0.99624056,False
5763077002_h_00.wav_4_1.jpg,1.0,0.0,0.0028354297,0.99716455,False
5763077003_h_01.wav_0_1.jpg,1.0,0.0,0.22753128,0.7724687,False
5763077004_h_00.wav_0_1.jpg,1.0,1.0,0.93265575,0.06734425,True
5763077005_h_00.wav_0_1.jpg,1.0,1.0,0.9998578,0.00014221668,True
5763077005_h_00.wav_1_1.jpg,1.0,0.0,0.010099273,0.9899007,False
5763077005_h_00.wav_2_1.jpg,1.0,1.0,0.9997576,0.00024241209,True
5763077006_h_00.wav_0_1.jpg,1.0,1.0,0.6947771,0.30522293,True
5763077007_h_00.wav_0_1.jpg,1.0,0.0,0.00025232937,0.9997477,False
5763077008_h_00.wav_0_1.jpg,1.0,1.0,0.9751683,0.024831712,True
5763077009_h_00.wav_0_1.jpg,1.0,0.0,0.47347555,0.5265244,False
5763077010_h_00.wav_0_1.jpg,1.0,1.0,0.9125302,0.087469816,True
5763077010_h_00.wav_1_1.jpg,1.0,1.0,0.99073327,0.009266734,True
5763077010_h_00.wav_2_1.jpg,1.0,0.0,0.05048871,0.9495113,False
5763077010_h_00.wav_3_1.jpg,1.0,0.0,0.1578025,0.8421975,False
5763077010_h_00.wav_4_1.jpg,1.0,0.0,0.006881127,0.9931189,False
5763077011_h_00.wav_0_1.jpg,1.0,1.0,0.9737471,0.026252925,True
5763077012_h_00.wav_0_1.jpg,1.0,0.0,0.11432521,0.8856748,False
5763077013_h_00.wav_0_1.jpg,1.0,1.0,0.8068372,0.1931628,True
5763077014_h_00.wav_0_1.jpg,1.0,0.0,0.33554217,0.6644578,False
5763077014_h_00.wav_1_1.jpg,1.0,0.0,0.0045073056,0.9954927,False
5763077015_h_00.wav_0_1.jpg,1.0,0.0,0.23510636,0.76489365,False
5763077016_h_00.wav_0_1.jpg,1.0,0.0,0.48229626,0.5177038,False
5763077017_h_00.wav_0_1.jpg,1.0,0.0,0.31741124,0.68258876,False
5763077018_h_00.wav_0_1.jpg,1.0,0.0,0.02352998,0.97647,False
5763077018_h_00.wav_1_1.jpg,1.0,0.0,0.18488401,0.815116,False
5763077019_h_00.wav_0_1.jpg,1.0,1.0,0.6109117,0.38908827,True
5763077020_h_00.wav_0_1.jpg,1.0,1.0,0.9662763,0.033723712,True
5763077021_h_00.wav_0_1.jpg,1.0,1.0,0.99482036,0.0051796436,True
5763077022_h_00.wav_0_1.jpg,1.0,1.0,0.8479997,0.15200031,True
5763077023_h_00.wav_0_1.jpg,1.0,1.0,0.9996817,0.0003182888,True
5763077024_h_00.wav_0_1.jpg,1.0,0.0,0.010157579,0.9898424,False
5763077025_h_00.wav_0_1.jpg,1.0,1.0,0.99984956,0.00015044212,True
5763077026_h_00.wav_0_1.jpg,1.0,1.0,0.9912491,0.0087509155,True
5763077027_h_00.wav_0_1.jpg,1.0,1.0,0.99589705,0.0041029453,True
5763077028_h_00.wav_0_1.jpg,1.0,1.0,0.71549314,0.28450686,True
5763077029_h_00.wav_0_1.jpg,1.0,1.0,0.88029563,0.119704366,True
5763077030_h_00.wav_0_1.jpg,1.0,1.0,0.9938121,0.006187916,True
5773078001_h_00.wav_0_1.jpg,1.0,1.0,0.8900625,0.10993749,True
5773078002_h_00.wav_0_1.jpg,1.0,0.0,0.34907234,0.65092766,False
5773078002_h_00.wav_1_1.jpg,1.0,0.0,0.29459167,0.70540833,False
5773078002_h_00.wav_2_1.jpg,1.0,1.0,0.90349376,0.09650624,True
5773078002_h_00.wav_3_1.jpg,1.0,0.0,0.22517388,0.7748261,False
5773078002_h_00.wav_4_1.jpg,1.0,0.0,0.4308251,0.5691749,False
5773078003_h_00.wav_0_1.jpg,1.0,0.0,0.08251872,0.9174813,False
5773078004_h_00.wav_0_1.jpg,1.0,1.0,0.96349895,0.03650105,True
5773078005_h_00.wav_0_1.jpg,1.0,0.0,0.4288513,0.5711487,False
5773078005_h_00.wav_1_1.jpg,1.0,0.0,0.3249048,0.6750952,False
5773078005_h_00.wav_2_1.jpg,1.0,0.0,0.082730316,0.9172697,False
5773078006_h_00.wav_0_1.jpg,1.0,1.0,0.969716,0.030283988,True
5773078007_h_00.wav_0_1.jpg,1.0,0.0,0.0048662904,0.9951337,False
5773078008_h_00.wav_0_1.jpg,1.0,0.0,0.22403847,0.7759615,False
5773078009_h_00.wav_0_1.jpg,1.0,1.0,0.9732289,0.026771128,True
5773078010_h_00.wav_0_1.jpg,1.0,0.0,0.43585956,0.56414044,False
5773078010_h_00.wav_1_1.jpg,1.0,1.0,0.99991906,8.094311e-05,True
5773078010_h_00.wav_2_1.jpg,1.0,0.0,0.10655531,0.89344466,False
5773078010_h_00.wav_3_1.jpg,1.0,0.0,0.016548978,0.983451,False
5773078010_h_00.wav_4_1.jpg,1.0,0.0,0.025164966,0.97483504,False
5773078011_h_00.wav_0_1.jpg,1.0,0.0,0.046892628,0.95310736,False
5773078012_h_00.wav_0_1.jpg,1.0,0.0,0.004450327,0.9955497,False
5773078013_h_00.wav_0_1.jpg,1.0,1.0,0.9805156,0.0194844,True
5773078014_h_00.wav_0_1.jpg,1.0,0.0,0.068563536,0.9314365,False
5773078014_h_00.wav_1_1.jpg,1.0,1.0,0.84694225,0.15305775,True
5773078015_h_00.wav_0_1.jpg,1.0,1.0,0.96564585,0.03435415,True
5773078016_h_00.wav_0_1.jpg,1.0,1.0,0.7573631,0.24263692,True
5773078017_h_00.wav_0_1.jpg,1.0,1.0,0.9799253,0.020074725,True
5773078018_h_00.wav_0_1.jpg,1.0,0.0,0.044866536,0.95513344,False
5773078018_h_00.wav_1_1.jpg,1.0,0.0,0.078289926,0.9217101,False
5773078018_h_00.wav_2_1.jpg,1.0,0.0,0.09843756,0.90156245,False
5773078018_h_00.wav_3_1.jpg,1.0,1.0,0.8566296,0.14337039,True
5773078019_h_00.wav_0_1.jpg,1.0,0.0,0.23929867,0.7607013,False
5773078020_h_00.wav_0_1.jpg,1.0,1.0,0.9979387,0.0020613074,True
5773078021_h_00.wav_0_1.jpg,1.0,1.0,0.9994899,0.00051009655,True
5773078022_h_00.wav_0_1.jpg,1.0,0.0,0.030694049,0.96930593,False
5773078024_h_00.wav_0_1.jpg,1.0,1.0,0.9682844,0.031715572,True
5773078025_h_00.wav_0_1.jpg,1.0,0.0,0.41517696,0.584823,False
5773078026_h_00.wav_0_1.jpg,1.0,1.0,0.9790572,0.020942807,True
5773078027_h_00.wav_0_1.jpg,1.0,1.0,0.97253495,0.027465045,True
5773078028_h_00.wav_0_1.jpg,1.0,1.0,0.9955805,0.0044195056,True
5773078029_h_00.wav_0_1.jpg,1.0,1.0,0.88527393,0.11472607,True
5773078030_h_00.wav_0_1.jpg,1.0,1.0,0.989643,0.010357022,True
5823083001_h_00.wav_0_1.jpg,1.0,1.0,0.9949774,0.0050225854,True
5823083002_h_00.wav_0_1.jpg,1.0,1.0,0.98726684,0.012733161,True
5823083002_h_00.wav_1_1.jpg,1.0,1.0,0.99941576,0.0005842447,True
5823083002_h_00.wav_2_1.jpg,1.0,1.0,0.97784746,0.022152543,True
5823083002_h_00.wav_3_1.jpg,1.0,1.0,0.94497794,0.05502206,True
5823083002_h_00.wav_4_1.jpg,1.0,1.0,0.96882474,0.031175256,True
5823083003_h_00.wav_0_1.jpg,1.0,1.0,0.99756455,0.0024354458,True
5823083003_h_00.wav_1_1.jpg,1.0,1.0,0.98742604,0.012573957,True
5823083004_h_00.wav_0_1.jpg,1.0,1.0,0.9975412,0.0024588108,True
5823083005_h_00.wav_0_1.jpg,1.0,1.0,0.9988501,0.0011498928,True
5823083005_h_00.wav_1_1.jpg,1.0,0.0,0.015356045,0.98464394,False
5823083006_h_00.wav_0_1.jpg,1.0,1.0,0.9977139,0.0022860765,True
5823083007_h_00.wav_0_1.jpg,1.0,1.0,0.9966023,0.0033977032,True
5823083007_h_00.wav_1_1.jpg,1.0,1.0,0.9952437,0.004756272,True
5823083008_h_00.wav_0_1.jpg,1.0,1.0,0.9999951,4.887581e-06,True
5823083009_h_00.wav_0_1.jpg,1.0,1.0,0.97054625,0.029453754,True
5823083010_h_00.wav_0_1.jpg,1.0,1.0,0.987068,0.012932003,True
5823083010_h_00.wav_1_1.jpg,1.0,1.0,0.9855924,0.014407575,True
5823083010_h_00.wav_2_1.jpg,1.0,1.0,0.8835474,0.116452575,True
5823083010_h_00.wav_3_1.jpg,1.0,1.0,0.9544304,0.0455696,True
5823083011_h_00.wav_0_1.jpg,1.0,1.0,0.9947478,0.0052521825,True
5823083012_h_00.wav_0_1.jpg,1.0,1.0,0.9999932,6.7949295e-06,True
5823083013_h_00.wav_0_1.jpg,1.0,1.0,0.99939394,0.00060606,True
5823083014_h_00.wav_0_1.jpg,1.0,1.0,0.91028565,0.08971435,True
5823083014_h_00.wav_1_1.jpg,1.0,1.0,0.99664634,0.0033536553,True
5823083015_h_00.wav_0_1.jpg,1.0,1.0,0.9999238,7.6174736e-05,True
5823083016_h_00.wav_0_1.jpg,1.0,1.0,0.99996305,3.695488e-05,True
5823083017_h_00.wav_0_1.jpg,1.0,1.0,0.9999769,2.3126602e-05,True
5823083018_h_00.wav_0_1.jpg,1.0,1.0,0.99948347,0.00051653385,True
5823083018_h_00.wav_1_1.jpg,1.0,1.0,0.999723,0.00027698278,True
5823083019_h_00.wav_0_1.jpg,1.0,1.0,0.99728155,0.0027184486,True
5823083019_h_00.wav_1_1.jpg,1.0,1.0,0.94211054,0.05788946,True
5823083020_h_00.wav_0_1.jpg,1.0,1.0,0.9971704,0.0028296113,True
5823083020_h_00.wav_1_1.jpg,1.0,1.0,0.982803,0.017197013,True
5823083021_h_00.wav_0_1.jpg,1.0,1.0,0.5821137,0.41788632,True
5823083022_h_00.wav_0_1.jpg,1.0,1.0,0.9943974,0.005602598,True
5823083023_h_00.wav_0_1.jpg,1.0,0.0,0.079873845,0.92012614,False
5823083024_h_00.wav_0_1.jpg,1.0,1.0,0.9758018,0.024198174,True
5823083025_h_00.wav_0_1.jpg,1.0,1.0,0.9728668,0.027133226,True
5823083026_h_00.wav_0_1.jpg,1.0,1.0,0.9999682,3.182888e-05,True
5823083027_h_00.wav_0_1.jpg,1.0,1.0,0.9984889,0.001511097,True
5823083028_h_00.wav_0_1.jpg,1.0,1.0,0.99998903,1.0967255e-05,True
5823083029_h_00.wav_0_1.jpg,1.0,0.0,0.16010775,0.83989227,False
5823083030_h_00.wav_0_1.jpg,1.0,1.0,0.9999982,1.7881393e-06,True
5843085001_h_00.wav_0_1.jpg,1.0,1.0,0.9998093,0.00019067526,True
5843085002_h_00.wav_0_1.jpg,1.0,1.0,0.8938904,0.10610962,True
5843085002_h_00.wav_1_1.jpg,1.0,1.0,0.9823046,0.017695427,True
5843085002_h_00.wav_2_1.jpg,1.0,1.0,0.96636456,0.033635437,True
5843085002_h_00.wav_3_1.jpg,1.0,0.0,0.05523863,0.9447614,False
5843085003_h_00.wav_0_1.jpg,1.0,1.0,0.9973327,0.0026673079,True
5843085004_h_00.wav_0_1.jpg,1.0,1.0,0.9088871,0.09111291,True
5843085005_h_00.wav_0_1.jpg,1.0,1.0,0.9787738,0.021226227,True
5843085005_h_00.wav_1_1.jpg,1.0,1.0,0.99879396,0.0012060404,True
5843085005_h_00.wav_2_1.jpg,1.0,1.0,0.9991472,0.00085282326,True
5843085005_h_00.wav_3_1.jpg,1.0,1.0,0.9480204,0.0519796,True
5843085006_h_00.wav_0_1.jpg,1.0,1.0,0.9973168,0.0026832223,True
5843085007_h_00.wav_0_1.jpg,1.0,0.0,0.022339856,0.9776601,False
5843085008_h_00.wav_0_1.jpg,1.0,1.0,0.99993026,6.9737434e-05,True
5843085009_h_00.wav_0_1.jpg,1.0,1.0,0.9987747,0.0012252927,True
5843085010_h_00.wav_0_1.jpg,1.0,1.0,0.999567,0.00043302774,True
5843085010_h_00.wav_1_1.jpg,1.0,1.0,0.9994523,0.0005477071,True
5843085010_h_00.wav_2_1.jpg,1.0,0.0,0.0054542,0.9945458,False
5843085010_h_00.wav_3_1.jpg,1.0,1.0,0.98617214,0.01382786,True
5843085010_h_00.wav_4_1.jpg,1.0,1.0,0.9771508,0.022849202,True
5843085011_h_00.wav_0_1.jpg,1.0,1.0,0.9921725,0.00782752,True
5843085012_h_00.wav_0_1.jpg,1.0,1.0,0.9999969,3.0994415e-06,True
5843085013_h_00.wav_0_1.jpg,1.0,1.0,0.99927205,0.0007279515,True
5843085014_h_00.wav_0_1.jpg,1.0,0.0,0.20560558,0.79439443,False
5843085014_h_00.wav_1_1.jpg,1.0,1.0,0.9620038,0.037996173,True
5843085015_h_00.wav_0_1.jpg,1.0,1.0,0.9941602,0.0058398247,True
5843085016_h_00.wav_0_1.jpg,1.0,1.0,0.99983835,0.0001616478,True
5843085017_h_00.wav_0_1.jpg,1.0,1.0,0.9495621,0.050437927,True
5843085018_h_00.wav_0_1.jpg,1.0,1.0,0.9956605,0.004339516,True
5843085018_h_00.wav_1_1.jpg,1.0,1.0,0.992245,0.0077549815,True
5843085019_h_00.wav_0_1.jpg,1.0,1.0,0.99740416,0.002595842,True
5843085020_h_00.wav_0_1.jpg,1.0,1.0,0.9973748,0.002625227,True
5843085022_h_00.wav_0_1.jpg,1.0,1.0,0.9686816,0.031318426,True
5843085024_h_00.wav_0_1.jpg,1.0,1.0,0.9997008,0.00029921532,True
5843085025_h_00.wav_0_1.jpg,1.0,1.0,0.72699696,0.27300304,True
5843085028_h_00.wav_0_1.jpg,1.0,1.0,0.87368476,0.12631524,True
5843085030_h_00.wav_0_1.jpg,1.0,1.0,0.99966896,0.0003310442,True
5853086001_h_00.wav_0_1.jpg,1.0,1.0,0.9993894,0.00061059,True
5853086002_h_00.wav_0_1.jpg,1.0,0.0,0.4776636,0.52233636,False
5853086002_h_00.wav_1_1.jpg,1.0,0.0,0.1262472,0.87375283,False
5853086002_h_00.wav_2_1.jpg,1.0,1.0,0.9972187,0.002781272,True
5853086002_h_00.wav_3_1.jpg,1.0,1.0,0.98831755,0.011682451,True
5853086002_h_00.wav_4_1.jpg,1.0,1.0,0.9961123,0.003887713,True
5853086003_h_00.wav_0_1.jpg,1.0,1.0,0.99997544,2.4557114e-05,True
5853086004_h_00.wav_0_1.jpg,1.0,1.0,0.99770373,0.002296269,True
5853086005_h_00.wav_0_1.jpg,1.0,1.0,0.972483,0.02751702,True
5853086005_h_00.wav_1_1.jpg,1.0,1.0,0.9890342,0.010965824,True
5853086005_h_00.wav_2_1.jpg,1.0,1.0,0.9990515,0.0009484887,True
5853086005_h_00.wav_3_1.jpg,1.0,1.0,0.97458965,0.025410354,True
5853086005_h_00.wav_4_1.jpg,1.0,1.0,0.94749594,0.052504063,True
5853086006_h_00.wav_0_1.jpg,1.0,1.0,0.99971443,0.00028556585,True
5853086007_h_00.wav_0_1.jpg,1.0,1.0,0.99942636,0.0005736351,True
5853086008_h_00.wav_0_1.jpg,1.0,1.0,0.9998654,0.00013458729,True
5853086009_h_00.wav_0_1.jpg,1.0,1.0,0.9989893,0.001010716,True
5853086010_h_00.wav_0_1.jpg,1.0,0.0,0.07547197,0.924528,False
5853086010_h_00.wav_1_1.jpg,1.0,1.0,0.9535717,0.046428323,True
5853086010_h_00.wav_2_1.jpg,1.0,1.0,0.97734773,0.022652268,True
5853086010_h_00.wav_3_1.jpg,1.0,1.0,0.9997178,0.000282228,True
5853086010_h_00.wav_4_1.jpg,1.0,1.0,0.97906315,0.020936847,True
5853086011_h_00.wav_0_1.jpg,1.0,1.0,0.99423605,0.005763948,True
5853086012_h_00.wav_0_1.jpg,1.0,1.0,0.93926334,0.060736656,True
5853086013_h_00.wav_0_1.jpg,1.0,1.0,0.99983335,0.00016665459,True
5853086014_h_01.wav_0_1.jpg,1.0,1.0,0.6050425,0.39495748,True
5853086014_h_01.wav_1_1.jpg,1.0,0.0,0.01650631,0.9834937,False
5853086015_h_00.wav_0_1.jpg,1.0,1.0,0.9915489,0.008451104,True
5853086016_h_00.wav_0_1.jpg,1.0,1.0,0.9343964,0.065603614,True
5853086017_h_00.wav_0_1.jpg,1.0,1.0,0.9767694,0.023230612,True
5853086018_h_00.wav_0_1.jpg,1.0,0.0,0.022998298,0.9770017,False
5853086018_h_00.wav_1_1.jpg,1.0,1.0,0.96292734,0.03707266,True
5853086018_h_00.wav_2_1.jpg,1.0,1.0,0.98829365,0.011706352,True
5853086018_h_00.wav_3_1.jpg,1.0,0.0,0.3681416,0.6318584,False
5853086018_h_00.wav_4_1.jpg,1.0,1.0,0.9528272,0.047172785,True
5853086019_h_00.wav_0_1.jpg,1.0,1.0,0.9334202,0.06657982,True
5853086020_h_00.wav_0_1.jpg,1.0,1.0,0.9763015,0.023698509,True
5853086021_h_00.wav_0_1.jpg,1.0,1.0,0.50395393,0.49604607,True
5853086022_h_00.wav_0_1.jpg,1.0,1.0,0.99873847,0.0012615323,True
5853086024_h_00.wav_0_1.jpg,1.0,0.0,0.37855616,0.62144387,False
5853086025_h_00.wav_0_1.jpg,1.0,1.0,0.5200187,0.4799813,True
5853086026_h_00.wav_0_1.jpg,1.0,1.0,0.952491,0.047509015,True
5853086027_h_00.wav_0_1.jpg,1.0,1.0,0.99672973,0.0032702684,True
5853086028_h_00.wav_0_1.jpg,1.0,1.0,0.9979298,0.0020701885,True
5853086029_h_00.wav_0_1.jpg,1.0,0.0,0.34171125,0.6582887,False
5853086030_h_00.wav_0_1.jpg,1.0,1.0,0.99914277,0.000857234,True
5953096001_h_00.wav_0_1.jpg,1.0,1.0,0.9348309,0.065169096,True
5953096002_h_00.wav_0_1.jpg,1.0,0.0,0.0038207213,0.9961793,False
5953096002_h_00.wav_1_1.jpg,1.0,1.0,0.8677668,0.1322332,True
5953096002_h_00.wav_2_1.jpg,1.0,1.0,0.9717319,0.028268099,True
5953096002_h_00.wav_3_1.jpg,1.0,1.0,0.8198961,0.1801039,True
5953096002_h_00.wav_4_1.jpg,1.0,1.0,0.9529146,0.047085404,True
5953096003_h_00.wav_0_1.jpg,1.0,0.0,0.217025,0.782975,False
5953096004_h_00.wav_0_1.jpg,1.0,0.0,0.039866526,0.9601335,False
5953096005_h_00.wav_0_1.jpg,1.0,0.0,0.024135219,0.97586477,False
5953096005_h_00.wav_1_1.jpg,1.0,0.0,0.052942727,0.94705725,False
5953096005_h_00.wav_2_1.jpg,1.0,0.0,0.04580139,0.9541986,False
5953096005_h_00.wav_3_1.jpg,1.0,1.0,0.94187057,0.05812943,True
5953096005_h_00.wav_4_1.jpg,1.0,0.0,0.027113881,0.97288615,False
5953096006_h_00.wav_0_1.jpg,1.0,1.0,0.8920187,0.107981324,True
5953096007_h_00.wav_0_1.jpg,1.0,1.0,0.9494965,0.050503492,True
5953096008_h_00.wav_0_1.jpg,1.0,0.0,0.10794419,0.8920558,False
5953096009_h_00.wav_0_1.jpg,1.0,1.0,0.51851267,0.48148733,True
5953096010_h_00.wav_0_1.jpg,1.0,1.0,0.9710159,0.02898413,True
5953096010_h_00.wav_1_1.jpg,1.0,0.0,0.076856315,0.9231437,False
5953096010_h_00.wav_2_1.jpg,1.0,0.0,0.07218815,0.92781186,False
5953096010_h_00.wav_3_1.jpg,1.0,0.0,0.024604956,0.975395,False
5953096010_h_00.wav_4_1.jpg,1.0,0.0,0.00081512367,0.99918485,False
5953096011_h_00.wav_0_1.jpg,1.0,0.0,0.024825366,0.9751746,False
5953096012_h_00.wav_0_1.jpg,1.0,1.0,0.99963677,0.0003632307,True
5953096012_h_00.wav_1_1.jpg,1.0,0.0,0.0048791273,0.9951209,False
5953096013_h_00.wav_0_1.jpg,1.0,1.0,0.9168167,0.08318329,True
5953096014_h_00.wav_0_1.jpg,1.0,0.0,0.0008605201,0.9991395,False
5953096014_h_00.wav_1_1.jpg,1.0,0.0,0.019419316,0.9805807,False
5953096015_h_00.wav_0_1.jpg,1.0,1.0,0.7671227,0.23287731,True
5953096016_h_00.wav_0_1.jpg,1.0,0.0,0.005727164,0.9942728,False
5953096017_h_00.wav_0_1.jpg,1.0,1.0,0.55265516,0.44734484,True
5953096018_h_00.wav_0_1.jpg,1.0,0.0,0.47495976,0.52504027,False
5953096018_h_00.wav_1_1.jpg,1.0,0.0,0.00345472,0.99654526,False
5953096018_h_00.wav_2_1.jpg,1.0,0.0,0.00056229735,0.9994377,False
5953096018_h_00.wav_3_1.jpg,1.0,0.0,0.0025117598,0.99748826,False
5953096019_h_00.wav_0_1.jpg,1.0,1.0,0.70372576,0.29627424,True
5953096020_h_00.wav_0_1.jpg,1.0,1.0,0.6701356,0.32986438,True
5953096021_h_00.wav_0_1.jpg,1.0,0.0,0.07746495,0.92253506,False
5953096022_h_00.wav_0_1.jpg,1.0,0.0,0.03405318,0.9659468,False
5953096024_h_00.wav_0_1.jpg,1.0,1.0,0.88615805,0.11384195,True
5953096025_h_00.wav_0_1.jpg,1.0,0.0,0.005299765,0.99470025,False
5953096026_h_00.wav_0_1.jpg,1.0,0.0,0.3437915,0.6562085,False
5953096027_h_00.wav_0_1.jpg,1.0,1.0,0.95738167,0.042618334,True
5953096028_h_00.wav_0_1.jpg,1.0,0.0,0.013519277,0.9864807,False
5953096029_h_00.wav_0_1.jpg,1.0,0.0,0.11255291,0.8874471,False
5953096030_h_00.wav_0_1.jpg,1.0,0.0,0.46406972,0.5359303,False
0062014001_h_00.wav_0_0.jpg,0.0,1.0,0.92335343,0.07664657,False
0062014004_h_00.wav_0_0.jpg,0.0,0.0,0.050316904,0.94968307,True
0062014008_h_00.wav_0_0.jpg,0.0,0.0,0.0019641977,0.9980358,True
0062014010_h_00.wav_0_0.jpg,0.0,0.0,0.21954194,0.7804581,True
0062014010_h_00.wav_1_0.jpg,0.0,0.0,0.04049676,0.95950323,True
0062014010_h_00.wav_2_0.jpg,0.0,0.0,0.32295847,0.67704153,True
0062014010_h_00.wav_3_0.jpg,0.0,0.0,0.06993907,0.9300609,True
0062014012_h_00.wav_0_0.jpg,0.0,1.0,0.7999553,0.20004469,False
0062014013_h_00.wav_0_0.jpg,0.0,0.0,0.18359745,0.81640255,True
0062014014_h_00.wav_0_0.jpg,0.0,1.0,0.9752872,0.024712801,False
0062014014_h_00.wav_1_0.jpg,0.0,1.0,0.98124826,0.01875174,False
0062014015_h_00.wav_0_0.jpg,0.0,1.0,0.98240733,0.017592669,False
0062014019_h_00.wav_0_0.jpg,0.0,1.0,0.89976674,0.10023326,False
0062014020_h_00.wav_0_0.jpg,0.0,0.0,0.006751286,0.9932487,True
0062014023_h_00.wav_0_0.jpg,0.0,0.0,0.016706295,0.9832937,True
0062014026_h_00.wav_0_0.jpg,0.0,0.0,0.00050617446,0.99949384,True
0062014029_h_00.wav_0_0.jpg,0.0,0.0,0.008387474,0.99161255,True
0062014030_h_00.wav_0_0.jpg,0.0,1.0,0.98127663,0.018723369,False
0062014030_h_00.wav_1_0.jpg,0.0,0.0,0.2698112,0.7301888,True
0062014030_h_00.wav_2_0.jpg,0.0,1.0,0.98913515,0.010864854,False
0062014031_h_00.wav_0_0.jpg,0.0,0.0,0.36667773,0.63332224,True
0062014032_h_00.wav_0_0.jpg,0.0,0.0,0.013188484,0.9868115,True
0062014034_h_00.wav_0_0.jpg,0.0,0.0,0.017009275,0.98299074,True
0062014034_h_00.wav_1_0.jpg,0.0,0.0,0.3675532,0.63244677,True
0062014034_h_00.wav_2_0.jpg,0.0,0.0,0.022325804,0.9776742,True
0062014036_h_00.wav_0_0.jpg,0.0,1.0,0.9896841,0.010315895,False
0062014038_h_00.wav_0_0.jpg,0.0,0.0,0.21989821,0.7801018,True
0062014038_h_00.wav_1_0.jpg,0.0,1.0,0.9564279,0.043572128,False
0062014038_h_00.wav_2_0.jpg,0.0,0.0,0.15331116,0.84668887,True
0062014041_h_00.wav_0_0.jpg,0.0,0.0,0.010579071,0.98942095,True
0062014042_h_00.wav_0_0.jpg,0.0,0.0,0.3821768,0.61782324,True
0062014046_h_00.wav_0_0.jpg,0.0,0.0,0.0038744446,0.9961256,True
0062014048_h_00.wav_0_0.jpg,0.0,1.0,0.9847083,0.015291691,False
0062014049_h_00.wav_0_0.jpg,0.0,0.0,0.0034779035,0.99652207,True
0062014051_h_00.wav_0_0.jpg,0.0,0.0,0.0007674679,0.99923253,True
0062014055_h_00.wav_0_0.jpg,0.0,0.0,0.011162273,0.9888377,True
0062014060_h_01.wav_0_0.jpg,0.0,0.0,0.0112614855,0.98873854,True
0072009001_h_00.wav_0_0.jpg,0.0,0.0,0.48662314,0.51337683,True
0072009004_h_00.wav_0_0.jpg,0.0,1.0,0.529137,0.47086298,False
0072009008_h_00.wav_0_0.jpg,0.0,1.0,0.991306,0.008693993,False
0072009010_h_00.wav_0_0.jpg,0.0,0.0,0.0071300617,0.9928699,True
0072009010_h_00.wav_1_0.jpg,0.0,1.0,0.90260804,0.09739196,False
0072009010_h_00.wav_2_0.jpg,0.0,0.0,0.4361086,0.5638914,True
0072009010_h_00.wav_3_0.jpg,0.0,0.0,0.29054794,0.70945203,True
0072009012_h_00.wav_0_0.jpg,0.0,0.0,0.24923855,0.75076145,True
0072009013_h_00.wav_0_0.jpg,0.0,1.0,0.9601238,0.039876223,False
0072009014_h_00.wav_0_0.jpg,0.0,0.0,0.40813592,0.5918641,True
0072009014_h_00.wav_1_0.jpg,0.0,0.0,0.0004900311,0.99951,True
0072009015_h_00.wav_0_0.jpg,0.0,0.0,0.10187165,0.89812833,True
0072009019_h_00.wav_0_0.jpg,0.0,1.0,0.98660034,0.013399661,False
0072009020_h_00.wav_0_0.jpg,0.0,0.0,0.0097898515,0.9902102,True
0072009023_h_00.wav_0_0.jpg,0.0,0.0,0.03121647,0.96878356,True
0072009024_h_00.wav_0_0.jpg,0.0,1.0,0.9247043,0.07529569,False
0072009026_h_00.wav_0_0.jpg,0.0,0.0,0.11095873,0.88904124,True
0072009029_h_00.wav_0_0.jpg,0.0,0.0,0.0047600633,0.9952399,True
0072009030_h_00.wav_0_0.jpg,0.0,0.0,0.22048348,0.7795165,True
0072009030_h_00.wav_1_0.jpg,0.0,0.0,0.43090025,0.5690998,True
0072009030_h_00.wav_2_0.jpg,0.0,1.0,0.91278934,0.087210655,False
0072009030_h_00.wav_3_0.jpg,0.0,1.0,0.9923382,0.0076618195,False
0072009031_h_00.wav_0_0.jpg,0.0,1.0,0.9441818,0.0558182,False
0072009032_h_00.wav_0_0.jpg,0.0,1.0,0.9840756,0.015924394,False
0072009034_h_00.wav_0_0.jpg,0.0,0.0,0.063144065,0.9368559,True
0072009034_h_00.wav_1_0.jpg,0.0,1.0,0.8587796,0.14122039,False
0072009034_h_00.wav_2_0.jpg,0.0,1.0,0.8925561,0.10744393,False
0072009036_h_00.wav_0_0.jpg,0.0,0.0,0.033961818,0.96603817,True
0072009038_h_00.wav_0_0.jpg,0.0,0.0,0.11609923,0.88390076,True
0072009038_h_00.wav_1_0.jpg,0.0,1.0,0.77065104,0.22934896,False
0072009038_h_00.wav_2_0.jpg,0.0,1.0,0.50466317,0.49533683,False
0072009041_h_00.wav_0_0.jpg,0.0,0.0,0.0053101997,0.9946898,True
0072009042_h_00.wav_0_0.jpg,0.0,1.0,0.8680568,0.13194323,False
0072009046_h_00.wav_0_0.jpg,0.0,1.0,0.840769,0.159231,False
0072009048_h_00.wav_0_0.jpg,0.0,0.0,0.03509732,0.9649027,True
0072009049_h_00.wav_0_0.jpg,0.0,1.0,0.7201476,0.2798524,False
0072009050_h_00.wav_0_0.jpg,0.0,0.0,0.00097291043,0.9990271,True
0072009051_h_00.wav_0_0.jpg,0.0,0.0,0.025636785,0.9743632,True
0072009055_h_00.wav_0_0.jpg,0.0,1.0,0.9993912,0.00060880184,False
0072009060_h_00.wav_0_0.jpg,0.0,0.0,0.060345594,0.9396544,True
0152033001_h_02.wav_0_0.jpg,0.0,0.0,0.03076406,0.96923596,True
0152033004_h_00.wav_0_0.jpg,0.0,0.0,0.009148392,0.9908516,True
0152033008_h_00.wav_0_0.jpg,0.0,0.0,0.4296416,0.5703584,True
0152033010_h_00.wav_0_0.jpg,0.0,1.0,0.91825765,0.08174235,False
0152033010_h_00.wav_1_0.jpg,0.0,1.0,0.9082031,0.091796875,False
0152033012_h_00.wav_0_0.jpg,0.0,0.0,0.0048031583,0.9951968,True
0152033013_h_00.wav_0_0.jpg,0.0,0.0,0.014602256,0.98539776,True
0152033014_h_00.wav_0_0.jpg,0.0,1.0,0.9752762,0.024723828,False
0152033014_h_00.wav_1_0.jpg,0.0,0.0,0.11021209,0.8897879,True
0152033014_h_00.wav_2_0.jpg,0.0,0.0,0.0046946453,0.99530536,True
0152033015_h_00.wav_0_0.jpg,0.0,0.0,0.0037526959,0.9962473,True
0152033019_h_00.wav_0_0.jpg,0.0,0.0,0.017940661,0.98205936,True
0152033020_h_00.wav_0_0.jpg,0.0,0.0,0.028601196,0.97139883,True
0152033023_h_00.wav_0_0.jpg,0.0,0.0,0.2600271,0.7399729,True
0152033024_h_00.wav_0_0.jpg,0.0,0.0,0.4801868,0.5198132,True
0152033026_h_00.wav_0_0.jpg,0.0,0.0,0.0050809383,0.99491906,True
0152033029_h_00.wav_0_0.jpg,0.0,0.0,0.016024929,0.98397505,True
0152033030_h_00.wav_0_0.jpg,0.0,0.0,0.054229688,0.9457703,True
0152033030_h_00.wav_1_0.jpg,0.0,1.0,0.5613689,0.43863112,False
0152033030_h_00.wav_2_0.jpg,0.0,1.0,0.5270162,0.47298378,False
0152033031_h_00.wav_0_0.jpg,0.0,0.0,0.0015111896,0.9984888,True
0152033032_h_00.wav_0_0.jpg,0.0,0.0,0.0028079427,0.9971921,True
0152033034_h_00.wav_0_0.jpg,0.0,0.0,0.0047839023,0.9952161,True
0152033034_h_00.wav_1_0.jpg,0.0,1.0,0.99631375,0.0036862493,False
0152033034_h_00.wav_2_0.jpg,0.0,1.0,0.9508472,0.04915279,False
0152033036_h_00.wav_0_0.jpg,0.0,0.0,0.32118246,0.6788175,True
0152033038_h_00.wav_0_0.jpg,0.0,1.0,0.9009512,0.09904879,False
0152033038_h_00.wav_1_0.jpg,0.0,0.0,0.24429968,0.75570035,True
0152033041_h_00.wav_0_0.jpg,0.0,1.0,0.8574186,0.1425814,False
0152033042_h_00.wav_0_0.jpg,0.0,0.0,0.0012237204,0.99877626,True
0152033046_h_00.wav_0_0.jpg,0.0,0.0,0.04705581,0.95294416,True
0152033048_h_00.wav_0_0.jpg,0.0,0.0,0.0007268455,0.9992732,True
0152033049_h_00.wav_0_0.jpg,0.0,0.0,0.0019941183,0.99800587,True
0152033050_h_00.wav_0_0.jpg,0.0,0.0,0.0063904156,0.9936096,True
0152033051_h_00.wav_0_0.jpg,0.0,0.0,0.0068348413,0.99316514,True
0152033055_h_00.wav_0_0.jpg,0.0,0.0,0.00022319409,0.9997768,True
0152033059_h_00.wav_0_0.jpg,0.0,0.0,0.00081611646,0.9991839,True
0152033060_h_00.wav_0_0.jpg,0.0,0.0,0.0024175202,0.9975825,True
0182023001_h_00.wav_0_0.jpg,0.0,1.0,0.9565744,0.04342562,False
0182023004_h_00.wav_0_0.jpg,0.0,0.0,0.43795094,0.56204903,True
0182023008_h_00.wav_0_0.jpg,0.0,0.0,0.036387857,0.96361214,True
0182023010_h_00.wav_0_0.jpg,0.0,1.0,0.540187,0.459813,False
0182023010_h_00.wav_1_0.jpg,0.0,0.0,0.00210971,0.9978903,True
0182023010_h_00.wav_2_0.jpg,0.0,0.0,0.0004207721,0.99957925,True
0182023010_h_00.wav_3_0.jpg,0.0,1.0,0.68671644,0.31328356,False
0182023010_h_00.wav_4_0.jpg,0.0,0.0,0.23270525,0.76729476,True
0182023012_h_00.wav_0_0.jpg,0.0,0.0,0.08150335,0.91849667,True
0182023013_h_00.wav_0_0.jpg,0.0,0.0,0.00290371,0.9970963,True
0182023014_h_00.wav_0_0.jpg,0.0,0.0,0.19285738,0.8071426,True
0182023014_h_00.wav_1_0.jpg,0.0,0.0,0.012183276,0.98781675,True
0182023014_h_00.wav_2_0.jpg,0.0,0.0,0.023229057,0.97677094,True
0182023015_h_00.wav_0_0.jpg,0.0,0.0,0.031220524,0.9687795,True
0182023019_h_00.wav_0_0.jpg,0.0,0.0,0.0067814603,0.99321854,True
0182023020_h_00.wav_0_0.jpg,0.0,1.0,0.8931391,0.106860876,False
0182023023_h_00.wav_0_0.jpg,0.0,0.0,0.118073285,0.8819267,True
0182023024_h_00.wav_0_0.jpg,0.0,1.0,0.9828677,0.017132282,False
0182023026_h_00.wav_0_0.jpg,0.0,0.0,0.04152283,0.95847714,True
0182023029_h_00.wav_0_0.jpg,0.0,0.0,0.024024798,0.9759752,True
0182023030_h_00.wav_0_0.jpg,0.0,0.0,0.0007371117,0.99926287,True
0182023030_h_00.wav_1_0.jpg,0.0,1.0,0.97934306,0.020656943,False
0182023030_h_00.wav_2_0.jpg,0.0,0.0,0.35796195,0.64203805,True
0182023030_h_00.wav_3_0.jpg,0.0,0.0,0.012978215,0.9870218,True
0182023030_h_00.wav_4_0.jpg,0.0,0.0,0.021370918,0.9786291,True
0182023031_h_01.wav_0_0.jpg,0.0,1.0,0.663588,0.336412,False
0182023032_h_00.wav_0_0.jpg,0.0,1.0,0.98072195,0.01927805,False
0182023034_h_00.wav_0_0.jpg,0.0,1.0,0.9995396,0.00046038628,False
0182023034_h_00.wav_1_0.jpg,0.0,1.0,0.9764039,0.023596108,False
0182023034_h_00.wav_2_0.jpg,0.0,0.0,0.40976253,0.5902375,True
0182023034_h_00.wav_3_0.jpg,0.0,1.0,0.9826219,0.017378092,False
0182023034_h_00.wav_4_0.jpg,0.0,1.0,0.9903895,0.009610474,False
0182023036_h_00.wav_0_0.jpg,0.0,0.0,0.2078312,0.7921688,True
0182023038_h_00.wav_0_0.jpg,0.0,0.0,0.00030519234,0.9996948,True
0182023038_h_00.wav_1_0.jpg,0.0,1.0,0.95412177,0.04587823,False
0182023038_h_00.wav_2_0.jpg,0.0,0.0,0.08814211,0.9118579,True
0182023038_h_00.wav_3_0.jpg,0.0,0.0,0.08673283,0.9132672,True
0182023038_h_00.wav_4_0.jpg,0.0,0.0,0.20632853,0.7936715,True
0182023042_h_01.wav_0_0.jpg,0.0,1.0,0.92477334,0.075226665,False
0182023048_h_00.wav_0_0.jpg,0.0,0.0,0.3633642,0.6366358,True
0182023049_h_00.wav_0_0.jpg,0.0,1.0,0.9939243,0.0060756803,False
0182023051_h_00.wav_0_0.jpg,0.0,0.0,0.0026786064,0.99732137,True
0182023055_h_00.wav_0_0.jpg,0.0,0.0,0.014367202,0.9856328,True
0182023060_h_00.wav_0_0.jpg,0.0,1.0,0.8459322,0.15406781,False
0191019001_h_01.wav_0_0.jpg,0.0,1.0,0.9942016,0.0057983994,False
0191019002_h_00.wav_0_0.jpg,0.0,0.0,0.0032866267,0.9967134,True
0191019002_h_00.wav_1_0.jpg,0.0,0.0,0.10364653,0.8963535,True
0191019002_h_00.wav_2_0.jpg,0.0,0.0,0.004654615,0.9953454,True
0191019002_h_00.wav_3_0.jpg,0.0,1.0,0.9854892,0.01451081,False
0191019002_h_00.wav_4_0.jpg,0.0,1.0,0.8931619,0.10683811,False
0191019003_h_00.wav_0_0.jpg,0.0,1.0,0.99983525,0.00016474724,False
0191019004_h_00.wav_0_0.jpg,0.0,1.0,0.99797624,0.0020237565,False
0191019005_h_00.wav_0_0.jpg,0.0,0.0,0.27175254,0.72824746,True
0191019005_h_00.wav_1_0.jpg,0.0,1.0,0.7723798,0.22762018,False
0191019005_h_00.wav_2_0.jpg,0.0,1.0,0.9683934,0.031606615,False
0191019006_h_00.wav_0_0.jpg,0.0,1.0,0.9996817,0.0003182888,False
0191019007_h_00.wav_0_0.jpg,0.0,0.0,0.0012193925,0.9987806,True
0191019008_h_00.wav_0_0.jpg,0.0,0.0,0.14064965,0.8593503,True
0191019009_h_00.wav_0_0.jpg,0.0,1.0,0.99945205,0.0005479455,False
0191019010_h_00.wav_0_0.jpg,0.0,1.0,0.9999893,1.0728836e-05,False
0191019010_h_00.wav_1_0.jpg,0.0,0.0,0.35302398,0.646976,True
0191019010_h_00.wav_2_0.jpg,0.0,0.0,0.44447544,0.5555246,True
0191019010_h_00.wav_3_0.jpg,0.0,0.0,0.43307003,0.56692994,True
0191019011_h_00.wav_0_0.jpg,0.0,0.0,0.025527809,0.97447217,True
0191019012_h_00.wav_0_0.jpg,0.0,1.0,0.99313134,0.0068686604,False
0191019013_h_00.wav_0_0.jpg,0.0,1.0,0.9995732,0.00042682886,False
0191019014_h_00.wav_0_0.jpg,0.0,0.0,0.054166224,0.9458338,True
0191019014_h_00.wav_1_0.jpg,0.0,1.0,0.67925864,0.32074136,False
0191019014_h_00.wav_2_0.jpg,0.0,0.0,0.026650114,0.97334987,True
0191019015_h_00.wav_0_0.jpg,0.0,1.0,0.724993,0.275007,False
0191019016_h_00.wav_0_0.jpg,0.0,1.0,0.6723695,0.32763052,False
0191019017_h_00.wav_0_0.jpg,0.0,1.0,0.99685633,0.0031436682,False
0191019018_h_00.wav_0_0.jpg,0.0,1.0,0.9735657,0.026434302,False
0191019018_h_00.wav_1_0.jpg,0.0,1.0,0.5609073,0.4390927,False
0191019019_h_00.wav_0_0.jpg,0.0,1.0,0.6745078,0.3254922,False
0191019020_h_00.wav_0_0.jpg,0.0,0.0,0.03768469,0.9623153,True
0191019021_h_00.wav_0_0.jpg,0.0,1.0,0.9841578,0.0158422,False
0191019022_h_00.wav_0_0.jpg,0.0,1.0,0.75027627,0.24972373,False
0191019023_h_00.wav_0_0.jpg,0.0,1.0,0.9737636,0.026236415,False
0191019024_h_00.wav_0_0.jpg,0.0,0.0,0.008762613,0.9912374,True
0191019025_h_00.wav_0_0.jpg,0.0,1.0,0.98004544,0.019954562,False
0191019026_h_00.wav_0_0.jpg,0.0,0.0,0.013870254,0.98612976,True
0191019027_h_00.wav_0_0.jpg,0.0,0.0,0.3257713,0.67422867,True
0191019028_h_00.wav_0_0.jpg,0.0,1.0,0.99992275,7.724762e-05,False
0191019029_h_00.wav_0_0.jpg,0.0,1.0,0.8281037,0.17189628,False
0191019030_h_00.wav_0_0.jpg,0.0,0.0,0.10095407,0.89904594,True
0192016001_h_00.wav_0_0.jpg,0.0,0.0,0.018144198,0.9818558,True
0192016004_h_00.wav_0_0.jpg,0.0,1.0,0.9946525,0.0053474903,False
0192016008_h_00.wav_0_0.jpg,0.0,1.0,0.95020527,0.049794734,False
0192016010_h_00.wav_0_0.jpg,0.0,1.0,0.9687449,0.031255126,False
0192016010_h_00.wav_1_0.jpg,0.0,0.0,0.16881527,0.83118474,True
0192016012_h_00.wav_0_0.jpg,0.0,0.0,0.002476108,0.9975239,True
0192016013_h_00.wav_0_0.jpg,0.0,0.0,0.0034204375,0.9965796,True
0192016014_h_00.wav_0_0.jpg,0.0,1.0,0.9915354,0.008464575,False
0192016015_h_00.wav_0_0.jpg,0.0,0.0,0.035732474,0.96426755,True
0192016019_h_00.wav_0_0.jpg,0.0,1.0,0.963485,0.036514997,False
0192016020_h_00.wav_0_0.jpg,0.0,1.0,0.99223435,0.0077656507,False
0192016023_h_00.wav_0_0.jpg,0.0,0.0,0.058354482,0.9416455,True
0192016024_h_00.wav_0_0.jpg,0.0,0.0,0.48503542,0.5149646,True
0192016026_h_00.wav_0_0.jpg,0.0,0.0,0.120062836,0.8799372,True
0192016029_h_00.wav_0_0.jpg,0.0,1.0,0.98524934,0.0147506595,False
0192016030_h_00.wav_0_0.jpg,0.0,0.0,0.009751444,0.99024856,True
0192016030_h_00.wav_1_0.jpg,0.0,0.0,0.44206986,0.5579301,True
0192016031_h_00.wav_0_0.jpg,0.0,0.0,0.38977814,0.61022186,True
0192016032_h_00.wav_0_0.jpg,0.0,1.0,0.9993468,0.0006532073,False
0192016034_h_00.wav_0_0.jpg,0.0,1.0,0.9854305,0.014569521,False
0192016034_h_00.wav_1_0.jpg,0.0,0.0,0.24770977,0.75229025,True
0192016034_h_00.wav_2_0.jpg,0.0,1.0,0.73065925,0.26934075,False
0192016034_h_00.wav_3_0.jpg,0.0,0.0,0.004075503,0.9959245,True
0192016034_h_00.wav_4_0.jpg,0.0,1.0,0.9536521,0.046347916,False
0192016036_h_00.wav_0_0.jpg,0.0,1.0,0.7764815,0.22351849,False
0192016038_h_00.wav_0_0.jpg,0.0,1.0,0.9765304,0.023469627,False
0192016038_h_00.wav_1_0.jpg,0.0,1.0,0.9990982,0.0009018183,False
0192016041_h_00.wav_0_0.jpg,0.0,0.0,0.00027650857,0.9997235,True
0192016042_h_00.wav_0_0.jpg,0.0,0.0,0.011007885,0.9889921,True
0192016046_h_00.wav_0_0.jpg,0.0,1.0,0.9964347,0.0035653114,False
0192016048_h_00.wav_0_0.jpg,0.0,1.0,0.7457708,0.2542292,False
0192016049_h_00.wav_0_0.jpg,0.0,0.0,0.0005201892,0.99947983,True
0192016051_h_00.wav_0_0.jpg,0.0,0.0,0.00088579475,0.9991142,True
0192016055_h_00.wav_0_0.jpg,0.0,0.0,0.06578136,0.93421865,True
0192016060_h_00.wav_0_0.jpg,0.0,0.0,0.02932733,0.97067267,True
0252013001_h_00.wav_0_0.jpg,0.0,0.0,0.00012134628,0.99987864,True
0252013004_h_00.wav_0_0.jpg,0.0,0.0,0.14832051,0.8516795,True
0252013008_h_00.wav_0_0.jpg,0.0,1.0,0.799874,0.20012599,False
0252013010_h_00.wav_0_0.jpg,0.0,1.0,0.99500644,0.004993558,False
0252013010_h_00.wav_1_0.jpg,0.0,1.0,0.999092,0.00090801716,False
0252013012_h_00.wav_0_0.jpg,0.0,1.0,0.9128677,0.087132275,False
0252013013_h_00.wav_0_0.jpg,0.0,1.0,0.6412189,0.3587811,False
0252013014_h_00.wav_0_0.jpg,0.0,1.0,0.99504423,0.0049557686,False
0252013015_h_00.wav_0_0.jpg,0.0,1.0,0.98961186,0.010388136,False
0252013019_h_00.wav_0_0.jpg,0.0,1.0,0.99341667,0.006583333,False
0252013020_h_00.wav_0_0.jpg,0.0,1.0,0.97531986,0.024680138,False
0252013023_h_00.wav_0_0.jpg,0.0,0.0,0.003999843,0.9960002,True
0252013024_h_00.wav_0_0.jpg,0.0,1.0,0.99626726,0.0037327409,False
0252013026_h_00.wav_0_0.jpg,0.0,1.0,0.99980956,0.00019043684,False
0252013029_h_00.wav_0_0.jpg,0.0,0.0,0.00881807,0.9911819,True
0252013030_h_00.wav_0_0.jpg,0.0,0.0,0.006056173,0.9939438,True
0252013030_h_00.wav_1_0.jpg,0.0,0.0,0.05243923,0.9475608,True
0252013031_h_00.wav_0_0.jpg,0.0,1.0,0.8532809,0.1467191,False
0252013032_h_00.wav_0_0.jpg,0.0,1.0,0.98962885,0.010371149,False
0252013034_h_00.wav_0_0.jpg,0.0,0.0,0.13223487,0.8677651,True
0252013034_h_00.wav_1_0.jpg,0.0,1.0,0.99007404,0.0099259615,False
0252013034_h_00.wav_2_0.jpg,0.0,1.0,0.9971468,0.0028532147,False
0252013036_h_00.wav_0_0.jpg,0.0,1.0,0.932012,0.06798798,False
0252013038_h_00.wav_0_0.jpg,0.0,0.0,0.34261295,0.657387,True
0252013038_h_00.wav_1_0.jpg,0.0,0.0,0.004096125,0.99590385,True
0252013041_h_00.wav_0_0.jpg,0.0,1.0,0.99941957,0.00058043003,False
0252013042_h_00.wav_0_0.jpg,0.0,1.0,0.9920214,0.007978618,False
0252013046_h_00.wav_0_0.jpg,0.0,1.0,0.99880147,0.0011985302,False
0252013048_h_00.wav_0_0.jpg,0.0,1.0,0.8343917,0.16560829,False
0252013049_h_00.wav_0_0.jpg,0.0,0.0,0.01951319,0.9804868,True
0252013051_h_00.wav_0_0.jpg,0.0,1.0,0.98453325,0.01546675,False
0252013055_h_00.wav_0_0.jpg,0.0,0.0,0.0018075472,0.9981924,True
0252013060_h_00.wav_0_0.jpg,0.0,1.0,0.8462227,0.1537773,False
0312028001_h_00.wav_0_0.jpg,0.0,1.0,0.9837789,0.016221106,False
0312028004_h_00.wav_0_0.jpg,0.0,1.0,0.9999325,6.747246e-05,False
0312028008_h_00.wav_0_0.jpg,0.0,0.0,0.0044089393,0.99559104,True
0312028010_h_00.wav_0_0.jpg,0.0,0.0,0.3491867,0.65081334,True
0312028010_h_00.wav_1_0.jpg,0.0,0.0,0.008331159,0.9916688,True
0312028012_h_00.wav_0_0.jpg,0.0,1.0,0.9964045,0.0035954714,False
0312028013_h_00.wav_0_0.jpg,0.0,1.0,0.843184,0.156816,False
0312028014_h_00.wav_0_0.jpg,0.0,0.0,0.22040299,0.77959704,True
0312028014_h_00.wav_1_0.jpg,0.0,0.0,0.009866962,0.99013305,True
0312028015_h_00.wav_0_0.jpg,0.0,0.0,0.13140117,0.8685988,True
0312028019_h_00.wav_0_0.jpg,0.0,1.0,0.9952219,0.004778087,False
0312028020_h_00.wav_0_0.jpg,0.0,1.0,0.8789957,0.12100428,False
0312028023_h_00.wav_0_0.jpg,0.0,1.0,0.95415694,0.045843065,False
0312028024_h_00.wav_0_0.jpg,0.0,0.0,0.016245933,0.98375404,True
0312028026_h_00.wav_0_0.jpg,0.0,1.0,0.9974572,0.0025427938,False
0312028029_h_00.wav_0_0.jpg,0.0,1.0,0.9921598,0.007840216,False
0312028030_h_00.wav_0_0.jpg,0.0,0.0,0.03940136,0.96059865,True
0312028030_h_00.wav_1_0.jpg,0.0,0.0,0.04721287,0.95278716,True
0312028031_h_00.wav_0_0.jpg,0.0,1.0,0.955307,0.044692993,False
0312028032_h_00.wav_0_0.jpg,0.0,0.0,0.011181436,0.9888186,True
0312028034_h_00.wav_0_0.jpg,0.0,0.0,0.10731358,0.8926864,True
0312028034_h_00.wav_1_0.jpg,0.0,1.0,0.63747156,0.36252844,False
0312028034_h_00.wav_2_0.jpg,0.0,0.0,0.20570625,0.79429376,True
0312028034_h_00.wav_3_0.jpg,0.0,1.0,0.9088312,0.09116882,False
0312028034_h_00.wav_4_0.jpg,0.0,1.0,0.76134396,0.23865604,False
0312028036_h_00.wav_0_0.jpg,0.0,0.0,0.01735686,0.9826431,True
0312028038_h_00.wav_0_0.jpg,0.0,0.0,0.020758457,0.97924155,True
0312028038_h_00.wav_1_0.jpg,0.0,1.0,0.6278262,0.3721738,False
0312028041_h_00.wav_0_0.jpg,0.0,0.0,0.08417227,0.91582775,True
0312028042_h_00.wav_0_0.jpg,0.0,1.0,0.9984779,0.0015221238,False
0312028046_h_00.wav_0_0.jpg,0.0,0.0,0.22297555,0.77702445,True
0312028048_h_00.wav_0_0.jpg,0.0,0.0,0.018269772,0.9817302,True
0312028049_h_00.wav_0_0.jpg,0.0,1.0,0.8673503,0.13264972,False
0312028050_h_00.wav_0_0.jpg,0.0,1.0,0.90074533,0.09925467,False
0312028051_h_00.wav_0_0.jpg,0.0,1.0,0.9808881,0.019111872,False
0312028055_h_00.wav_0_0.jpg,0.0,1.0,0.69661397,0.30338603,False
0312028060_h_00.wav_0_0.jpg,0.0,1.0,0.9701892,0.029810786,False
0322030001_h_00.wav_0_0.jpg,0.0,0.0,0.28287193,0.71712804,True
0322030004_h_00.wav_0_0.jpg,0.0,0.0,0.03014325,0.96985674,True
0322030008_h_00.wav_0_0.jpg,0.0,1.0,0.99455994,0.0054400563,False
0322030010_h_00.wav_0_0.jpg,0.0,1.0,0.99973875,0.00026124716,False
0322030010_h_00.wav_1_0.jpg,0.0,1.0,0.77881396,0.22118604,False
0322030010_h_00.wav_2_0.jpg,0.0,0.0,0.27554438,0.7244556,True
0322030012_h_00.wav_0_0.jpg,0.0,1.0,0.9402711,0.05972892,False
0322030013_h_00.wav_0_0.jpg,0.0,1.0,0.79260397,0.20739603,False
0322030014_h_00.wav_0_0.jpg,0.0,1.0,0.9621058,0.03789419,False
0322030015_h_00.wav_0_0.jpg,0.0,0.0,0.0038421587,0.9961578,True
0322030019_h_00.wav_0_0.jpg,0.0,1.0,0.9953994,0.0046005845,False
0322030020_h_00.wav_0_0.jpg,0.0,0.0,0.44200444,0.55799556,True
0322030023_h_00.wav_0_0.jpg,0.0,0.0,0.024596665,0.9754033,True
0322030024_h_00.wav_0_0.jpg,0.0,0.0,0.45243412,0.5475659,True
0322030026_h_00.wav_0_0.jpg,0.0,0.0,0.13268678,0.8673132,True
0322030029_h_00.wav_0_0.jpg,0.0,0.0,0.0038002424,0.9961998,True
0322030030_h_01.wav_0_0.jpg,0.0,0.0,0.018569387,0.9814306,True
0322030030_h_01.wav_1_0.jpg,0.0,0.0,0.16443552,0.8355645,True
0322030031_h_00.wav_0_0.jpg,0.0,1.0,0.99812216,0.0018778443,False
0322030032_h_00.wav_0_0.jpg,0.0,1.0,0.99616927,0.003830731,False
0322030034_h_00.wav_0_0.jpg,0.0,1.0,0.9999709,2.9087067e-05,False
0322030034_h_00.wav_1_0.jpg,0.0,1.0,0.98238534,0.017614663,False
0322030036_h_00.wav_0_0.jpg,0.0,1.0,0.9459883,0.054011703,False
0322030038_h_00.wav_0_0.jpg,0.0,0.0,0.25155762,0.7484424,True
0322030038_h_00.wav_1_0.jpg,0.0,1.0,0.99310875,0.0068912506,False
0322030042_h_00.wav_0_0.jpg,0.0,1.0,0.9899137,0.010086298,False
0322030046_h_00.wav_0_0.jpg,0.0,1.0,0.72225845,0.27774155,False
0322030049_h_01.wav_0_0.jpg,0.0,0.0,0.43332362,0.5666764,True
0322030051_h_00.wav_0_0.jpg,0.0,0.0,0.0008419099,0.9991581,True
0322030055_h_00.wav_0_0.jpg,0.0,1.0,0.959428,0.040571988,False
0322030060_h_00.wav_0_0.jpg,0.0,1.0,0.9903302,0.009669781,False
0342019001_h_00.wav_0_0.jpg,0.0,0.0,0.07405367,0.92594635,True
0342019004_h_00.wav_0_0.jpg,0.0,1.0,0.516723,0.48327702,False
0342019008_h_00.wav_0_0.jpg,0.0,1.0,0.8378818,0.1621182,False
0342019010_h_00.wav_0_0.jpg,0.0,0.0,0.42797482,0.5720252,True
0342019010_h_00.wav_1_0.jpg,0.0,0.0,0.0014341862,0.9985658,True
0342019010_h_00.wav_2_0.jpg,0.0,0.0,0.17601958,0.82398045,True
0342019012_h_00.wav_0_0.jpg,0.0,1.0,0.7858884,0.21411163,False
0342019013_h_00.wav_0_0.jpg,0.0,1.0,0.99103725,0.00896275,False
0342019014_h_01.wav_0_0.jpg,0.0,0.0,0.17765343,0.82234657,True
0342019014_h_01.wav_1_0.jpg,0.0,1.0,0.9218039,0.07819611,False
0342019015_h_00.wav_0_0.jpg,0.0,0.0,0.0022222786,0.9977777,True
0342019019_h_00.wav_0_0.jpg,0.0,1.0,0.8078003,0.1921997,False
0342019020_h_00.wav_0_0.jpg,0.0,1.0,0.9610708,0.038929224,False
0342019023_h_00.wav_0_0.jpg,0.0,0.0,0.1289824,0.8710176,True
0342019024_h_00.wav_0_0.jpg,0.0,1.0,0.9996263,0.00037372112,False
0342019026_h_00.wav_0_0.jpg,0.0,1.0,0.7154768,0.2845232,False
0342019029_h_00.wav_0_0.jpg,0.0,1.0,0.9351567,0.0648433,False
0342019030_h_00.wav_0_0.jpg,0.0,0.0,0.33015633,0.6698437,True
0342019030_h_00.wav_1_0.jpg,0.0,1.0,0.8981747,0.1018253,False
0342019030_h_00.wav_2_0.jpg,0.0,1.0,0.87834954,0.12165046,False
0342019031_h_00.wav_0_0.jpg,0.0,0.0,0.029000549,0.9709995,True
0342019032_h_00.wav_0_0.jpg,0.0,0.0,0.009583575,0.9904164,True
0342019034_h_00.wav_0_0.jpg,0.0,0.0,0.21002528,0.7899747,True
0342019034_h_00.wav_1_0.jpg,0.0,0.0,0.36089534,0.63910466,True
0342019036_h_00.wav_0_0.jpg,0.0,1.0,0.95198,0.048020005,False
0342019038_h_00.wav_0_0.jpg,0.0,0.0,0.35926273,0.6407373,True
0342019038_h_00.wav_1_0.jpg,0.0,0.0,0.010799605,0.9892004,True
0342019038_h_00.wav_2_0.jpg,0.0,0.0,0.002805567,0.9971944,True
0342019038_h_00.wav_3_0.jpg,0.0,0.0,0.23018545,0.76981455,True
0342019041_h_00.wav_0_0.jpg,0.0,0.0,0.0066329204,0.9933671,True
0342019042_h_00.wav_0_0.jpg,0.0,0.0,0.002443166,0.9975568,True
0342019046_h_00.wav_0_0.jpg,0.0,1.0,0.7414377,0.25856233,False
0342019048_h_00.wav_0_0.jpg,0.0,0.0,0.0038546475,0.99614537,True
0342019049_h_00.wav_0_0.jpg,0.0,1.0,0.99033546,0.0096645355,False
0342019051_h_00.wav_0_0.jpg,0.0,1.0,0.96043736,0.039562643,False
0342019055_h_00.wav_0_0.jpg,0.0,1.0,0.75383353,0.24616647,False
0342019060_h_00.wav_0_0.jpg,0.0,1.0,0.957761,0.04223901,False
0392042001_h_00.wav_0_0.jpg,0.0,1.0,0.8296732,0.17032683,False
0392042004_h_00.wav_0_0.jpg,0.0,0.0,0.009657935,0.9903421,True
0392042008_h_00.wav_0_0.jpg,0.0,1.0,0.5267884,0.4732116,False
0392042010_h_00.wav_0_0.jpg,0.0,0.0,0.0003913941,0.9996086,True
0392042010_h_00.wav_1_0.jpg,0.0,0.0,0.00805123,0.9919488,True
0392042010_h_00.wav_2_0.jpg,0.0,0.0,0.07247453,0.92752546,True
0392042012_h_00.wav_0_0.jpg,0.0,0.0,0.0023568626,0.9976431,True
0392042013_h_00.wav_0_0.jpg,0.0,1.0,0.9697492,0.030250788,False
0392042014_h_00.wav_0_0.jpg,0.0,1.0,0.9893448,0.010655224,False
0392042014_h_00.wav_1_0.jpg,0.0,0.0,0.45332897,0.54667103,True
0392042015_h_00.wav_0_0.jpg,0.0,0.0,0.16745503,0.832545,True
0392042019_h_00.wav_0_0.jpg,0.0,0.0,0.031396702,0.9686033,True
0392042020_h_00.wav_0_0.jpg,0.0,1.0,0.90564066,0.09435934,False
0392042023_h_00.wav_0_0.jpg,0.0,0.0,0.029235158,0.9707648,True
0392042024_h_00.wav_0_0.jpg,0.0,0.0,0.008310047,0.99169,True
0392042026_h_00.wav_0_0.jpg,0.0,0.0,0.05345646,0.9465435,True
0392042029_h_00.wav_0_0.jpg,0.0,0.0,0.0022727847,0.9977272,True
0392042030_h_00.wav_0_0.jpg,0.0,0.0,0.008968499,0.9910315,True
0392042030_h_00.wav_1_0.jpg,0.0,1.0,0.73144746,0.26855254,False
0392042031_h_00.wav_0_0.jpg,0.0,0.0,0.0020112072,0.9979888,True
0392042032_h_00.wav_0_0.jpg,0.0,0.0,0.033685736,0.96631426,True
0392042034_h_00.wav_0_0.jpg,0.0,0.0,0.24671888,0.7532811,True
0392042034_h_00.wav_1_0.jpg,0.0,1.0,0.8807321,0.11926788,False
0392042034_h_00.wav_2_0.jpg,0.0,0.0,0.0014627144,0.9985373,True
0392042034_h_00.wav_3_0.jpg,0.0,0.0,0.34653226,0.6534678,True
0392042036_h_00.wav_0_0.jpg,0.0,0.0,0.000589936,0.9994101,True
0392042038_h_00.wav_0_0.jpg,0.0,0.0,0.04103553,0.95896447,True
0392042038_h_00.wav_1_0.jpg,0.0,0.0,0.0020789574,0.99792105,True
0392042041_h_00.wav_0_0.jpg,0.0,0.0,0.032753497,0.96724653,True
0392042042_h_00.wav_0_0.jpg,0.0,0.0,0.00022423179,0.99977577,True
0392042046_h_00.wav_0_0.jpg,0.0,0.0,0.32944655,0.67055345,True
0392042048_h_00.wav_0_0.jpg,0.0,0.0,0.009789112,0.9902109,True
0392042049_h_00.wav_0_0.jpg,0.0,0.0,0.002290889,0.9977091,True
0392042051_h_00.wav_0_0.jpg,0.0,0.0,0.00041572834,0.99958426,True
0392042055_h_00.wav_0_0.jpg,0.0,0.0,0.07284933,0.92715067,True
0392042060_h_01.wav_0_0.jpg,0.0,1.0,0.989359,0.010640979,False
0502040001_h_00.wav_0_0.jpg,0.0,1.0,0.6491361,0.35086387,False
0502040004_h_00.wav_0_0.jpg,0.0,0.0,0.43406752,0.5659325,True
0502040008_h_00.wav_0_0.jpg,0.0,0.0,0.012108546,0.98789144,True
0502040010_h_00.wav_0_0.jpg,0.0,0.0,0.007919173,0.9920808,True
0502040012_h_00.wav_0_0.jpg,0.0,1.0,0.64001346,0.35998654,False
0502040013_h_00.wav_0_0.jpg,0.0,1.0,0.8244688,0.17553121,False
0502040014_h_00.wav_0_0.jpg,0.0,0.0,0.004914475,0.99508554,True
0502040015_h_00.wav_0_0.jpg,0.0,0.0,0.00068917725,0.99931085,True
0502040019_h_00.wav_0_0.jpg,0.0,1.0,0.9976084,0.0023915768,False
0502040020_h_00.wav_0_0.jpg,0.0,1.0,0.9997713,0.00022870302,False
0502040023_h_00.wav_0_0.jpg,0.0,0.0,0.017916186,0.9820838,True
0502040024_h_00.wav_0_0.jpg,0.0,1.0,0.9446053,0.05539471,False
0502040026_h_00.wav_0_0.jpg,0.0,1.0,0.5469817,0.4530183,False
0502040029_h_00.wav_0_0.jpg,0.0,0.0,0.050880134,0.94911987,True
0502040030_h_00.wav_0_0.jpg,0.0,0.0,0.020397013,0.979603,True
0502040030_h_00.wav_1_0.jpg,0.0,1.0,0.99075794,0.009242058,False
0502040031_h_00.wav_0_0.jpg,0.0,0.0,0.0023232056,0.9976768,True
0502040032_h_00.wav_0_0.jpg,0.0,1.0,0.9995802,0.0004197955,False
0502040034_h_00.wav_0_0.jpg,0.0,0.0,0.0055953907,0.9944046,True
0502040034_h_00.wav_1_0.jpg,0.0,0.0,0.012449964,0.98755,True
0502040034_h_00.wav_2_0.jpg,0.0,1.0,0.99948335,0.00051665306,False
0502040034_h_00.wav_3_0.jpg,0.0,1.0,0.8575661,0.14243388,False
0502040036_h_00.wav_0_0.jpg,0.0,0.0,0.023248773,0.9767512,True
0502040038_h_00.wav_0_0.jpg,0.0,0.0,0.040578064,0.95942193,True
0502040038_h_00.wav_1_0.jpg,0.0,1.0,0.9279764,0.07202357,False
0502040038_h_00.wav_2_0.jpg,0.0,0.0,0.0008774331,0.99912256,True
0502040041_h_00.wav_0_0.jpg,0.0,0.0,0.2103032,0.7896968,True
0502040042_h_00.wav_0_0.jpg,0.0,1.0,0.9554836,0.044516385,False
0502040046_h_00.wav_0_0.jpg,0.0,0.0,0.0014166085,0.9985834,True
0502040048_h_00.wav_0_0.jpg,0.0,0.0,0.0037093863,0.9962906,True
0502040049_h_00.wav_0_0.jpg,0.0,0.0,0.06652299,0.933477,True
0502040050_h_00.wav_0_0.jpg,0.0,0.0,0.0028709497,0.997129,True
0502040051_h_00.wav_0_0.jpg,0.0,0.0,0.00058517954,0.9994148,True
0502040055_h_00.wav_0_0.jpg,0.0,0.0,0.025764989,0.974235,True
0502040060_h_00.wav_0_0.jpg,0.0,1.0,0.77555764,0.22444236,False
0512066001_h_00.wav_0_0.jpg,0.0,0.0,0.007929144,0.99207085,True
0512066004_h_00.wav_0_0.jpg,0.0,1.0,0.9844748,0.015525222,False
0512066008_h_00.wav_0_0.jpg,0.0,0.0,0.026411384,0.9735886,True
0512066010_h_00.wav_0_0.jpg,0.0,0.0,0.0023996513,0.9976004,True
0512066010_h_00.wav_1_0.jpg,0.0,0.0,0.0042481315,0.99575186,True
0512066010_h_00.wav_2_0.jpg,0.0,1.0,0.76863515,0.23136485,False
0512066010_h_00.wav_3_0.jpg,0.0,0.0,0.3799853,0.62001467,True
0512066010_h_00.wav_4_0.jpg,0.0,1.0,0.9878056,0.012194395,False
0512066012_h_00.wav_0_0.jpg,0.0,0.0,0.4963176,0.5036824,True
0512066013_h_00.wav_0_0.jpg,0.0,0.0,0.06438532,0.9356147,True
0512066014_h_00.wav_0_0.jpg,0.0,1.0,0.5497687,0.4502313,False
0512066014_h_00.wav_1_0.jpg,0.0,0.0,0.033116918,0.96688306,True
0512066014_h_00.wav_2_0.jpg,0.0,0.0,6.50539e-06,0.9999935,True
0512066014_h_00.wav_3_0.jpg,0.0,0.0,0.03421407,0.9657859,True
0512066015_h_00.wav_0_0.jpg,0.0,0.0,0.00012317227,0.99987686,True
0512066019_h_00.wav_0_0.jpg,0.0,0.0,0.0013889967,0.99861103,True
0512066020_h_00.wav_0_0.jpg,0.0,0.0,0.022106415,0.9778936,True
0512066023_h_00.wav_0_0.jpg,0.0,0.0,0.064520754,0.9354792,True
0512066024_h_00.wav_0_0.jpg,0.0,1.0,0.66449517,0.33550483,False
0512066026_h_00.wav_0_0.jpg,0.0,0.0,0.07128554,0.92871445,True
0512066029_h_00.wav_0_0.jpg,0.0,0.0,0.018283488,0.9817165,True
0512066030_h_00.wav_0_0.jpg,0.0,0.0,0.04733033,0.9526697,True
0512066030_h_00.wav_1_0.jpg,0.0,0.0,0.002800991,0.997199,True
0512066031_h_00.wav_0_0.jpg,0.0,0.0,0.43052697,0.569473,True
0512066032_h_00.wav_0_0.jpg,0.0,0.0,0.001242776,0.99875724,True
0512066034_h_00.wav_0_0.jpg,0.0,0.0,0.0024173777,0.9975826,True
0512066034_h_00.wav_1_0.jpg,0.0,0.0,6.239483e-05,0.9999376,True
0512066034_h_00.wav_2_0.jpg,0.0,0.0,0.19554278,0.8044572,True
0512066034_h_00.wav_3_0.jpg,0.0,0.0,0.0020227008,0.9979773,True
0512066034_h_00.wav_4_0.jpg,0.0,0.0,9.645087e-06,0.99999034,True
0512066036_h_00.wav_0_0.jpg,0.0,1.0,0.98961407,0.010385931,False
0512066038_h_00.wav_0_0.jpg,0.0,0.0,0.1741711,0.8258289,True
0512066038_h_00.wav_1_0.jpg,0.0,0.0,0.047706146,0.9522939,True
0512066038_h_00.wav_2_0.jpg,0.0,0.0,0.0040444396,0.9959556,True
0512066041_h_00.wav_0_0.jpg,0.0,1.0,0.64087206,0.35912794,False
0512066042_h_00.wav_0_0.jpg,0.0,0.0,0.4405008,0.5594992,True
0512066046_h_00.wav_0_0.jpg,0.0,0.0,0.045354303,0.9546457,True
0512066048_h_00.wav_0_0.jpg,0.0,0.0,0.06297244,0.9370276,True
0512066049_h_00.wav_0_0.jpg,0.0,1.0,0.9863486,0.013651371,False
0512066050_h_00.wav_0_0.jpg,0.0,0.0,0.010826095,0.9891739,True
0512066051_h_00.wav_0_0.jpg,0.0,0.0,0.0037512989,0.9962487,True
0512066055_h_00.wav_0_0.jpg,0.0,0.0,0.059767455,0.9402325,True
0512066059_h_00.wav_0_0.jpg,0.0,0.0,0.0046077897,0.9953922,True
0512066060_h_00.wav_0_0.jpg,0.0,0.0,7.458133e-05,0.99992543,True
0552045001_h_00.wav_0_0.jpg,0.0,0.0,0.09506149,0.9049385,True
0552045004_h_00.wav_0_0.jpg,0.0,1.0,0.99942076,0.00057923794,False
0552045008_h_00.wav_0_0.jpg,0.0,0.0,0.00084434147,0.99915564,True
0552045010_h_00.wav_0_0.jpg,0.0,0.0,0.0010857763,0.99891424,True
0552045010_h_00.wav_1_0.jpg,0.0,0.0,0.24227805,0.75772196,True
0552045012_h_00.wav_0_0.jpg,0.0,0.0,0.010440587,0.9895594,True
0552045013_h_00.wav_0_0.jpg,0.0,0.0,0.09834208,0.90165794,True
0552045014_h_00.wav_0_0.jpg,0.0,0.0,0.029594995,0.970405,True
0552045014_h_00.wav_1_0.jpg,0.0,1.0,0.9541949,0.045805097,False
0552045014_h_00.wav_2_0.jpg,0.0,1.0,0.94780695,0.052193046,False
0552045014_h_00.wav_3_0.jpg,0.0,0.0,0.0013999883,0.9986,True
0552045015_h_00.wav_0_0.jpg,0.0,0.0,0.017961482,0.9820385,True
0552045019_h_00.wav_0_0.jpg,0.0,1.0,0.96553516,0.034464836,False
0552045020_h_00.wav_0_0.jpg,0.0,0.0,0.087437645,0.9125624,True
0552045023_h_00.wav_0_0.jpg,0.0,0.0,0.0077527375,0.9922473,True
0552045024_h_00.wav_0_0.jpg,0.0,1.0,0.9709759,0.029024124,False
0552045026_h_00.wav_0_0.jpg,0.0,0.0,0.022261554,0.97773844,True
0552045029_h_00.wav_0_0.jpg,0.0,0.0,0.08651558,0.9134844,True
0552045030_h_00.wav_0_0.jpg,0.0,0.0,0.12147043,0.87852955,True
0552045030_h_00.wav_1_0.jpg,0.0,1.0,0.6788191,0.32118088,False
0552045031_h_00.wav_0_0.jpg,0.0,1.0,0.7694316,0.23056841,False
0552045032_h_00.wav_0_0.jpg,0.0,0.0,0.031186085,0.9688139,True
0552045034_h_00.wav_0_0.jpg,0.0,0.0,0.17926125,0.82073873,True
0552045034_h_00.wav_1_0.jpg,0.0,0.0,0.04779113,0.9522089,True
0552045034_h_00.wav_2_0.jpg,0.0,0.0,0.45768493,0.54231507,True
0552045034_h_00.wav_3_0.jpg,0.0,0.0,0.00956625,0.99043375,True
0552045036_h_00.wav_0_0.jpg,0.0,1.0,0.9995053,0.00049471855,False
0552045038_h_00.wav_0_0.jpg,0.0,0.0,0.08040221,0.9195978,True
0552045038_h_00.wav_1_0.jpg,0.0,0.0,0.20851287,0.7914871,True
0552045041_h_00.wav_0_0.jpg,0.0,0.0,0.004061463,0.99593854,True
0552045042_h_00.wav_0_0.jpg,0.0,0.0,0.044282813,0.9557172,True
0552045046_h_00.wav_0_0.jpg,0.0,0.0,0.0016391386,0.9983609,True
0552045048_h_00.wav_0_0.jpg,0.0,0.0,0.38250157,0.6174984,True
0552045049_h_00.wav_0_0.jpg,0.0,0.0,0.0014785067,0.9985215,True
0552045050_h_00.wav_0_0.jpg,0.0,0.0,0.08558068,0.9144193,True
0552045051_h_00.wav_0_0.jpg,0.0,0.0,0.004275857,0.99572414,True
0552045055_h_00.wav_0_0.jpg,0.0,0.0,0.054293085,0.9457069,True
0552045060_h_00.wav_0_0.jpg,0.0,1.0,0.9200715,0.07992852,False
0582051001_h_00.wav_0_0.jpg,0.0,1.0,0.9998412,0.00015878677,False
0582051004_h_00.wav_0_0.jpg,0.0,1.0,0.8743491,0.12565088,False
0582051008_h_00.wav_0_0.jpg,0.0,1.0,0.8512679,0.14873213,False
0582051010_h_00.wav_0_0.jpg,0.0,1.0,0.7865883,0.21341169,False
0582051010_h_00.wav_1_0.jpg,0.0,1.0,0.93265057,0.067349434,False
0582051010_h_00.wav_2_0.jpg,0.0,1.0,0.93450236,0.06549764,False
0582051012_h_00.wav_0_0.jpg,0.0,0.0,0.2065629,0.7934371,True
0582051013_h_00.wav_0_0.jpg,0.0,1.0,0.82298315,0.17701685,False
0582051014_h_00.wav_0_0.jpg,0.0,0.0,0.005560926,0.99443907,True
0582051015_h_00.wav_0_0.jpg,0.0,0.0,0.12410059,0.87589943,True
0582051019_h_00.wav_0_0.jpg,0.0,0.0,0.026144383,0.9738556,True
0582051020_h_00.wav_0_0.jpg,0.0,1.0,0.76737094,0.23262906,False
0582051023_h_00.wav_0_0.jpg,0.0,0.0,0.18796521,0.8120348,True
0582051024_h_00.wav_0_0.jpg,0.0,1.0,0.98705983,0.012940168,False
0582051026_h_00.wav_0_0.jpg,0.0,1.0,0.6166067,0.3833933,False
0582051029_h_00.wav_0_0.jpg,0.0,1.0,0.8506735,0.1493265,False
0582051030_h_00.wav_0_0.jpg,0.0,1.0,0.9878628,0.012137175,False
0582051030_h_00.wav_1_0.jpg,0.0,1.0,0.99991703,8.2969666e-05,False
0582051031_h_00.wav_0_0.jpg,0.0,1.0,0.7472597,0.25274032,False
0582051032_h_00.wav_0_0.jpg,0.0,1.0,0.9780661,0.021933913,False
0582051034_h_00.wav_0_0.jpg,0.0,1.0,0.98344064,0.016559362,False
0582051034_h_00.wav_1_0.jpg,0.0,0.0,0.09583068,0.9041693,True
0582051034_h_00.wav_2_0.jpg,0.0,0.0,0.0402206,0.9597794,True
0582051034_h_00.wav_3_0.jpg,0.0,1.0,0.985261,0.014738977,False
0582051034_h_00.wav_4_0.jpg,0.0,1.0,0.9957632,0.0042368174,False
0582051036_h_00.wav_0_0.jpg,0.0,1.0,0.9972373,0.0027626753,False
0582051038_h_00.wav_0_0.jpg,0.0,1.0,0.985932,0.0140680075,False
0582051038_h_00.wav_1_0.jpg,0.0,1.0,0.9988343,0.001165688,False
0582051041_h_00.wav_0_0.jpg,0.0,0.0,0.009414915,0.9905851,True
0582051042_h_00.wav_0_0.jpg,0.0,1.0,0.9998136,0.00018638372,False
0582051046_h_00.wav_0_0.jpg,0.0,0.0,0.3034579,0.69654214,True
0582051049_h_00.wav_0_0.jpg,0.0,1.0,0.9625809,0.03741908,False
0582051050_h_00.wav_0_0.jpg,0.0,0.0,0.007952178,0.99204785,True
0582051051_h_00.wav_0_0.jpg,0.0,0.0,0.0007432855,0.99925673,True
0582051055_h_00.wav_0_0.jpg,0.0,1.0,0.9571421,0.042857885,False
0582051060_h_01.wav_0_0.jpg,0.0,1.0,0.99916494,0.0008350611,False
0652050001_h_00.wav_0_0.jpg,0.0,1.0,0.99852896,0.0014710426,False
0652050004_h_00.wav_0_0.jpg,0.0,1.0,0.9902604,0.009739578,False
0652050008_h_00.wav_0_0.jpg,0.0,1.0,0.85334563,0.14665437,False
0652050010_h_00.wav_0_0.jpg,0.0,1.0,0.999542,0.0004580021,False
0652050010_h_00.wav_1_0.jpg,0.0,1.0,0.9085934,0.091406584,False
0652050010_h_00.wav_2_0.jpg,0.0,1.0,0.9918554,0.008144617,False
0652050010_h_00.wav_3_0.jpg,0.0,0.0,0.088778295,0.9112217,True
0652050010_h_00.wav_4_0.jpg,0.0,0.0,0.061816696,0.9381833,True
0652050012_h_00.wav_0_0.jpg,0.0,0.0,0.24391563,0.7560844,True
0652050013_h_00.wav_0_0.jpg,0.0,1.0,0.9997409,0.0002591014,False
0652050014_h_00.wav_0_0.jpg,0.0,0.0,0.26535803,0.73464197,True
0652050014_h_00.wav_1_0.jpg,0.0,1.0,0.9990834,0.0009166002,False
0652050014_h_00.wav_2_0.jpg,0.0,0.0,0.050979465,0.9490205,True
0652050015_h_00.wav_0_0.jpg,0.0,0.0,0.0010410736,0.99895895,True
0652050019_h_00.wav_0_0.jpg,0.0,1.0,0.9880937,0.011906326,False
0652050020_h_00.wav_0_0.jpg,0.0,1.0,0.7713624,0.22863758,False
0652050023_h_00.wav_0_0.jpg,0.0,0.0,0.057602756,0.94239724,True
0652050024_h_00.wav_0_0.jpg,0.0,1.0,0.98443687,0.01556313,False
0652050026_h_00.wav_0_0.jpg,0.0,1.0,0.9999145,8.547306e-05,False
0652050029_h_00.wav_0_0.jpg,0.0,0.0,0.195951,0.804049,True
0652050030_h_00.wav_0_0.jpg,0.0,1.0,0.98952407,0.010475934,False
0652050030_h_00.wav_1_0.jpg,0.0,0.0,0.19885999,0.80114,True
0652050030_h_00.wav_2_0.jpg,0.0,0.0,0.15605575,0.84394425,True
0652050030_h_00.wav_3_0.jpg,0.0,1.0,0.989032,0.0109680295,False
0652050030_h_00.wav_4_0.jpg,0.0,0.0,0.49327552,0.5067245,True
0652050031_h_00.wav_0_0.jpg,0.0,1.0,0.7331839,0.26681608,False
0652050032_h_00.wav_0_0.jpg,0.0,1.0,0.8602063,0.1397937,False
0652050034_h_00.wav_0_0.jpg,0.0,0.0,0.060055096,0.9399449,True
0652050034_h_00.wav_1_0.jpg,0.0,1.0,0.9985447,0.001455307,False
0652050034_h_00.wav_2_0.jpg,0.0,1.0,0.59582573,0.40417427,False
0652050034_h_00.wav_3_0.jpg,0.0,0.0,0.018830134,0.9811699,True
0652050034_h_00.wav_4_0.jpg,0.0,0.0,0.00348435,0.99651563,True
0652050036_h_00.wav_0_0.jpg,0.0,0.0,0.009298712,0.9907013,True
0652050038_h_00.wav_0_0.jpg,0.0,1.0,0.9848145,0.015185475,False
0652050038_h_00.wav_1_0.jpg,0.0,1.0,0.99971086,0.00028914213,False
0652050038_h_00.wav_2_0.jpg,0.0,1.0,0.98693395,0.013066053,False
0652050038_h_00.wav_3_0.jpg,0.0,1.0,0.96639633,0.03360367,False
0652050041_h_00.wav_0_0.jpg,0.0,1.0,0.9427166,0.0572834,False
0652050042_h_00.wav_0_0.jpg,0.0,1.0,0.9996151,0.0003849268,False
0652050046_h_00.wav_0_0.jpg,0.0,0.0,0.2415097,0.7584903,True
0652050048_h_00.wav_0_0.jpg,0.0,0.0,0.07358473,0.92641526,True
0652050049_h_00.wav_0_0.jpg,0.0,0.0,0.27935162,0.7206484,True
0652050050_h_00.wav_0_0.jpg,0.0,1.0,0.9955478,0.0044522285,False
0652050051_h_00.wav_0_0.jpg,0.0,1.0,0.595717,0.404283,False
0652050055_h_00.wav_0_0.jpg,0.0,0.0,0.1457178,0.8542822,True
0652050059_h_00.wav_0_0.jpg,0.0,0.0,0.016191855,0.98380816,True
0652050060_h_00.wav_0_0.jpg,0.0,0.0,0.056793936,0.9432061,True
0702064001_h_00.wav_0_0.jpg,0.0,0.0,0.017735867,0.98226416,True
0702064004_h_00.wav_0_0.jpg,0.0,0.0,0.002663151,0.99733686,True
0702064008_h_00.wav_0_0.jpg,0.0,0.0,0.076841414,0.9231586,True
0702064010_h_00.wav_0_0.jpg,0.0,0.0,0.00033786957,0.9996621,True
0702064010_h_00.wav_1_0.jpg,0.0,0.0,0.0016679276,0.9983321,True
0702064012_h_00.wav_0_0.jpg,0.0,0.0,0.40111017,0.5988898,True
0702064013_h_00.wav_0_0.jpg,0.0,0.0,0.06121538,0.9387846,True
0702064014_h_00.wav_0_0.jpg,0.0,0.0,0.00040492477,0.99959505,True
0702064014_h_00.wav_1_0.jpg,0.0,0.0,0.00032114587,0.99967885,True
0702064015_h_00.wav_0_0.jpg,0.0,0.0,0.00058748084,0.99941254,True
0702064019_h_00.wav_0_0.jpg,0.0,1.0,0.99491477,0.00508523,False
0702064020_h_00.wav_0_0.jpg,0.0,0.0,0.0032774266,0.9967226,True
0702064023_h_00.wav_0_0.jpg,0.0,0.0,0.018433884,0.98156613,True
0702064024_h_00.wav_0_0.jpg,0.0,1.0,0.974836,0.025164008,False
0702064026_h_00.wav_0_0.jpg,0.0,1.0,0.99818975,0.0018102527,False
0702064029_h_00.wav_0_0.jpg,0.0,0.0,0.0071638874,0.9928361,True
0702064030_h_00.wav_0_0.jpg,0.0,0.0,0.0311811,0.9688189,True
0702064030_h_00.wav_1_0.jpg,0.0,1.0,0.6112837,0.38871628,False
0702064030_h_00.wav_2_0.jpg,0.0,0.0,0.10029727,0.8997027,True
0702064031_h_00.wav_0_0.jpg,0.0,0.0,0.0014054077,0.9985946,True
0702064032_h_00.wav_0_0.jpg,0.0,1.0,0.99840087,0.001599133,False
0702064034_h_00.wav_0_0.jpg,0.0,0.0,0.07822851,0.92177147,True
0702064034_h_00.wav_1_0.jpg,0.0,0.0,2.5955773e-05,0.9999741,True
0702064034_h_00.wav_2_0.jpg,0.0,0.0,0.0024832096,0.9975168,True
0702064034_h_00.wav_3_0.jpg,0.0,0.0,0.0004991897,0.9995008,True
0702064034_h_00.wav_4_0.jpg,0.0,1.0,0.9832622,0.016737819,False
0702064036_h_00.wav_0_0.jpg,0.0,0.0,0.20096913,0.7990309,True
0702064038_h_00.wav_0_0.jpg,0.0,0.0,0.15330316,0.84669685,True
0702064038_h_00.wav_1_0.jpg,0.0,0.0,3.061901e-05,0.99996936,True
0702064038_h_00.wav_2_0.jpg,0.0,0.0,0.056309313,0.94369066,True
0702064041_h_00.wav_0_0.jpg,0.0,0.0,0.001208723,0.9987913,True
0702064042_h_00.wav_0_0.jpg,0.0,0.0,0.012017967,0.98798203,True
0702064046_h_00.wav_0_0.jpg,0.0,0.0,0.0031759434,0.9968241,True
0702064048_h_00.wav_0_0.jpg,0.0,0.0,0.0031636206,0.99683636,True
0702064049_h_00.wav_0_0.jpg,0.0,0.0,0.0038971745,0.9961028,True
0702064051_h_00.wav_0_0.jpg,0.0,0.0,0.0028083513,0.99719167,True
0702064055_h_00.wav_0_0.jpg,0.0,0.0,0.018730426,0.9812696,True
0702064060_h_00.wav_0_0.jpg,0.0,1.0,0.998395,0.0016049743,False
0722056001_h_00.wav_0_0.jpg,0.0,0.0,0.004551051,0.99544895,True
0722056004_h_00.wav_0_0.jpg,0.0,1.0,0.77503663,0.22496337,False
0722056008_h_00.wav_0_0.jpg,0.0,1.0,0.99965346,0.0003465414,False
0722056010_h_00.wav_0_0.jpg,0.0,0.0,0.0035383957,0.99646163,True
0722056010_h_00.wav_1_0.jpg,0.0,0.0,0.0005458239,0.9994542,True
0722056012_h_00.wav_0_0.jpg,0.0,0.0,0.07367677,0.92632324,True
0722056013_h_00.wav_0_0.jpg,0.0,1.0,0.95821553,0.041784465,False
0722056014_h_00.wav_0_0.jpg,0.0,0.0,0.0001849841,0.999815,True
0722056015_h_00.wav_0_0.jpg,0.0,0.0,0.012320563,0.9876794,True
0722056019_h_00.wav_0_0.jpg,0.0,1.0,0.83652717,0.16347283,False
0722056020_h_00.wav_0_0.jpg,0.0,1.0,0.78968966,0.21031034,False
0722056023_h_00.wav_0_0.jpg,0.0,0.0,0.00015950805,0.9998405,True
0722056024_h_00.wav_0_0.jpg,0.0,0.0,0.14898793,0.85101205,True
0722056026_h_00.wav_0_0.jpg,0.0,1.0,0.99836105,0.0016389489,False
0722056029_h_00.wav_0_0.jpg,0.0,0.0,0.014107198,0.9858928,True
0722056030_h_00.wav_0_0.jpg,0.0,0.0,0.000112400325,0.9998876,True
0722056030_h_00.wav_1_0.jpg,0.0,0.0,0.00036272453,0.99963725,True
0722056031_h_00.wav_0_0.jpg,0.0,1.0,0.8582373,0.14176267,False
0722056032_h_00.wav_0_0.jpg,0.0,0.0,0.0029406196,0.9970594,True
0722056034_h_00.wav_0_0.jpg,0.0,0.0,0.07388808,0.92611194,True
0722056034_h_00.wav_1_0.jpg,0.0,0.0,0.20665002,0.79335,True
0722056034_h_00.wav_2_0.jpg,0.0,1.0,0.99706703,0.0029329658,False
0722056034_h_00.wav_3_0.jpg,0.0,0.0,0.06127905,0.93872094,True
0722056034_h_00.wav_4_0.jpg,0.0,1.0,0.8006963,0.19930369,False
0722056036_h_00.wav_0_0.jpg,0.0,0.0,0.10127128,0.8987287,True
0722056038_h_00.wav_0_0.jpg,0.0,0.0,0.0007038943,0.9992961,True
0722056038_h_00.wav_1_0.jpg,0.0,0.0,0.020278849,0.9797211,True
0722056041_h_00.wav_0_0.jpg,0.0,0.0,0.22979172,0.7702083,True
0722056042_h_00.wav_0_0.jpg,0.0,0.0,0.008707123,0.9912929,True
0722056046_h_00.wav_0_0.jpg,0.0,0.0,0.04940812,0.95059186,True
0722056048_h_00.wav_0_0.jpg,0.0,0.0,0.2888347,0.7111653,True
0722056049_h_00.wav_0_0.jpg,0.0,0.0,0.16033937,0.83966064,True
0722056050_h_00.wav_0_0.jpg,0.0,1.0,0.9301851,0.06981492,False
0722056051_h_00.wav_0_0.jpg,0.0,1.0,0.79036707,0.20963293,False
0722056055_h_00.wav_0_0.jpg,0.0,0.0,0.12060405,0.87939596,True
0722056060_h_00.wav_0_0.jpg,0.0,0.0,0.009379241,0.99062073,True
0732069001_h_00.wav_0_0.jpg,0.0,0.0,0.025158426,0.9748416,True
0732069004_h_00.wav_0_0.jpg,0.0,0.0,0.022221206,0.9777788,True
0732069008_h_00.wav_0_0.jpg,0.0,0.0,0.02996566,0.97003436,True
0732069010_h_00.wav_0_0.jpg,0.0,0.0,0.18409006,0.8159099,True
0732069010_h_00.wav_1_0.jpg,0.0,0.0,0.0041963495,0.99580365,True
0732069010_h_00.wav_2_0.jpg,0.0,0.0,0.004191274,0.9958087,True
0732069010_h_00.wav_3_0.jpg,0.0,0.0,0.0021295322,0.99787045,True
0732069012_h_00.wav_0_0.jpg,0.0,0.0,0.49927893,0.5007211,True
0732069013_h_00.wav_0_0.jpg,0.0,0.0,0.0031361727,0.99686384,True
0732069014_h_00.wav_0_0.jpg,0.0,0.0,0.0002138227,0.9997862,True
0732069015_h_00.wav_0_0.jpg,0.0,0.0,0.4819358,0.5180642,True
0732069019_h_00.wav_0_0.jpg,0.0,0.0,0.08797301,0.912027,True
0732069020_h_00.wav_0_0.jpg,0.0,0.0,0.03566776,0.9643322,True
0732069023_h_00.wav_0_0.jpg,0.0,0.0,0.0007648771,0.9992351,True
0732069024_h_00.wav_0_0.jpg,0.0,0.0,0.43936205,0.56063795,True
0732069026_h_00.wav_0_0.jpg,0.0,1.0,0.7015795,0.2984205,False
0732069029_h_00.wav_0_0.jpg,0.0,0.0,0.13729584,0.86270416,True
0732069030_h_00.wav_0_0.jpg,0.0,0.0,0.004243813,0.9957562,True
0732069030_h_00.wav_1_0.jpg,0.0,0.0,4.6880043e-05,0.9999531,True
0732069030_h_00.wav_2_0.jpg,0.0,0.0,0.00095753476,0.99904245,True
0732069031_h_00.wav_0_0.jpg,0.0,1.0,0.7674994,0.23250061,False
0732069032_h_00.wav_0_0.jpg,0.0,0.0,0.001085448,0.99891454,True
0732069034_h_00.wav_0_0.jpg,0.0,0.0,2.9398518e-05,0.9999706,True
0732069034_h_00.wav_1_0.jpg,0.0,0.0,3.606144e-05,0.99996394,True
0732069034_h_00.wav_2_0.jpg,0.0,0.0,8.62282e-05,0.99991375,True
0732069034_h_00.wav_3_0.jpg,0.0,0.0,0.01472992,0.9852701,True
0732069036_h_00.wav_0_0.jpg,0.0,1.0,0.744253,0.25574702,False
0732069038_h_00.wav_0_0.jpg,0.0,0.0,0.07516899,0.92483103,True
0732069038_h_00.wav_1_0.jpg,0.0,0.0,0.00013896236,0.99986106,True
0732069041_h_00.wav_0_0.jpg,0.0,0.0,0.0012580599,0.9987419,True
0732069042_h_00.wav_0_0.jpg,0.0,1.0,0.99769247,0.0023075342,False
0732069042_h_00.wav_1_0.jpg,0.0,0.0,0.21648803,0.783512,True
0732069046_h_00.wav_0_0.jpg,0.0,0.0,0.1456939,0.8543061,True
0732069048_h_00.wav_0_0.jpg,0.0,1.0,0.97954476,0.020455241,False
0732069049_h_00.wav_0_0.jpg,0.0,1.0,0.99631304,0.0036869645,False
0732069051_h_00.wav_0_0.jpg,0.0,0.0,0.00071992737,0.9992801,True
0732069055_h_00.wav_0_0.jpg,0.0,0.0,0.41470864,0.5852914,True
0732069060_h_00.wav_0_0.jpg,0.0,0.0,0.00064979016,0.9993502,True
0742058001_h_00.wav_0_0.jpg,0.0,1.0,0.9990114,0.0009886026,False
0742058004_h_00.wav_0_0.jpg,0.0,0.0,0.03133774,0.96866226,True
0742058008_h_00.wav_0_0.jpg,0.0,1.0,0.9997216,0.0002784133,False
0742058010_h_00.wav_0_0.jpg,0.0,1.0,0.99217904,0.007820964,False
0742058010_h_00.wav_1_0.jpg,0.0,0.0,0.0045672343,0.9954328,True
0742058010_h_00.wav_2_0.jpg,0.0,1.0,0.9942993,0.0057007074,False
0742058012_h_00.wav_0_0.jpg,0.0,0.0,0.022201948,0.97779804,True
0742058013_h_00.wav_0_0.jpg,0.0,0.0,0.20574994,0.7942501,True
0742058014_h_00.wav_0_0.jpg,0.0,1.0,0.749922,0.25007802,False
0742058014_h_00.wav_1_0.jpg,0.0,0.0,0.41507244,0.58492756,True
0742058015_h_00.wav_0_0.jpg,0.0,1.0,0.9372056,0.06279439,False
0742058019_h_00.wav_0_0.jpg,0.0,1.0,0.8853467,0.11465329,False
0742058020_h_00.wav_0_0.jpg,0.0,1.0,0.98213184,0.017868161,False
0742058023_h_00.wav_0_0.jpg,0.0,0.0,0.021931432,0.9780686,True
0742058024_h_00.wav_0_0.jpg,0.0,1.0,0.6966441,0.30335587,False
0742058026_h_00.wav_0_0.jpg,0.0,1.0,0.98451823,0.01548177,False
0742058029_h_00.wav_0_0.jpg,0.0,0.0,0.22405168,0.7759483,True
0742058030_h_00.wav_0_0.jpg,0.0,0.0,0.4524463,0.54755366,True
0742058030_h_00.wav_1_0.jpg,0.0,1.0,0.9951043,0.004895687,False
0742058030_h_00.wav_2_0.jpg,0.0,0.0,0.03041046,0.96958953,True
0742058031_h_00.wav_0_0.jpg,0.0,0.0,0.022494318,0.9775057,True
0742058032_h_00.wav_0_0.jpg,0.0,1.0,0.99947006,0.0005299449,False
0742058034_h_00.wav_0_0.jpg,0.0,1.0,0.97147655,0.028523445,False
0742058034_h_00.wav_1_0.jpg,0.0,1.0,0.6588112,0.3411888,False
0742058034_h_00.wav_2_0.jpg,0.0,0.0,0.4388565,0.5611435,True
0742058034_h_00.wav_3_0.jpg,0.0,1.0,0.5167294,0.4832706,False
0742058034_h_00.wav_4_0.jpg,0.0,1.0,0.9085317,0.091468275,False
0742058036_h_00.wav_0_0.jpg,0.0,1.0,0.97281975,0.027180254,False
0742058038_h_00.wav_0_0.jpg,0.0,1.0,0.9116492,0.08835077,False
0742058038_h_00.wav_1_0.jpg,0.0,0.0,0.044908095,0.9550919,True
0742058038_h_00.wav_2_0.jpg,0.0,1.0,0.9984627,0.001537323,False
0742058041_h_00.wav_0_0.jpg,0.0,0.0,0.056865424,0.94313455,True
0742058042_h_00.wav_0_0.jpg,0.0,0.0,0.0906552,0.9093448,True
0742058046_h_00.wav_0_0.jpg,0.0,0.0,0.0031579202,0.9968421,True
0742058048_h_01.wav_0_0.jpg,0.0,0.0,0.030915985,0.969084,True
0742058049_h_00.wav_0_0.jpg,0.0,0.0,0.092438914,0.90756106,True
0742058050_h_00.wav_0_0.jpg,0.0,0.0,0.21670271,0.7832973,True
0742058051_h_00.wav_0_0.jpg,0.0,0.0,0.002023787,0.9979762,True
0742058055_h_00.wav_0_0.jpg,0.0,0.0,0.004189877,0.99581015,True
0742058059_h_00.wav_0_0.jpg,0.0,0.0,0.1996349,0.8003651,True
0742058060_h_01.wav_0_0.jpg,0.0,1.0,0.9636949,0.03630513,False
0772060001_h_00.wav_0_0.jpg,0.0,0.0,0.0014524057,0.9985476,True
0772060004_h_00.wav_0_0.jpg,0.0,0.0,0.000417795,0.99958223,True
0772060008_h_00.wav_0_0.jpg,0.0,0.0,0.0029809747,0.99701905,True
0772060010_h_00.wav_0_0.jpg,0.0,0.0,2.2760762e-05,0.99997723,True
0772060010_h_00.wav_1_0.jpg,0.0,0.0,0.009815362,0.99018466,True
0772060010_h_00.wav_2_0.jpg,0.0,0.0,0.027966497,0.9720335,True
0772060012_h_00.wav_0_0.jpg,0.0,0.0,0.00018148245,0.9998185,True
0772060013_h_00.wav_0_0.jpg,0.0,0.0,0.060471747,0.9395282,True
0772060014_h_01.wav_0_0.jpg,0.0,1.0,0.5850084,0.41499162,False
0772060014_h_01.wav_1_0.jpg,0.0,0.0,0.03160487,0.9683951,True
0772060015_h_00.wav_0_0.jpg,0.0,0.0,0.0017261707,0.99827385,True
0772060019_h_00.wav_0_0.jpg,0.0,0.0,0.0016541114,0.9983459,True
0772060020_h_00.wav_0_0.jpg,0.0,0.0,0.00073131034,0.9992687,True
0772060023_h_00.wav_0_0.jpg,0.0,1.0,0.65254706,0.34745294,False
0772060024_h_00.wav_0_0.jpg,0.0,0.0,0.0025185917,0.9974814,True
0772060026_h_00.wav_0_0.jpg,0.0,0.0,0.012497129,0.9875029,True
0772060029_h_00.wav_0_0.jpg,0.0,0.0,0.003740657,0.99625933,True
0772060030_h_00.wav_0_0.jpg,0.0,0.0,0.03593499,0.964065,True
0772060030_h_00.wav_1_0.jpg,0.0,0.0,5.4425436e-05,0.9999456,True
0772060030_h_00.wav_2_0.jpg,0.0,0.0,0.05644124,0.94355875,True
0772060031_h_00.wav_0_0.jpg,0.0,1.0,0.9366578,0.06334221,False
0772060032_h_00.wav_0_0.jpg,0.0,0.0,0.27621347,0.72378653,True
0772060034_h_00.wav_0_0.jpg,0.0,0.0,0.031794112,0.96820587,True
0772060034_h_00.wav_1_0.jpg,0.0,1.0,0.9929311,0.0070688725,False
0772060034_h_00.wav_2_0.jpg,0.0,0.0,0.0022953418,0.9977047,True
0772060034_h_00.wav_3_0.jpg,0.0,1.0,0.9543472,0.045652807,False
0772060034_h_00.wav_4_0.jpg,0.0,0.0,0.0060845516,0.99391544,True
0772060036_h_00.wav_0_0.jpg,0.0,1.0,0.80899966,0.19100034,False
0772060038_h_00.wav_0_0.jpg,0.0,0.0,0.00040698028,0.999593,True
0772060038_h_00.wav_1_0.jpg,0.0,1.0,0.7972473,0.20275271,False
0772060041_h_00.wav_0_0.jpg,0.0,0.0,0.42492235,0.57507765,True
0772060042_h_00.wav_0_0.jpg,0.0,0.0,0.018989345,0.9810107,True
0772060046_h_00.wav_0_0.jpg,0.0,0.0,0.02494306,0.97505695,True
0772060048_h_00.wav_0_0.jpg,0.0,0.0,0.0035927063,0.9964073,True
0772060049_h_00.wav_0_0.jpg,0.0,0.0,0.1399524,0.8600476,True
0772060050_h_00.wav_0_0.jpg,0.0,1.0,0.9714126,0.0285874,False
0772060051_h_00.wav_0_0.jpg,0.0,0.0,0.0688984,0.9311016,True
0772060055_h_00.wav_0_0.jpg,0.0,0.0,0.015905451,0.98409456,True
0772060059_h_00.wav_0_0.jpg,0.0,0.0,0.0023397964,0.9976602,True
0772060060_h_00.wav_0_0.jpg,0.0,0.0,0.020301152,0.97969884,True
0882073001_h_00.wav_0_0.jpg,0.0,1.0,0.99570185,0.0042981505,False
0882073004_h_00.wav_0_0.jpg,0.0,1.0,0.9983429,0.0016571283,False
0882073008_h_00.wav_0_0.jpg,0.0,0.0,0.01266102,0.98733896,True
0882073010_h_00.wav_0_0.jpg,0.0,0.0,0.00016882474,0.9998312,True
0882073010_h_00.wav_1_0.jpg,0.0,0.0,0.08471637,0.9152836,True
0882073010_h_00.wav_2_0.jpg,0.0,0.0,4.4663262e-05,0.99995536,True
0882073010_h_00.wav_3_0.jpg,0.0,1.0,0.94700944,0.052990556,False
0882073012_h_00.wav_0_0.jpg,0.0,0.0,0.13978955,0.8602104,True
0882073013_h_00.wav_0_0.jpg,0.0,0.0,0.029364325,0.97063565,True
0882073014_h_00.wav_0_0.jpg,0.0,0.0,0.0009860595,0.99901396,True
0882073014_h_00.wav_1_0.jpg,0.0,0.0,0.00046205378,0.99953794,True
0882073014_h_00.wav_2_0.jpg,0.0,0.0,0.0008630801,0.9991369,True
0882073014_h_00.wav_3_0.jpg,0.0,1.0,0.5199466,0.48005342,False
0882073015_h_00.wav_0_0.jpg,0.0,0.0,0.0011805131,0.9988195,True
0882073019_h_00.wav_0_0.jpg,0.0,1.0,0.7979882,0.20201182,False
0882073020_h_00.wav_0_0.jpg,0.0,0.0,0.0003414138,0.9996586,True
0882073023_h_00.wav_0_0.jpg,0.0,0.0,1.7230965e-05,0.9999828,True
0882073024_h_00.wav_0_0.jpg,0.0,0.0,0.004729222,0.9952708,True
0882073026_h_00.wav_0_0.jpg,0.0,1.0,0.8498176,0.15018243,False
0882073029_h_00.wav_0_0.jpg,0.0,0.0,0.00017259376,0.9998274,True
0882073030_h_00.wav_0_0.jpg,0.0,0.0,0.0011750824,0.9988249,True
0882073030_h_00.wav_1_0.jpg,0.0,0.0,0.0006298438,0.99937016,True
0882073030_h_00.wav_2_0.jpg,0.0,0.0,0.00021924253,0.9997808,True
0882073031_h_00.wav_0_0.jpg,0.0,0.0,0.0005888829,0.9994111,True
0882073032_h_00.wav_0_0.jpg,0.0,0.0,0.03419266,0.9658073,True
0882073034_h_00.wav_0_0.jpg,0.0,0.0,2.196172e-05,0.99997807,True
0882073034_h_00.wav_1_0.jpg,0.0,0.0,1.3952264e-06,0.9999986,True
0882073034_h_00.wav_2_0.jpg,0.0,0.0,4.163277e-05,0.9999584,True
0882073034_h_00.wav_3_0.jpg,0.0,0.0,0.00072805415,0.9992719,True
0882073034_h_00.wav_4_0.jpg,0.0,0.0,3.2407614e-05,0.9999676,True
0882073036_h_00.wav_0_0.jpg,0.0,1.0,0.9683842,0.031615794,False
0882073038_h_00.wav_0_0.jpg,0.0,0.0,0.0006216312,0.9993784,True
0882073038_h_00.wav_1_0.jpg,0.0,0.0,0.0006009567,0.99939907,True
0882073038_h_00.wav_2_0.jpg,0.0,0.0,0.00048492488,0.99951506,True
0882073041_h_00.wav_0_0.jpg,0.0,0.0,0.043928403,0.9560716,True
0882073042_h_00.wav_0_0.jpg,0.0,0.0,0.4460552,0.5539448,True
0882073046_h_00.wav_0_0.jpg,0.0,0.0,0.0024560366,0.997544,True
0882073048_h_00.wav_0_0.jpg,0.0,0.0,0.010580323,0.9894197,True
0882073049_h_00.wav_0_0.jpg,0.0,0.0,0.013684444,0.98631555,True
0882073051_h_00.wav_0_0.jpg,0.0,0.0,0.0008445796,0.9991554,True
0882073055_h_00.wav_0_0.jpg,0.0,0.0,0.067732684,0.9322673,True
0882073060_h_00.wav_0_0.jpg,0.0,1.0,0.9963038,0.0036962032,False
0892072001_h_00.wav_0_0.jpg,0.0,0.0,0.020505156,0.97949487,True
0892072004_h_00.wav_0_0.jpg,0.0,1.0,0.8448597,0.15514028,False
0892072008_h_00.wav_0_0.jpg,0.0,1.0,0.7660908,0.23390919,False
0892072010_h_00.wav_0_0.jpg,0.0,0.0,0.00350038,0.9964996,True
0892072012_h_00.wav_0_0.jpg,0.0,0.0,0.012009263,0.98799074,True
0892072013_h_00.wav_0_0.jpg,0.0,0.0,0.17734241,0.8226576,True
0892072014_h_00.wav_0_0.jpg,0.0,1.0,0.92874193,0.07125807,False
0892072014_h_00.wav_1_0.jpg,0.0,0.0,0.012074375,0.98792565,True
0892072015_h_00.wav_0_0.jpg,0.0,0.0,0.0043824925,0.9956175,True
0892072019_h_00.wav_0_0.jpg,0.0,0.0,0.18797287,0.8120271,True
0892072020_h_00.wav_0_0.jpg,0.0,0.0,0.06528818,0.9347118,True
0892072023_h_00.wav_0_0.jpg,0.0,1.0,0.6392469,0.36075312,False
0892072024_h_00.wav_0_0.jpg,0.0,0.0,0.024203835,0.97579616,True
0892072026_h_00.wav_0_0.jpg,0.0,0.0,0.00030228758,0.9996977,True
0892072029_h_00.wav_0_0.jpg,0.0,0.0,0.0004324488,0.99956757,True
0892072030_h_00.wav_0_0.jpg,0.0,0.0,0.0034586638,0.9965413,True
0892072030_h_00.wav_1_0.jpg,0.0,0.0,0.007885912,0.99211407,True
0892072030_h_00.wav_2_0.jpg,0.0,0.0,0.110393584,0.8896064,True
0892072031_h_00.wav_0_0.jpg,0.0,1.0,0.8533075,0.14669251,False
0892072032_h_00.wav_0_0.jpg,0.0,0.0,0.033877652,0.9661223,True
0892072034_h_00.wav_0_0.jpg,0.0,0.0,0.01105102,0.988949,True
0892072034_h_00.wav_1_0.jpg,0.0,0.0,0.003788215,0.99621177,True
0892072034_h_00.wav_2_0.jpg,0.0,0.0,0.0013354238,0.99866456,True
0892072034_h_00.wav_3_0.jpg,0.0,1.0,0.57952917,0.42047083,False
0892072034_h_00.wav_4_0.jpg,0.0,0.0,0.15660667,0.8433933,True
0892072036_h_00.wav_0_0.jpg,0.0,1.0,0.92029977,0.07970023,False
0892072038_h_00.wav_0_0.jpg,0.0,0.0,0.00032015383,0.99967986,True
0892072038_h_00.wav_1_0.jpg,0.0,1.0,0.60387975,0.39612025,False
0892072038_h_00.wav_2_0.jpg,0.0,0.0,0.0043528243,0.9956472,True
0892072041_h_00.wav_0_0.jpg,0.0,0.0,0.00014340557,0.9998566,True
0892072042_h_00.wav_0_0.jpg,0.0,0.0,0.0053558326,0.99464417,True
0892072046_h_00.wav_0_0.jpg,0.0,0.0,0.16016407,0.83983594,True
0892072049_h_00.wav_0_0.jpg,0.0,0.0,0.012525796,0.9874742,True
0892072051_h_00.wav_0_0.jpg,0.0,0.0,0.00053565134,0.99946433,True
0892072055_h_00.wav_0_0.jpg,0.0,0.0,0.29761478,0.7023852,True
0892072060_h_00.wav_0_0.jpg,0.0,0.0,0.013876777,0.9861232,True
5004009001_h_00.wav_0_0.jpg,0.0,1.0,0.9999131,8.690357e-05,False
5004009004_h_00.wav_0_0.jpg,0.0,1.0,0.9917225,0.008277476,False
5004009008_h_00.wav_0_0.jpg,0.0,1.0,0.8688427,0.13115728,False
5004009010_h_00.wav_0_0.jpg,0.0,0.0,0.010523206,0.9894768,True
5004009010_h_00.wav_1_0.jpg,0.0,1.0,0.85758585,0.14241415,False
5004009010_h_00.wav_2_0.jpg,0.0,0.0,0.10188288,0.8981171,True
5004009010_h_00.wav_3_0.jpg,0.0,0.0,0.004144218,0.9958558,True
5004009012_h_00.wav_0_0.jpg,0.0,0.0,0.2346134,0.7653866,True
5004009013_h_00.wav_0_0.jpg,0.0,0.0,0.077122144,0.92287785,True
5004009014_h_00.wav_0_0.jpg,0.0,1.0,0.9147828,0.08521718,False
5004009015_h_00.wav_0_0.jpg,0.0,1.0,0.92171496,0.07828504,False
5004009019_h_00.wav_0_0.jpg,0.0,1.0,0.7376643,0.26233572,False
5004009020_h_00.wav_0_0.jpg,0.0,1.0,0.88198465,0.11801535,False
5004009023_h_00.wav_0_0.jpg,0.0,1.0,0.64184284,0.35815716,False
5004009024_h_00.wav_0_0.jpg,0.0,1.0,0.9985765,0.0014234781,False
5004009026_h_00.wav_0_0.jpg,0.0,1.0,0.61987174,0.38012826,False
5004009029_h_00.wav_0_0.jpg,0.0,0.0,0.06170144,0.9382986,True
5004009030_h_00.wav_0_0.jpg,0.0,0.0,0.49154565,0.5084543,True
5004009030_h_00.wav_1_0.jpg,0.0,1.0,0.7373099,0.26269013,False
5004009030_h_00.wav_2_0.jpg,0.0,0.0,0.010950779,0.9890492,True
5004009031_h_00.wav_0_0.jpg,0.0,1.0,0.8139326,0.1860674,False
5004009032_h_00.wav_0_0.jpg,0.0,0.0,0.09315166,0.9068483,True
5004009034_h_00.wav_0_0.jpg,0.0,1.0,0.9710461,0.02895391,False
5004009034_h_00.wav_1_0.jpg,0.0,1.0,0.93151736,0.06848264,False
5004009034_h_00.wav_2_0.jpg,0.0,1.0,0.9784962,0.021503806,False
5004009034_h_00.wav_3_0.jpg,0.0,1.0,0.9887362,0.011263788,False
5004009036_h_00.wav_0_0.jpg,0.0,1.0,0.75472957,0.24527043,False
5004009038_h_00.wav_0_0.jpg,0.0,0.0,0.27906397,0.72093606,True
5004009038_h_00.wav_1_0.jpg,0.0,1.0,0.99996996,3.0040741e-05,False
5004009038_h_00.wav_2_0.jpg,0.0,0.0,0.023743127,0.97625685,True
5004009038_h_00.wav_3_0.jpg,0.0,1.0,0.9448381,0.055161893,False
5004009041_h_00.wav_0_0.jpg,0.0,0.0,0.03918034,0.96081966,True
5004009042_h_00.wav_0_0.jpg,0.0,0.0,0.13098961,0.8690104,True
5004009046_h_00.wav_0_0.jpg,0.0,0.0,0.02811904,0.971881,True
5004009048_h_00.wav_0_0.jpg,0.0,1.0,0.9654015,0.03459853,False
5004009049_h_00.wav_0_0.jpg,0.0,1.0,0.9651401,0.034859896,False
5004009051_h_00.wav_0_0.jpg,0.0,1.0,0.51672256,0.48327744,False
5004009055_h_00.wav_0_0.jpg,0.0,0.0,0.009381456,0.9906185,True
5004009060_h_00.wav_0_0.jpg,0.0,1.0,0.98107487,0.01892513,False
5024003001_h_00.wav_0_0.jpg,0.0,1.0,0.96304244,0.036957562,False
5024003004_h_00.wav_0_0.jpg,0.0,1.0,0.9982508,0.0017492175,False
5024003008_h_00.wav_0_0.jpg,0.0,1.0,0.99687684,0.0031231642,False
5024003010_h_00.wav_0_0.jpg,0.0,0.0,0.19757654,0.8024235,True
5024003010_h_00.wav_1_0.jpg,0.0,0.0,0.17472951,0.8252705,True
5024003010_h_00.wav_2_0.jpg,0.0,0.0,0.010208159,0.98979187,True
5024003010_h_00.wav_3_0.jpg,0.0,0.0,0.02294594,0.97705406,True
5024003010_h_00.wav_4_0.jpg,0.0,0.0,0.066022225,0.9339778,True
5024003012_h_00.wav_0_0.jpg,0.0,0.0,0.0038694367,0.9961306,True
5024003013_h_00.wav_0_0.jpg,0.0,0.0,0.011619613,0.9883804,True
5024003014_h_00.wav_0_0.jpg,0.0,0.0,0.0016184264,0.99838156,True
5024003014_h_00.wav_1_0.jpg,0.0,0.0,0.38234147,0.6176585,True
5024003014_h_00.wav_2_0.jpg,0.0,0.0,0.0015547535,0.9984453,True
5024003015_h_00.wav_0_0.jpg,0.0,1.0,0.9991141,0.00088590384,False
5024003019_h_00.wav_0_0.jpg,0.0,0.0,0.11962183,0.8803782,True
5024003020_h_00.wav_0_0.jpg,0.0,1.0,0.9998677,0.00013232231,False
5024003023_h_00.wav_0_0.jpg,0.0,0.0,0.19305557,0.80694443,True
5024003024_h_00.wav_0_0.jpg,0.0,1.0,0.8063495,0.19365048,False
5024003026_h_00.wav_0_0.jpg,0.0,1.0,0.97130346,0.028696537,False
5024003029_h_00.wav_0_0.jpg,0.0,0.0,0.05092191,0.9490781,True
5024003030_h_00.wav_0_0.jpg,0.0,0.0,0.0043103574,0.99568963,True
5024003030_h_00.wav_1_0.jpg,0.0,0.0,0.07505335,0.92494667,True
5024003030_h_00.wav_2_0.jpg,0.0,0.0,0.06186009,0.9381399,True
5024003031_h_00.wav_0_0.jpg,0.0,1.0,0.7836878,0.21631223,False
5024003032_h_00.wav_0_0.jpg,0.0,0.0,0.0080302125,0.99196976,True
5024003034_h_00.wav_0_0.jpg,0.0,1.0,0.84445167,0.15554833,False
5024003034_h_00.wav_1_0.jpg,0.0,0.0,0.3589629,0.6410371,True
5024003034_h_00.wav_2_0.jpg,0.0,0.0,0.008334766,0.99166524,True
5024003034_h_00.wav_3_0.jpg,0.0,1.0,0.86658096,0.13341904,False
5024003036_h_00.wav_0_0.jpg,0.0,1.0,0.91410327,0.08589673,False
5024003038_h_00.wav_0_0.jpg,0.0,1.0,0.6174537,0.3825463,False
5024003038_h_00.wav_1_0.jpg,0.0,0.0,0.033865318,0.96613467,True
5024003038_h_00.wav_2_0.jpg,0.0,0.0,0.13081487,0.86918515,True
5024003038_h_00.wav_3_0.jpg,0.0,0.0,0.0044016903,0.9955983,True
5024003041_h_00.wav_0_0.jpg,0.0,0.0,0.13483131,0.8651687,True
5024003042_h_00.wav_0_0.jpg,0.0,0.0,0.14956103,0.85043895,True
5024003049_h_00.wav_0_0.jpg,0.0,0.0,0.014720948,0.985279,True
5024003050_h_00.wav_0_0.jpg,0.0,0.0,0.00079743785,0.99920255,True
5024003051_h_00.wav_0_0.jpg,0.0,0.0,0.043617785,0.9563822,True
5024003055_h_00.wav_0_0.jpg,0.0,0.0,0.016175538,0.9838245,True
5024003059_h_00.wav_0_0.jpg,0.0,0.0,0.0015270393,0.998473,True
5024003060_h_00.wav_0_0.jpg,0.0,0.0,0.099489205,0.9005108,True
5054028001_h_00.wav_0_0.jpg,0.0,0.0,0.008622384,0.9913776,True
5054028004_h_00.wav_0_0.jpg,0.0,0.0,0.03390223,0.9660978,True
5054028008_h_00.wav_0_0.jpg,0.0,1.0,0.93261373,0.06738627,False
5054028010_h_00.wav_0_0.jpg,0.0,1.0,0.98027635,0.019723654,False
5054028010_h_00.wav_1_0.jpg,0.0,0.0,0.016162083,0.9838379,True
5054028010_h_00.wav_2_0.jpg,0.0,1.0,0.7591994,0.24080062,False
5054028010_h_00.wav_3_0.jpg,0.0,0.0,0.03875846,0.96124154,True
5054028010_h_00.wav_4_0.jpg,0.0,0.0,0.00022355208,0.9997764,True
5054028012_h_00.wav_0_0.jpg,0.0,0.0,0.0015817959,0.9984182,True
5054028013_h_00.wav_0_0.jpg,0.0,1.0,0.8547282,0.14527178,False
5054028014_h_00.wav_0_0.jpg,0.0,0.0,0.014481187,0.9855188,True
5054028015_h_00.wav_0_0.jpg,0.0,0.0,0.008819896,0.9911801,True
5054028019_h_00.wav_0_0.jpg,0.0,1.0,0.71105295,0.28894705,False
5054028020_h_00.wav_0_0.jpg,0.0,0.0,0.005945613,0.9940544,True
5054028023_h_00.wav_0_0.jpg,0.0,1.0,0.9174312,0.082568824,False
5054028024_h_00.wav_0_0.jpg,0.0,1.0,0.8235765,0.17642349,False
5054028026_h_00.wav_0_0.jpg,0.0,0.0,0.0009724226,0.99902755,True
5054028029_h_00.wav_0_0.jpg,0.0,1.0,0.7488009,0.25119913,False
5054028030_h_00.wav_0_0.jpg,0.0,0.0,0.13818496,0.86181504,True
5054028030_h_00.wav_1_0.jpg,0.0,1.0,0.54380244,0.45619756,False
5054028030_h_00.wav_2_0.jpg,0.0,0.0,0.23738176,0.76261824,True
5054028031_h_00.wav_0_0.jpg,0.0,0.0,0.017617993,0.982382,True
5054028032_h_00.wav_0_0.jpg,0.0,0.0,0.002787334,0.99721265,True
5054028034_h_00.wav_0_0.jpg,0.0,0.0,0.00039648262,0.9996035,True
5054028034_h_00.wav_1_0.jpg,0.0,0.0,0.005106471,0.99489355,True
5054028036_h_00.wav_0_0.jpg,0.0,1.0,0.9688163,0.03118372,False
5054028038_h_00.wav_0_0.jpg,0.0,0.0,0.00010339828,0.9998966,True
5054028038_h_00.wav_1_0.jpg,0.0,0.0,0.008947096,0.9910529,True
5054028038_h_00.wav_2_0.jpg,0.0,0.0,0.00016072823,0.99983925,True
5054028041_h_00.wav_0_0.jpg,0.0,0.0,0.0019259225,0.99807405,True
5054028042_h_00.wav_0_0.jpg,0.0,0.0,0.30231988,0.6976801,True
5054028046_h_00.wav_0_0.jpg,0.0,1.0,0.8057569,0.19424307,False
5054028048_h_00.wav_0_0.jpg,0.0,0.0,0.006508446,0.99349153,True
5054028049_h_00.wav_0_0.jpg,0.0,0.0,0.00066982844,0.99933016,True
5054028050_h_00.wav_0_0.jpg,0.0,0.0,0.0052235266,0.9947765,True
5054028051_h_00.wav_0_0.jpg,0.0,1.0,0.9753659,0.024634123,False
5054028055_h_00.wav_0_0.jpg,0.0,0.0,0.0008871733,0.99911284,True
5054028060_h_00.wav_0_0.jpg,0.0,1.0,0.9980064,0.0019935966,False
5084004001_h_00.wav_0_0.jpg,0.0,0.0,0.014567765,0.9854322,True
5084004004_h_00.wav_0_0.jpg,0.0,0.0,5.4115844e-05,0.9999459,True
5084004008_h_00.wav_0_0.jpg,0.0,1.0,0.63098544,0.36901456,False
5084004010_h_00.wav_0_0.jpg,0.0,0.0,0.4309856,0.56901443,True
5084004010_h_00.wav_1_0.jpg,0.0,1.0,0.69683677,0.30316323,False
5084004010_h_00.wav_2_0.jpg,0.0,0.0,0.46787575,0.5321243,True
5084004012_h_00.wav_0_0.jpg,0.0,0.0,0.17879458,0.82120544,True
5084004013_h_00.wav_0_0.jpg,0.0,0.0,0.30642194,0.69357806,True
5084004014_h_00.wav_0_0.jpg,0.0,0.0,0.00049034535,0.99950963,True
5084004015_h_00.wav_0_0.jpg,0.0,0.0,0.00054545025,0.99945456,True
5084004019_h_02.wav_0_0.jpg,0.0,1.0,0.9216136,0.078386426,False
5084004020_h_00.wav_0_0.jpg,0.0,1.0,0.8578625,0.14213753,False
5084004023_h_00.wav_0_0.jpg,0.0,0.0,0.00018247776,0.99981755,True
5084004024_h_01.wav_0_0.jpg,0.0,1.0,0.8681076,0.13189238,False
5084004026_h_00.wav_0_0.jpg,0.0,0.0,0.050428245,0.9495717,True
5084004029_h_00.wav_0_0.jpg,0.0,0.0,0.0009691368,0.9990309,True
5084004030_h_00.wav_0_0.jpg,0.0,1.0,0.99114734,0.008852661,False
5084004030_h_00.wav_1_0.jpg,0.0,0.0,0.008897837,0.99110216,True
5084004030_h_00.wav_2_0.jpg,0.0,0.0,0.28614378,0.7138562,True
5084004030_h_00.wav_3_0.jpg,0.0,0.0,0.0049473546,0.99505264,True
5084004030_h_00.wav_4_0.jpg,0.0,1.0,0.8054769,0.1945231,False
5084004031_h_00.wav_0_0.jpg,0.0,0.0,0.04489865,0.9551014,True
5084004032_h_00.wav_0_0.jpg,0.0,0.0,0.00035382208,0.9996462,True
5084004034_h_00.wav_0_0.jpg,0.0,1.0,0.8522126,0.14778739,False
5084004034_h_00.wav_1_0.jpg,0.0,0.0,0.00016668218,0.99983335,True
5084004034_h_00.wav_2_0.jpg,0.0,0.0,0.021117147,0.97888285,True
5084004034_h_00.wav_3_0.jpg,0.0,1.0,0.99301755,0.0069824457,False
5084004034_h_00.wav_4_0.jpg,0.0,0.0,0.018278224,0.98172176,True
5084004036_h_00.wav_0_0.jpg,0.0,0.0,0.18254294,0.8174571,True
5084004038_h_00.wav_0_0.jpg,0.0,0.0,0.017086718,0.98291326,True
5084004038_h_00.wav_1_0.jpg,0.0,0.0,0.0004722117,0.9995278,True
5084004038_h_00.wav_2_0.jpg,0.0,0.0,0.0012484674,0.9987515,True
5084004041_h_00.wav_0_0.jpg,0.0,0.0,0.0063888202,0.99361116,True
5084004042_h_00.wav_0_0.jpg,0.0,0.0,0.0012903555,0.9987096,True
5084004046_h_00.wav_0_0.jpg,0.0,0.0,0.0016441669,0.9983558,True
5084004048_h_00.wav_0_0.jpg,0.0,0.0,0.16656321,0.8334368,True
5084004049_h_00.wav_0_0.jpg,0.0,0.0,0.009384133,0.99061584,True
5084004051_h_00.wav_0_0.jpg,0.0,0.0,0.0013797791,0.9986202,True
5084004055_h_00.wav_0_0.jpg,0.0,0.0,0.0006694685,0.9993305,True
5084004059_h_00.wav_0_0.jpg,0.0,0.0,0.08406644,0.91593355,True
5084004060_h_00.wav_0_0.jpg,0.0,0.0,0.0013292985,0.9986707,True
5114012001_h_00.wav_0_0.jpg,0.0,0.0,0.4596444,0.54035556,True
5114012004_h_00.wav_0_0.jpg,0.0,0.0,0.0074577103,0.99254227,True
5114012008_h_00.wav_0_0.jpg,0.0,1.0,0.9994405,0.0005595088,False
5114012010_h_00.wav_0_0.jpg,0.0,1.0,0.98312575,0.016874254,False
5114012010_h_00.wav_1_0.jpg,0.0,0.0,0.2214811,0.7785189,True
5114012010_h_00.wav_2_0.jpg,0.0,0.0,0.0013292592,0.99867076,True
5114012010_h_00.wav_3_0.jpg,0.0,1.0,0.9792452,0.020754814,False
5114012012_h_00.wav_0_0.jpg,0.0,0.0,0.006297868,0.9937021,True
5114012013_h_00.wav_0_0.jpg,0.0,0.0,0.32269403,0.67730594,True
5114012014_h_00.wav_0_0.jpg,0.0,0.0,9.477444e-05,0.9999052,True
5114012014_h_00.wav_1_0.jpg,0.0,0.0,0.38117486,0.61882514,True
5114012014_h_00.wav_2_0.jpg,0.0,1.0,0.9971071,0.0028929114,False
5114012015_h_00.wav_0_0.jpg,0.0,1.0,0.74847233,0.25152767,False
5114012019_h_00.wav_0_0.jpg,0.0,1.0,0.92689663,0.07310337,False
5114012020_h_00.wav_0_0.jpg,0.0,1.0,0.7093293,0.2906707,False
5114012023_h_00.wav_0_0.jpg,0.0,1.0,0.78423166,0.21576834,False
5114012024_h_00.wav_0_0.jpg,0.0,1.0,0.9725681,0.027431905,False
5114012026_h_00.wav_0_0.jpg,0.0,1.0,0.7111976,0.2888024,False
5114012029_h_00.wav_0_0.jpg,0.0,1.0,0.9270342,0.0729658,False
5114012030_h_00.wav_0_0.jpg,0.0,0.0,0.00021460478,0.9997854,True
5114012030_h_00.wav_1_0.jpg,0.0,1.0,0.81557405,0.18442595,False
5114012030_h_00.wav_2_0.jpg,0.0,0.0,0.012685513,0.98731446,True
5114012031_h_00.wav_0_0.jpg,0.0,1.0,0.68147874,0.31852126,False
5114012032_h_00.wav_0_0.jpg,0.0,1.0,0.92649037,0.07350963,False
5114012034_h_00.wav_0_0.jpg,0.0,1.0,0.98053634,0.019463658,False
5114012034_h_00.wav_1_0.jpg,0.0,1.0,0.9909802,0.009019792,False
5114012034_h_00.wav_2_0.jpg,0.0,1.0,0.92389274,0.07610726,False
5114012034_h_00.wav_3_0.jpg,0.0,0.0,0.018964766,0.98103523,True
5114012034_h_00.wav_4_0.jpg,0.0,0.0,0.0013147702,0.99868524,True
5114012036_h_00.wav_0_0.jpg,0.0,1.0,0.9979607,0.0020393133,False
5114012038_h_00.wav_0_0.jpg,0.0,0.0,0.004291436,0.9957086,True
5114012038_h_00.wav_1_0.jpg,0.0,0.0,0.001922513,0.9980775,True
5114012041_h_00.wav_0_0.jpg,0.0,0.0,0.009072036,0.99092793,True
5114012046_h_00.wav_0_0.jpg,0.0,1.0,0.5454186,0.45458138,False
5114012048_h_00.wav_0_0.jpg,0.0,1.0,0.78868777,0.21131223,False
5114012049_h_00.wav_0_0.jpg,0.0,1.0,0.9979388,0.0020611882,False
5114012050_h_00.wav_0_0.jpg,0.0,0.0,0.3064108,0.6935892,True
5114012051_h_00.wav_0_0.jpg,0.0,0.0,0.00040206898,0.9995979,True
5114012055_h_00.wav_0_0.jpg,0.0,1.0,0.9824532,0.017546773,False
5114012060_h_00.wav_0_0.jpg,0.0,1.0,0.99898,0.0010200143,False
5134025001_h_00.wav_0_0.jpg,0.0,1.0,0.99894387,0.0010561347,False
5134025004_h_00.wav_0_0.jpg,0.0,0.0,0.4519901,0.5480099,True
5134025008_h_00.wav_0_0.jpg,0.0,0.0,0.027371505,0.9726285,True
5134025010_h_00.wav_0_0.jpg,0.0,0.0,0.021531215,0.9784688,True
5134025010_h_00.wav_1_0.jpg,0.0,0.0,0.27443835,0.7255616,True
5134025010_h_00.wav_2_0.jpg,0.0,0.0,0.42735058,0.5726494,True
5134025010_h_00.wav_3_0.jpg,0.0,0.0,0.074872404,0.9251276,True
5134025012_h_00.wav_0_0.jpg,0.0,0.0,0.34585655,0.65414345,True
5134025013_h_00.wav_0_0.jpg,0.0,1.0,0.6801973,0.3198027,False
5134025014_h_00.wav_0_0.jpg,0.0,0.0,0.47100317,0.5289968,True
5134025014_h_00.wav_1_0.jpg,0.0,0.0,0.4379106,0.56208944,True
5134025014_h_00.wav_2_0.jpg,0.0,0.0,0.3585797,0.6414203,True
5134025015_h_00.wav_0_0.jpg,0.0,1.0,0.7806133,0.2193867,False
5134025019_h_00.wav_0_0.jpg,0.0,1.0,0.9986706,0.001329422,False
5134025020_h_00.wav_0_0.jpg,0.0,0.0,0.18947473,0.8105253,True
5134025023_h_00.wav_0_0.jpg,0.0,0.0,0.25625908,0.7437409,True
5134025024_h_00.wav_0_0.jpg,0.0,0.0,0.28249374,0.7175063,True
5134025026_h_00.wav_0_0.jpg,0.0,1.0,0.9866093,0.01339072,False
5134025029_h_00.wav_0_0.jpg,0.0,1.0,0.99798155,0.0020184517,False
5134025030_h_00.wav_0_0.jpg,0.0,0.0,0.003839032,0.996161,True
5134025030_h_00.wav_1_0.jpg,0.0,0.0,0.024218163,0.97578186,True
5134025030_h_00.wav_2_0.jpg,0.0,0.0,0.015972126,0.98402786,True
5134025030_h_00.wav_3_0.jpg,0.0,0.0,0.011697358,0.98830265,True
5134025031_h_00.wav_0_0.jpg,0.0,0.0,0.0038052588,0.9961947,True
5134025032_h_00.wav_0_0.jpg,0.0,0.0,0.23903096,0.76096904,True
5134025034_h_00.wav_0_0.jpg,0.0,0.0,0.004219389,0.9957806,True
5134025034_h_00.wav_1_0.jpg,0.0,0.0,0.013070398,0.9869296,True
5134025034_h_00.wav_2_0.jpg,0.0,0.0,0.03157507,0.9684249,True
5134025034_h_00.wav_3_0.jpg,0.0,0.0,0.26069546,0.73930454,True
5134025034_h_00.wav_4_0.jpg,0.0,0.0,0.022734385,0.9772656,True
5134025036_h_00.wav_0_0.jpg,0.0,0.0,0.009487264,0.9905127,True
5134025038_h_00.wav_0_0.jpg,0.0,0.0,0.008046795,0.9919532,True
5134025038_h_00.wav_1_0.jpg,0.0,0.0,0.01532875,0.98467124,True
5134025038_h_00.wav_2_0.jpg,0.0,0.0,0.06301934,0.93698066,True
5134025038_h_00.wav_3_0.jpg,0.0,0.0,0.0037446981,0.9962553,True
5134025038_h_00.wav_4_0.jpg,0.0,0.0,0.015289854,0.98471016,True
5134025041_h_00.wav_0_0.jpg,0.0,1.0,0.9959632,0.004036784,False
5134025042_h_00.wav_0_0.jpg,0.0,0.0,0.0016149376,0.9983851,True
5134025046_h_00.wav_0_0.jpg,0.0,0.0,0.0019424546,0.99805754,True
5134025048_h_00.wav_0_0.jpg,0.0,0.0,0.0020136072,0.9979864,True
5134025050_h_00.wav_0_0.jpg,0.0,0.0,0.019745996,0.980254,True
5134025051_h_00.wav_0_0.jpg,0.0,1.0,0.9310135,0.068986475,False
5134025055_h_00.wav_0_0.jpg,0.0,0.0,0.41512537,0.58487463,True
5134025060_h_00.wav_0_0.jpg,0.0,1.0,0.9824966,0.01750338,False
5143015001_h_00.wav_0_0.jpg,0.0,1.0,0.5112425,0.4887575,False
5143015002_h_00.wav_0_0.jpg,0.0,0.0,0.38726196,0.612738,True
5143015002_h_00.wav_1_0.jpg,0.0,0.0,0.00027654786,0.99972343,True
5143015002_h_00.wav_2_0.jpg,0.0,1.0,0.88210595,0.11789405,False
5143015002_h_00.wav_3_0.jpg,0.0,1.0,0.9853851,0.01461488,False
5143015003_h_00.wav_0_0.jpg,0.0,1.0,0.999982,1.8000603e-05,False
5143015004_h_00.wav_0_0.jpg,0.0,1.0,0.9997801,0.00021988153,False
5143015005_h_00.wav_0_0.jpg,0.0,1.0,0.6731936,0.32680643,False
5143015005_h_00.wav_1_0.jpg,0.0,1.0,0.999223,0.00077700615,False
5143015006_h_00.wav_0_0.jpg,0.0,1.0,0.99941194,0.0005880594,False
5143015007_h_00.wav_0_0.jpg,0.0,1.0,0.8858738,0.114126205,False
5143015008_h_00.wav_0_0.jpg,0.0,1.0,0.79022574,0.20977426,False
5143015009_h_00.wav_0_0.jpg,0.0,1.0,0.9872333,0.012766719,False
5143015010_h_00.wav_0_0.jpg,0.0,1.0,0.89510816,0.10489184,False
5143015010_h_00.wav_1_0.jpg,0.0,1.0,0.9929744,0.0070255995,False
5143015010_h_00.wav_2_0.jpg,0.0,1.0,0.9807869,0.01921308,False
5143015010_h_00.wav_3_0.jpg,0.0,1.0,0.9973793,0.002620697,False
5143015011_h_00.wav_0_0.jpg,0.0,1.0,0.78865826,0.21134174,False
5143015012_h_00.wav_0_0.jpg,0.0,1.0,0.999997,2.9802322e-06,False
5143015013_h_00.wav_0_0.jpg,0.0,1.0,0.9965294,0.0034705997,False
5143015014_h_00.wav_0_0.jpg,0.0,1.0,0.92613477,0.073865235,False
5143015015_h_00.wav_0_0.jpg,0.0,1.0,0.9830223,0.016977727,False
5143015016_h_00.wav_0_0.jpg,0.0,0.0,0.030683156,0.96931684,True
5143015017_h_00.wav_0_0.jpg,0.0,1.0,0.9831874,0.016812623,False
5143015018_h_00.wav_0_0.jpg,0.0,0.0,0.0046427296,0.9953573,True
5143015018_h_00.wav_1_0.jpg,0.0,1.0,0.9962787,0.0037212968,False
5143015019_h_00.wav_0_0.jpg,0.0,1.0,0.99936265,0.00063735247,False
5143015020_h_00.wav_0_0.jpg,0.0,1.0,0.9979236,0.0020763874,False
5143015021_h_00.wav_0_0.jpg,0.0,0.0,0.042375464,0.95762455,True
5143015022_h_00.wav_0_0.jpg,0.0,1.0,0.51557463,0.48442537,False
5143015024_h_00.wav_0_0.jpg,0.0,0.0,0.0014931558,0.99850684,True
5143015025_h_00.wav_0_0.jpg,0.0,0.0,0.04115845,0.95884156,True
5143015026_h_00.wav_0_0.jpg,0.0,1.0,0.9841069,0.015893102,False
5143015027_h_00.wav_0_0.jpg,0.0,0.0,0.00288971,0.9971103,True
5143015028_h_00.wav_0_0.jpg,0.0,1.0,0.67190224,0.32809776,False
5143015029_h_00.wav_0_0.jpg,0.0,1.0,0.8341005,0.16589952,False
5143015030_h_00.wav_0_0.jpg,0.0,1.0,0.9999691,3.0875206e-05,False
5144010001_h_00.wav_0_0.jpg,0.0,1.0,0.96008354,0.039916456,False
5144010004_h_00.wav_0_0.jpg,0.0,0.0,0.035317354,0.96468264,True
5144010008_h_00.wav_0_0.jpg,0.0,1.0,0.9447036,0.05529642,False
5144010010_h_00.wav_0_0.jpg,0.0,0.0,0.0018487392,0.99815124,True
5144010010_h_00.wav_1_0.jpg,0.0,0.0,0.006488967,0.993511,True
5144010010_h_00.wav_2_0.jpg,0.0,1.0,0.996114,0.0038859844,False
5144010012_h_00.wav_0_0.jpg,0.0,1.0,0.8117232,0.18827683,False
5144010013_h_00.wav_0_0.jpg,0.0,1.0,0.9997329,0.0002670884,False
5144010014_h_00.wav_0_0.jpg,0.0,0.0,0.07380273,0.9261973,True
5144010015_h_00.wav_0_0.jpg,0.0,0.0,0.014641811,0.9853582,True
5144010019_h_00.wav_0_0.jpg,0.0,1.0,0.9919688,0.008031189,False
5144010020_h_00.wav_0_0.jpg,0.0,0.0,0.48461196,0.515388,True
5144010023_h_00.wav_0_0.jpg,0.0,0.0,6.969176e-05,0.9999303,True
5144010024_h_00.wav_0_0.jpg,0.0,1.0,0.9929979,0.0070021152,False
5144010026_h_00.wav_0_0.jpg,0.0,1.0,0.9218223,0.07817769,False
5144010029_h_00.wav_0_0.jpg,0.0,1.0,0.9576594,0.042340577,False
5144010030_h_00.wav_0_0.jpg,0.0,0.0,0.004405556,0.99559444,True
5144010030_h_00.wav_1_0.jpg,0.0,0.0,0.001279781,0.9987202,True
5144010030_h_00.wav_2_0.jpg,0.0,1.0,0.99410087,0.0058991313,False
5144010031_h_00.wav_0_0.jpg,0.0,1.0,0.99497247,0.0050275326,False
5144010032_h_00.wav_0_0.jpg,0.0,1.0,0.9998018,0.00019818544,False
5144010034_h_00.wav_0_0.jpg,0.0,0.0,0.20103268,0.7989673,True
5144010034_h_00.wav_1_0.jpg,0.0,0.0,0.003379873,0.9966201,True
5144010034_h_00.wav_2_0.jpg,0.0,0.0,0.014009091,0.9859909,True
5144010034_h_00.wav_3_0.jpg,0.0,1.0,0.96707165,0.032928348,False
5144010036_h_00.wav_0_0.jpg,0.0,0.0,0.006429623,0.9935704,True
5144010038_h_00.wav_0_0.jpg,0.0,0.0,0.0050310865,0.9949689,True
5144010038_h_00.wav_1_0.jpg,0.0,1.0,0.94649166,0.05350834,False
5144010038_h_00.wav_2_0.jpg,0.0,1.0,0.930545,0.06945503,False
5144010041_h_00.wav_0_0.jpg,0.0,0.0,0.0014196761,0.99858034,True
5144010042_h_00.wav_0_0.jpg,0.0,1.0,0.84104896,0.15895104,False
5144010046_h_00.wav_0_0.jpg,0.0,0.0,0.16188815,0.8381119,True
5144010049_h_00.wav_0_0.jpg,0.0,1.0,0.69768405,0.30231595,False
5144010050_h_00.wav_0_0.jpg,0.0,1.0,0.99874794,0.0012520552,False
5144010051_h_00.wav_0_0.jpg,0.0,0.0,0.00011264356,0.99988735,True
5144010055_h_00.wav_0_0.jpg,0.0,0.0,0.18452014,0.8154799,True
5144010060_h_00.wav_0_0.jpg,0.0,1.0,0.97933847,0.020661533,False
5174013001_h_00.wav_0_0.jpg,0.0,1.0,0.83809805,0.16190195,False
5174013004_h_00.wav_0_0.jpg,0.0,0.0,0.050354034,0.949646,True
5174013008_h_00.wav_0_0.jpg,0.0,1.0,0.89504445,0.104955554,False
5174013010_h_00.wav_0_0.jpg,0.0,0.0,0.00846807,0.9915319,True
5174013010_h_00.wav_1_0.jpg,0.0,0.0,0.0731432,0.9268568,True
5174013010_h_00.wav_2_0.jpg,0.0,1.0,0.92680526,0.07319474,False
5174013010_h_00.wav_3_0.jpg,0.0,1.0,0.99560213,0.004397869,False
5174013012_h_00.wav_0_0.jpg,0.0,1.0,0.9876231,0.0123769045,False
5174013013_h_00.wav_0_0.jpg,0.0,1.0,0.5408754,0.45912462,False
5174013014_h_00.wav_0_0.jpg,0.0,1.0,0.99238914,0.0076108575,False
5174013015_h_00.wav_0_0.jpg,0.0,1.0,0.99888104,0.001118958,False
5174013019_h_00.wav_0_0.jpg,0.0,1.0,0.9974317,0.0025683045,False
5174013020_h_00.wav_0_0.jpg,0.0,1.0,0.9993389,0.0006610751,False
5174013023_h_00.wav_0_0.jpg,0.0,0.0,0.06922485,0.93077517,True
5174013024_h_00.wav_0_0.jpg,0.0,1.0,0.74468154,0.25531846,False
5174013026_h_00.wav_0_0.jpg,0.0,1.0,0.993555,0.0064449906,False
5174013029_h_00.wav_0_0.jpg,0.0,0.0,0.21494736,0.78505266,True
5174013030_h_00.wav_0_0.jpg,0.0,0.0,0.03858798,0.961412,True
5174013030_h_00.wav_1_0.jpg,0.0,0.0,0.008056033,0.99194396,True
5174013030_h_00.wav_2_0.jpg,0.0,0.0,0.014278504,0.98572147,True
5174013030_h_00.wav_3_0.jpg,0.0,0.0,0.019393565,0.98060644,True
5174013031_h_00.wav_0_0.jpg,0.0,1.0,0.8975027,0.10249728,False
5174013032_h_00.wav_0_0.jpg,0.0,1.0,0.99852955,0.0014704466,False
5174013034_h_01.wav_0_0.jpg,0.0,0.0,0.10967832,0.8903217,True
5174013034_h_01.wav_1_0.jpg,0.0,0.0,0.0048425593,0.9951574,True
5174013034_h_01.wav_2_0.jpg,0.0,1.0,0.9900357,0.009964287,False
5174013036_h_00.wav_0_0.jpg,0.0,1.0,0.9670715,0.032928526,False
5174013038_h_00.wav_0_0.jpg,0.0,0.0,0.43520808,0.5647919,True
5174013038_h_00.wav_1_0.jpg,0.0,1.0,0.9919166,0.008083403,False
5174013038_h_00.wav_2_0.jpg,0.0,0.0,0.00021721568,0.9997828,True
5174013041_h_00.wav_0_0.jpg,0.0,1.0,0.9987871,0.0012128949,False
5174013042_h_00.wav_0_0.jpg,0.0,1.0,0.9720247,0.02797532,False
5174013046_h_00.wav_0_0.jpg,0.0,0.0,0.010552252,0.9894478,True
5174013048_h_00.wav_0_0.jpg,0.0,0.0,0.20055166,0.7994484,True
5174013049_h_00.wav_0_0.jpg,0.0,1.0,0.981042,0.018957973,False
5174013050_h_00.wav_0_0.jpg,0.0,1.0,0.9817031,0.018296897,False
5174013051_h_00.wav_0_0.jpg,0.0,1.0,0.99770606,0.0022939444,False
5174013055_h_00.wav_0_0.jpg,0.0,1.0,0.90468264,0.095317364,False
5174013060_h_00.wav_0_0.jpg,0.0,0.0,0.014993134,0.98500687,True
5224014001_h_00.wav_0_0.jpg,0.0,1.0,0.9680301,0.031969905,False
5224014004_h_00.wav_0_0.jpg,0.0,0.0,0.2581068,0.7418932,True
5224014008_h_00.wav_0_0.jpg,0.0,1.0,0.9938524,0.006147623,False
5224014010_h_00.wav_0_0.jpg,0.0,1.0,0.91113,0.08886999,False
5224014010_h_00.wav_1_0.jpg,0.0,0.0,0.0005377582,0.99946225,True
5224014010_h_00.wav_2_0.jpg,0.0,0.0,0.0017933301,0.9982067,True
5224014010_h_00.wav_3_0.jpg,0.0,0.0,0.2830335,0.7169665,True
5224014012_h_00.wav_0_0.jpg,0.0,0.0,0.085055634,0.91494435,True
5224014013_h_00.wav_0_0.jpg,0.0,1.0,0.9460611,0.053938925,False
5224014014_h_00.wav_0_0.jpg,0.0,0.0,0.034992404,0.9650076,True
5224014014_h_00.wav_1_0.jpg,0.0,0.0,0.0031331033,0.9968669,True
5224014015_h_00.wav_0_0.jpg,0.0,0.0,0.0017495448,0.9982505,True
5224014019_h_00.wav_0_0.jpg,0.0,1.0,0.9983144,0.0016856194,False
5224014020_h_00.wav_0_0.jpg,0.0,1.0,0.759568,0.24043202,False
5224014023_h_00.wav_0_0.jpg,0.0,0.0,0.10885967,0.89114034,True
5224014024_h_00.wav_0_0.jpg,0.0,0.0,0.0040051425,0.99599487,True
5224014026_h_00.wav_0_0.jpg,0.0,0.0,0.041745983,0.95825404,True
5224014029_h_00.wav_0_0.jpg,0.0,1.0,0.9612575,0.038742483,False
5224014030_h_00.wav_0_0.jpg,0.0,0.0,0.021038119,0.9789619,True
5224014030_h_00.wav_1_0.jpg,0.0,0.0,0.0006939592,0.999306,True
5224014030_h_00.wav_2_0.jpg,0.0,0.0,0.0005530867,0.9994469,True
5224014031_h_00.wav_0_0.jpg,0.0,0.0,0.009048659,0.99095136,True
5224014032_h_00.wav_0_0.jpg,0.0,0.0,0.13504021,0.8649598,True
5224014034_h_00.wav_0_0.jpg,0.0,0.0,0.21347933,0.78652066,True
5224014034_h_00.wav_1_0.jpg,0.0,0.0,0.01578908,0.9842109,True
5224014034_h_00.wav_2_0.jpg,0.0,1.0,0.68550456,0.31449544,False
5224014036_h_00.wav_0_0.jpg,0.0,1.0,0.54438317,0.45561683,False
5224014038_h_00.wav_0_0.jpg,0.0,0.0,0.007948982,0.992051,True
5224014038_h_00.wav_1_0.jpg,0.0,0.0,0.00926442,0.9907356,True
5224014038_h_00.wav_2_0.jpg,0.0,0.0,0.06881503,0.93118495,True
5224014041_h_00.wav_0_0.jpg,0.0,0.0,0.0005855963,0.9994144,True
5224014042_h_00.wav_0_0.jpg,0.0,0.0,0.02737461,0.9726254,True
5224014046_h_00.wav_0_0.jpg,0.0,0.0,0.031825904,0.9681741,True
5224014049_h_00.wav_0_0.jpg,0.0,0.0,0.011124011,0.988876,True
5224014051_h_00.wav_0_0.jpg,0.0,0.0,0.044085328,0.9559147,True
5224014055_h_00.wav_0_0.jpg,0.0,1.0,0.9383838,0.061616182,False
5224014060_h_00.wav_0_0.jpg,0.0,0.0,0.0074959975,0.992504,True
5264027001_h_00.wav_0_0.jpg,0.0,0.0,0.016441682,0.9835583,True
5264027004_h_00.wav_0_0.jpg,0.0,0.0,0.09958244,0.90041757,True
5264027008_h_00.wav_0_0.jpg,0.0,1.0,0.785215,0.21478498,False
5264027010_h_00.wav_0_0.jpg,0.0,0.0,0.001400639,0.99859935,True
5264027010_h_00.wav_1_0.jpg,0.0,0.0,0.0022696222,0.9977304,True
5264027010_h_00.wav_2_0.jpg,0.0,0.0,0.00019422073,0.9998058,True
5264027010_h_00.wav_3_0.jpg,0.0,0.0,0.17652549,0.8234745,True
5264027010_h_00.wav_4_0.jpg,0.0,1.0,0.66794854,0.33205146,False
5264027012_h_00.wav_0_0.jpg,0.0,0.0,0.33330762,0.6666924,True
5264027013_h_00.wav_0_0.jpg,0.0,1.0,0.90415645,0.09584355,False
5264027014_h_00.wav_0_0.jpg,0.0,0.0,0.00346189,0.9965381,True
5264027014_h_00.wav_1_0.jpg,0.0,0.0,8.566433e-05,0.99991435,True
5264027015_h_00.wav_0_0.jpg,0.0,0.0,0.0039530913,0.9960469,True
5264027019_h_00.wav_0_0.jpg,0.0,0.0,0.043125182,0.95687485,True
5264027020_h_00.wav_0_0.jpg,0.0,0.0,0.051987875,0.9480121,True
5264027023_h_00.wav_0_0.jpg,0.0,0.0,0.0012468736,0.99875313,True
5264027024_h_00.wav_0_0.jpg,0.0,1.0,0.92381316,0.076186836,False
5264027026_h_00.wav_0_0.jpg,0.0,1.0,0.9963062,0.003693819,False
5264027029_h_00.wav_0_0.jpg,0.0,1.0,0.94084984,0.05915016,False
5264027030_h_00.wav_0_0.jpg,0.0,0.0,0.0036688645,0.99633116,True
5264027030_h_00.wav_1_0.jpg,0.0,0.0,0.3348116,0.66518843,True
5264027030_h_00.wav_2_0.jpg,0.0,0.0,0.0012770237,0.998723,True
5264027030_h_00.wav_3_0.jpg,0.0,1.0,0.6908142,0.3091858,False
5264027031_h_00.wav_0_0.jpg,0.0,1.0,0.83077693,0.16922307,False
5264027032_h_00.wav_0_0.jpg,0.0,1.0,0.9802187,0.019781291,False
5264027034_h_00.wav_0_0.jpg,0.0,0.0,0.0019253542,0.99807465,True
5264027034_h_00.wav_1_0.jpg,0.0,0.0,0.010205485,0.9897945,True
5264027034_h_00.wav_2_0.jpg,0.0,0.0,9.800273e-05,0.999902,True
5264027036_h_00.wav_0_0.jpg,0.0,0.0,0.16668387,0.83331615,True
5264027038_h_00.wav_0_0.jpg,0.0,0.0,0.012540457,0.98745954,True
5264027038_h_00.wav_1_0.jpg,0.0,0.0,0.04444838,0.9555516,True
5264027038_h_00.wav_2_0.jpg,0.0,0.0,0.0007719344,0.99922806,True
5264027038_h_00.wav_3_0.jpg,0.0,0.0,0.0332056,0.9667944,True
5264027041_h_00.wav_0_0.jpg,0.0,0.0,0.0029434857,0.99705654,True
5264027042_h_00.wav_0_0.jpg,0.0,1.0,0.98031074,0.019689262,False
5264027046_h_00.wav_0_0.jpg,0.0,1.0,0.99114066,0.008859336,False
5264027049_h_00.wav_0_0.jpg,0.0,1.0,0.99822384,0.0017761588,False
5264027051_h_00.wav_0_0.jpg,0.0,0.0,0.0010685236,0.99893147,True
5264027055_h_00.wav_0_0.jpg,0.0,1.0,0.59788555,0.40211445,False
5264027060_h_00.wav_0_0.jpg,0.0,1.0,0.99998164,1.835823e-05,False
5334021001_h_00.wav_0_0.jpg,0.0,0.0,0.3911362,0.60886383,True
5334021004_h_00.wav_0_0.jpg,0.0,0.0,0.07874359,0.9212564,True
5334021008_h_00.wav_0_0.jpg,0.0,1.0,0.76810825,0.23189175,False
5334021010_h_00.wav_0_0.jpg,0.0,0.0,0.020557156,0.97944283,True
5334021010_h_00.wav_1_0.jpg,0.0,0.0,0.0011476673,0.9988523,True
5334021010_h_00.wav_2_0.jpg,0.0,0.0,0.0022031392,0.99779683,True
5334021010_h_00.wav_3_0.jpg,0.0,0.0,0.0038859919,0.996114,True
5334021010_h_00.wav_4_0.jpg,0.0,0.0,0.009415697,0.9905843,True
5334021012_h_00.wav_0_0.jpg,0.0,0.0,0.34294596,0.65705407,True
5334021013_h_00.wav_0_0.jpg,0.0,1.0,0.89371413,0.10628587,False
5334021014_h_00.wav_0_0.jpg,0.0,0.0,3.7609287e-05,0.9999624,True
5334021014_h_00.wav_1_0.jpg,0.0,0.0,0.0018599888,0.99814004,True
5334021015_h_00.wav_0_0.jpg,0.0,1.0,0.7051656,0.29483438,False
5334021019_h_00.wav_0_0.jpg,0.0,1.0,0.95951504,0.040484965,False
5334021020_h_00.wav_0_0.jpg,0.0,0.0,0.009859925,0.9901401,True
5334021023_h_00.wav_0_0.jpg,0.0,0.0,0.0896738,0.9103262,True
5334021024_h_00.wav_0_0.jpg,0.0,1.0,0.9995109,0.0004891157,False
5334021026_h_00.wav_0_0.jpg,0.0,1.0,0.9596752,0.040324807,False
5334021029_h_00.wav_0_0.jpg,0.0,0.0,0.00042103068,0.99957895,True
5334021030_h_00.wav_0_0.jpg,0.0,0.0,0.0008943075,0.9991057,True
5334021030_h_00.wav_1_0.jpg,0.0,0.0,0.00016762763,0.9998324,True
5334021030_h_00.wav_2_0.jpg,0.0,0.0,0.08981493,0.9101851,True
5334021030_h_00.wav_3_0.jpg,0.0,0.0,0.005103182,0.9948968,True
5334021031_h_00.wav_0_0.jpg,0.0,1.0,0.9913896,0.008610427,False
5334021032_h_00.wav_0_0.jpg,0.0,1.0,0.8159907,0.18400931,False
5334021034_h_00.wav_0_0.jpg,0.0,0.0,0.0012382688,0.9987617,True
5334021034_h_00.wav_1_0.jpg,0.0,0.0,0.02043949,0.9795605,True
5334021034_h_00.wav_2_0.jpg,0.0,0.0,0.0018793135,0.99812067,True
5334021034_h_00.wav_3_0.jpg,0.0,0.0,0.00033881306,0.9996612,True
5334021036_h_00.wav_0_0.jpg,0.0,1.0,0.8410864,0.15891361,False
5334021038_h_00.wav_0_0.jpg,0.0,0.0,0.1645431,0.8354569,True
5334021038_h_00.wav_1_0.jpg,0.0,0.0,0.064411804,0.9355882,True
5334021038_h_00.wav_2_0.jpg,0.0,0.0,0.00055833143,0.9994417,True
5334021038_h_00.wav_3_0.jpg,0.0,0.0,0.005625361,0.99437463,True
5334021038_h_00.wav_4_0.jpg,0.0,0.0,0.009573206,0.9904268,True
5334021041_h_00.wav_0_0.jpg,0.0,0.0,0.009256618,0.9907434,True
5334021042_h_00.wav_0_0.jpg,0.0,1.0,0.97851014,0.021489859,False
5334021046_h_00.wav_0_0.jpg,0.0,1.0,0.9903833,0.009616673,False
5334021048_h_00.wav_0_0.jpg,0.0,1.0,0.99033314,0.00966686,False
5334021049_h_00.wav_0_0.jpg,0.0,0.0,0.0025056717,0.99749434,True
5334021050_h_00.wav_0_0.jpg,0.0,1.0,0.79029536,0.20970464,False
5334021051_h_00.wav_0_0.jpg,0.0,1.0,0.9567389,0.04326111,False
5334021055_h_00.wav_0_0.jpg,0.0,0.0,0.0031829767,0.99681705,True
5334021060_h_00.wav_0_0.jpg,0.0,1.0,0.90696084,0.093039155,False
5424030001_h_00.wav_0_0.jpg,0.0,0.0,0.23759992,0.7624001,True
5424030004_h_00.wav_0_0.jpg,0.0,0.0,0.005485806,0.99451417,True
5424030008_h_00.wav_0_0.jpg,0.0,1.0,0.96149653,0.038503468,False
5424030010_h_00.wav_0_0.jpg,0.0,0.0,0.0027954145,0.9972046,True
5424030010_h_00.wav_1_0.jpg,0.0,0.0,0.16911249,0.8308875,True
5424030010_h_00.wav_2_0.jpg,0.0,1.0,0.8459046,0.15409541,False
5424030010_h_00.wav_3_0.jpg,0.0,0.0,0.017914291,0.9820857,True
5424030012_h_00.wav_0_0.jpg,0.0,0.0,0.3821199,0.6178801,True
5424030013_h_00.wav_0_0.jpg,0.0,0.0,0.2831259,0.7168741,True
5424030014_h_00.wav_0_0.jpg,0.0,1.0,0.97818416,0.021815836,False
5424030014_h_00.wav_1_0.jpg,0.0,1.0,0.8820427,0.117957294,False
5424030015_h_00.wav_0_0.jpg,0.0,0.0,0.00073006214,0.99926996,True
5424030019_h_00.wav_0_0.jpg,0.0,0.0,0.011056117,0.9889439,True
5424030020_h_00.wav_0_0.jpg,0.0,1.0,0.85322,0.14678001,False
5424030023_h_00.wav_0_0.jpg,0.0,0.0,0.0673058,0.9326942,True
5424030024_h_00.wav_0_0.jpg,0.0,0.0,0.4469704,0.5530296,True
5424030026_h_00.wav_0_0.jpg,0.0,1.0,0.90777546,0.09222454,False
5424030029_h_00.wav_0_0.jpg,0.0,0.0,0.000566658,0.99943334,True
5424030030_h_00.wav_0_0.jpg,0.0,0.0,0.002500545,0.99749947,True
5424030030_h_00.wav_1_0.jpg,0.0,0.0,0.0030927574,0.99690723,True
5424030030_h_00.wav_2_0.jpg,0.0,0.0,0.076784976,0.92321503,True
5424030030_h_00.wav_3_0.jpg,0.0,0.0,0.47256505,0.52743495,True
5424030030_h_00.wav_4_0.jpg,0.0,0.0,0.18979265,0.81020737,True
5424030031_h_00.wav_0_0.jpg,0.0,0.0,0.0063845175,0.9936155,True
5424030032_h_00.wav_0_0.jpg,0.0,0.0,0.08397307,0.91602695,True
5424030034_h_00.wav_0_0.jpg,0.0,1.0,0.8362535,0.16374648,False
5424030034_h_00.wav_1_0.jpg,0.0,1.0,0.9963959,0.003604114,False
5424030034_h_00.wav_2_0.jpg,0.0,1.0,0.97210085,0.027899146,False
5424030034_h_00.wav_3_0.jpg,0.0,0.0,0.0010625786,0.9989374,True
5424030036_h_00.wav_0_0.jpg,0.0,0.0,0.011193125,0.9888069,True
5424030038_h_00.wav_0_0.jpg,0.0,1.0,0.90489644,0.09510356,False
5424030038_h_00.wav_1_0.jpg,0.0,1.0,0.9696832,0.03031683,False
5424030038_h_00.wav_2_0.jpg,0.0,0.0,0.32920244,0.6707976,True
5424030038_h_00.wav_3_0.jpg,0.0,0.0,0.0026017271,0.99739826,True
5424030041_h_00.wav_0_0.jpg,0.0,1.0,0.7349619,0.26503807,False
5424030042_h_00.wav_0_0.jpg,0.0,0.0,0.15426297,0.84573704,True
5424030046_h_00.wav_0_0.jpg,0.0,0.0,0.000775677,0.9992243,True
5424030048_h_00.wav_0_0.jpg,0.0,0.0,0.031573866,0.9684261,True
5424030049_h_00.wav_0_0.jpg,0.0,1.0,0.890033,0.10996699,False
5424030050_h_00.wav_0_0.jpg,0.0,0.0,0.0023830852,0.9976169,True
5424030051_h_00.wav_0_0.jpg,0.0,0.0,0.00035782022,0.9996422,True
5424030055_h_00.wav_0_0.jpg,0.0,0.0,0.0064693843,0.99353063,True
5424030060_h_00.wav_0_0.jpg,0.0,1.0,0.8141152,0.18588477,False
5504033001_h_00.wav_0_0.jpg,0.0,0.0,0.34474012,0.65525985,True
5504033004_h_00.wav_0_0.jpg,0.0,1.0,0.5639974,0.4360026,False
5504033008_h_00.wav_0_0.jpg,0.0,0.0,0.06242899,0.937571,True
5504033010_h_00.wav_0_0.jpg,0.0,0.0,0.4842957,0.5157043,True
5504033010_h_00.wav_1_0.jpg,0.0,0.0,0.004396636,0.9956034,True
5504033010_h_00.wav_2_0.jpg,0.0,1.0,0.6096405,0.39035952,False
5504033010_h_00.wav_3_0.jpg,0.0,0.0,0.0006297385,0.9993703,True
5504033010_h_00.wav_4_0.jpg,0.0,1.0,0.9344572,0.06554282,False
5504033012_h_00.wav_0_0.jpg,0.0,0.0,0.0001237135,0.99987626,True
5504033013_h_00.wav_0_0.jpg,0.0,1.0,0.9943901,0.0056099296,False
5504033014_h_00.wav_0_0.jpg,0.0,0.0,0.2961008,0.7038992,True
5504033014_h_00.wav_1_0.jpg,0.0,0.0,0.054307323,0.94569266,True
5504033014_h_00.wav_2_0.jpg,0.0,0.0,0.018884975,0.98111504,True
5504033015_h_00.wav_0_0.jpg,0.0,0.0,0.054016918,0.94598305,True
5504033019_h_00.wav_0_0.jpg,0.0,1.0,0.97686493,0.023135066,False
5504033020_h_00.wav_0_0.jpg,0.0,1.0,0.66482884,0.33517116,False
5504033023_h_00.wav_0_0.jpg,0.0,1.0,0.9923537,0.0076463223,False
5504033024_h_00.wav_0_0.jpg,0.0,1.0,0.91825175,0.08174825,False
5504033026_h_00.wav_0_0.jpg,0.0,1.0,0.9965276,0.0034723878,False
5504033029_h_00.wav_0_0.jpg,0.0,0.0,0.23487212,0.7651279,True
5504033030_h_00.wav_0_0.jpg,0.0,1.0,0.9701866,0.029813409,False
5504033030_h_00.wav_1_0.jpg,0.0,1.0,0.9566556,0.04334438,False
5504033030_h_00.wav_2_0.jpg,0.0,0.0,0.024086189,0.9759138,True
5504033030_h_00.wav_3_0.jpg,0.0,0.0,0.011561256,0.9884387,True
5504033030_h_00.wav_4_0.jpg,0.0,0.0,0.0035458768,0.9964541,True
5504033031_h_00.wav_0_0.jpg,0.0,1.0,0.9996855,0.0003144741,False
5504033032_h_00.wav_0_0.jpg,0.0,1.0,0.990307,0.009693027,False
5504033034_h_00.wav_0_0.jpg,0.0,0.0,0.108061485,0.8919385,True
5504033034_h_00.wav_1_0.jpg,0.0,1.0,0.95412254,0.045877457,False
5504033034_h_00.wav_2_0.jpg,0.0,0.0,0.091587655,0.90841234,True
5504033034_h_00.wav_3_0.jpg,0.0,1.0,0.998684,0.001316011,False
5504033036_h_00.wav_0_0.jpg,0.0,1.0,0.7387305,0.2612695,False
5504033038_h_00.wav_0_0.jpg,0.0,0.0,0.00055681256,0.9994432,True
5504033038_h_00.wav_1_0.jpg,0.0,1.0,0.93771416,0.06228584,False
5504033038_h_00.wav_2_0.jpg,0.0,0.0,0.09964687,0.90035313,True
5504033038_h_00.wav_3_0.jpg,0.0,0.0,0.011445751,0.98855424,True
5504033041_h_00.wav_0_0.jpg,0.0,1.0,0.7714945,0.22850549,False
5504033042_h_00.wav_0_0.jpg,0.0,0.0,0.0044204323,0.99557954,True
5504033046_h_00.wav_0_0.jpg,0.0,1.0,0.95042974,0.049570262,False
5504033048_h_00.wav_0_0.jpg,0.0,1.0,0.79439473,0.20560527,False
5504033049_h_00.wav_0_0.jpg,0.0,0.0,0.35447204,0.64552796,True
5504033050_h_00.wav_0_0.jpg,0.0,0.0,0.2897319,0.71026814,True
5504033051_h_00.wav_0_0.jpg,0.0,1.0,0.9864152,0.013584793,False
5504033055_h_00.wav_0_0.jpg,0.0,1.0,0.9163914,0.08360863,False
5504033060_h_00.wav_0_0.jpg,0.0,1.0,0.99696285,0.0030371547,False
5514032001_h_00.wav_0_0.jpg,0.0,1.0,0.98392487,0.016075134,False
5514032004_h_00.wav_0_0.jpg,0.0,0.0,0.013178763,0.98682123,True
5514032008_h_00.wav_0_0.jpg,0.0,1.0,0.91684806,0.08315194,False
5514032010_h_00.wav_0_0.jpg,0.0,0.0,0.111150086,0.8888499,True
5514032010_h_00.wav_1_0.jpg,0.0,1.0,0.9997086,0.0002914071,False
5514032010_h_00.wav_2_0.jpg,0.0,0.0,0.007001123,0.9929989,True
5514032012_h_00.wav_0_0.jpg,0.0,0.0,0.12087574,0.8791243,True
5514032013_h_00.wav_0_0.jpg,0.0,0.0,0.060213294,0.93978673,True
5514032014_h_00.wav_0_0.jpg,0.0,1.0,0.62728375,0.37271625,False
5514032014_h_00.wav_1_0.jpg,0.0,1.0,0.91787183,0.08212817,False
5514032015_h_00.wav_0_0.jpg,0.0,0.0,0.031390924,0.9686091,True
5514032019_h_00.wav_0_0.jpg,0.0,1.0,0.9737748,0.02622521,False
5514032020_h_00.wav_0_0.jpg,0.0,0.0,0.004157339,0.99584264,True
5514032023_h_00.wav_0_0.jpg,0.0,0.0,0.22413914,0.77586085,True
5514032024_h_00.wav_0_0.jpg,0.0,0.0,0.028622314,0.9713777,True
5514032026_h_00.wav_0_0.jpg,0.0,1.0,0.6750017,0.32499832,False
5514032029_h_00.wav_0_0.jpg,0.0,0.0,0.022004977,0.97799504,True
5514032030_h_00.wav_0_0.jpg,0.0,1.0,0.9637131,0.03628689,False
5514032030_h_00.wav_1_0.jpg,0.0,0.0,0.2103379,0.7896621,True
5514032030_h_00.wav_2_0.jpg,0.0,0.0,0.010877181,0.9891228,True
5514032030_h_00.wav_3_0.jpg,0.0,0.0,0.009428586,0.99057144,True
5514032030_h_00.wav_4_0.jpg,0.0,0.0,0.0049006944,0.9950993,True
5514032031_h_00.wav_0_0.jpg,0.0,1.0,0.989861,0.0101389885,False
5514032032_h_00.wav_0_0.jpg,0.0,0.0,0.0024109294,0.99758905,True
5514032034_h_00.wav_0_0.jpg,0.0,0.0,0.39228082,0.6077192,True
5514032034_h_00.wav_1_0.jpg,0.0,1.0,0.99622226,0.0037777424,False
5514032036_h_00.wav_0_0.jpg,0.0,0.0,0.38458684,0.6154132,True
5514032038_h_00.wav_0_0.jpg,0.0,1.0,0.99538827,0.0046117306,False
5514032038_h_00.wav_1_0.jpg,0.0,0.0,0.3783091,0.62169087,True
5514032038_h_00.wav_2_0.jpg,0.0,1.0,0.84675306,0.15324694,False
5514032038_h_00.wav_3_0.jpg,0.0,0.0,0.004558889,0.99544114,True
5514032041_h_00.wav_0_0.jpg,0.0,1.0,0.9997125,0.0002874732,False
5514032042_h_00.wav_0_0.jpg,0.0,0.0,0.3534737,0.64652634,True
5514032046_h_00.wav_0_0.jpg,0.0,0.0,0.0017683281,0.99823165,True
5514032048_h_00.wav_0_0.jpg,0.0,0.0,0.005490618,0.9945094,True
5514032049_h_00.wav_0_0.jpg,0.0,0.0,0.0017865483,0.99821347,True
5514032050_h_00.wav_0_0.jpg,0.0,0.0,0.37558147,0.6244185,True
5514032051_h_00.wav_0_0.jpg,0.0,0.0,0.0004414372,0.99955857,True
5514032055_h_00.wav_0_0.jpg,0.0,0.0,0.13938475,0.86061525,True
5514032059_h_00.wav_0_0.jpg,0.0,0.0,0.02349387,0.9765061,True
5514032060_h_00.wav_0_0.jpg,0.0,1.0,0.8027476,0.1972524,False
5574063001_h_00.wav_0_0.jpg,0.0,1.0,0.5026616,0.4973384,False
5574063004_h_00.wav_0_0.jpg,0.0,0.0,0.04667821,0.9533218,True
5574063008_h_00.wav_0_0.jpg,0.0,1.0,0.99992275,7.724762e-05,False
5574063010_h_00.wav_0_0.jpg,0.0,0.0,0.41476306,0.5852369,True
5574063010_h_00.wav_1_0.jpg,0.0,1.0,0.9965211,0.0034788847,False
5574063010_h_00.wav_2_0.jpg,0.0,1.0,0.99717075,0.0028292537,False
5574063010_h_00.wav_3_0.jpg,0.0,0.0,0.20032616,0.79967386,True
5574063010_h_00.wav_4_0.jpg,0.0,0.0,0.00041850473,0.9995815,True
5574063012_h_00.wav_0_0.jpg,0.0,1.0,0.9968388,0.003161192,False
5574063013_h_00.wav_0_0.jpg,0.0,0.0,0.007247392,0.9927526,True
5574063014_h_00.wav_0_0.jpg,0.0,0.0,0.11761766,0.88238233,True
5574063014_h_00.wav_1_0.jpg,0.0,1.0,0.6435643,0.35643572,False
5574063014_h_00.wav_2_0.jpg,0.0,0.0,0.032191075,0.9678089,True
5574063015_h_00.wav_0_0.jpg,0.0,1.0,0.71129966,0.28870034,False
5574063019_h_00.wav_0_0.jpg,0.0,1.0,0.98290265,0.017097354,False
5574063020_h_00.wav_0_0.jpg,0.0,1.0,0.9762998,0.023700178,False
5574063023_h_00.wav_0_0.jpg,0.0,0.0,0.0006618025,0.9993382,True
5574063024_h_00.wav_0_0.jpg,0.0,1.0,0.97786784,0.022132158,False
5574063026_h_00.wav_0_0.jpg,0.0,0.0,0.42276186,0.57723814,True
5574063029_h_00.wav_0_0.jpg,0.0,1.0,0.69918555,0.30081445,False
5574063030_h_00.wav_0_0.jpg,0.0,0.0,0.22765179,0.7723482,True
5574063030_h_00.wav_1_0.jpg,0.0,1.0,0.99170554,0.008294463,False
5574063030_h_00.wav_2_0.jpg,0.0,1.0,0.587299,0.412701,False
5574063030_h_00.wav_3_0.jpg,0.0,0.0,0.15333779,0.8466622,True
5574063030_h_00.wav_4_0.jpg,0.0,1.0,0.97908425,0.020915747,False
5574063031_h_00.wav_0_0.jpg,0.0,0.0,0.46617103,0.533829,True
5574063032_h_00.wav_0_0.jpg,0.0,0.0,0.43308282,0.5669172,True
5574063034_h_00.wav_0_0.jpg,0.0,1.0,0.7996399,0.20036012,False
5574063034_h_00.wav_1_0.jpg,0.0,0.0,0.03358895,0.96641105,True
5574063034_h_00.wav_2_0.jpg,0.0,0.0,0.0016811753,0.99831885,True
5574063034_h_00.wav_3_0.jpg,0.0,1.0,0.94396234,0.056037664,False
5574063036_h_00.wav_0_0.jpg,0.0,1.0,0.97941554,0.020584464,False
5574063038_h_00.wav_0_0.jpg,0.0,0.0,0.008430139,0.9915699,True
5574063038_h_00.wav_1_0.jpg,0.0,0.0,0.3258387,0.6741613,True
5574063038_h_00.wav_2_0.jpg,0.0,1.0,0.93892896,0.06107104,False
5574063038_h_00.wav_3_0.jpg,0.0,0.0,0.17851715,0.82148284,True
5574063038_h_00.wav_4_0.jpg,0.0,0.0,0.026503302,0.9734967,True
5574063041_h_00.wav_0_0.jpg,0.0,1.0,0.9851422,0.014857829,False
5574063042_h_00.wav_0_0.jpg,0.0,1.0,0.99108243,0.00891757,False
5574063046_h_00.wav_0_0.jpg,0.0,1.0,0.9899005,0.010099471,False
5574063048_h_00.wav_0_0.jpg,0.0,1.0,0.9668387,0.033161283,False
5574063049_h_00.wav_0_0.jpg,0.0,0.0,0.011024166,0.9889758,True
5574063051_h_00.wav_0_0.jpg,0.0,1.0,0.99367034,0.0063296556,False
5574063055_h_00.wav_0_0.jpg,0.0,1.0,0.94196045,0.058039546,False
5574063059_h_00.wav_0_0.jpg,0.0,1.0,0.9999305,6.9499016e-05,False
5574063060_h_00.wav_0_0.jpg,0.0,1.0,0.9999809,1.9073486e-05,False
5624065001_h_00.wav_0_0.jpg,0.0,0.0,0.21320058,0.78679943,True
5624065004_h_00.wav_0_0.jpg,0.0,0.0,0.16231693,0.8376831,True
5624065008_h_00.wav_0_0.jpg,0.0,1.0,0.9720283,0.027971685,False
5624065010_h_00.wav_0_0.jpg,0.0,0.0,0.00022136973,0.9997786,True
5624065010_h_00.wav_1_0.jpg,0.0,0.0,0.0003614763,0.9996385,True
5624065010_h_00.wav_2_0.jpg,0.0,1.0,0.5932638,0.4067362,False
5624065010_h_00.wav_3_0.jpg,0.0,0.0,0.23513994,0.76486003,True
5624065012_h_00.wav_0_0.jpg,0.0,0.0,0.10240096,0.89759904,True
5624065013_h_00.wav_0_0.jpg,0.0,0.0,0.022422269,0.97757775,True
5624065014_h_00.wav_0_0.jpg,0.0,0.0,0.00015070732,0.9998493,True
5624065014_h_00.wav_1_0.jpg,0.0,0.0,0.00017686601,0.99982315,True
5624065014_h_00.wav_2_0.jpg,0.0,0.0,0.0035803316,0.99641967,True
5624065015_h_00.wav_0_0.jpg,0.0,0.0,0.0029233026,0.9970767,True
5624065019_h_00.wav_0_0.jpg,0.0,0.0,0.10749936,0.89250064,True
5624065020_h_00.wav_0_0.jpg,0.0,0.0,0.0019921502,0.99800783,True
5624065023_h_00.wav_0_0.jpg,0.0,0.0,0.0006044031,0.9993956,True
5624065024_h_00.wav_0_0.jpg,0.0,1.0,0.95033985,0.049660146,False
5624065026_h_00.wav_0_0.jpg,0.0,1.0,0.5238118,0.47618818,False
5624065029_h_00.wav_0_0.jpg,0.0,0.0,0.0015074228,0.9984926,True
5624065030_h_00.wav_0_0.jpg,0.0,0.0,0.00058491714,0.9994151,True
5624065030_h_00.wav_1_0.jpg,0.0,0.0,0.0004394228,0.9995606,True
5624065030_h_00.wav_2_0.jpg,0.0,0.0,0.00683873,0.99316126,True
5624065030_h_00.wav_3_0.jpg,0.0,0.0,0.00034911095,0.9996509,True
5624065031_h_00.wav_0_0.jpg,0.0,1.0,0.9099995,0.09000051,False
5624065032_h_00.wav_0_0.jpg,0.0,1.0,0.88043237,0.11956763,False
5624065034_h_00.wav_0_0.jpg,0.0,0.0,0.26205602,0.737944,True
5624065034_h_00.wav_1_0.jpg,0.0,0.0,0.0002259278,0.9997741,True
5624065034_h_00.wav_2_0.jpg,0.0,0.0,0.008193786,0.9918062,True
5624065034_h_00.wav_3_0.jpg,0.0,0.0,0.00020792909,0.9997921,True
5624065034_h_00.wav_4_0.jpg,0.0,0.0,6.543374e-05,0.99993455,True
5624065036_h_00.wav_0_0.jpg,0.0,0.0,0.04964627,0.95035374,True
5624065038_h_00.wav_0_0.jpg,0.0,0.0,0.00044201323,0.999558,True
5624065038_h_00.wav_1_0.jpg,0.0,0.0,0.0005568362,0.9994432,True
5624065038_h_00.wav_2_0.jpg,0.0,0.0,8.594916e-05,0.99991405,True
5624065038_h_00.wav_3_0.jpg,0.0,0.0,6.9123016e-05,0.99993086,True
5624065038_h_00.wav_4_0.jpg,0.0,0.0,0.0010051065,0.9989949,True
5624065041_h_00.wav_0_0.jpg,0.0,0.0,0.024775155,0.97522485,True
5624065042_h_00.wav_0_0.jpg,0.0,0.0,0.48731923,0.51268077,True
5624065046_h_00.wav_0_0.jpg,0.0,0.0,0.015459553,0.98454046,True
5624065048_h_00.wav_0_0.jpg,0.0,0.0,0.41892463,0.5810754,True
5624065049_h_00.wav_0_0.jpg,0.0,0.0,0.056871857,0.94312817,True
5624065050_h_00.wav_0_0.jpg,0.0,1.0,0.50026524,0.49973476,False
5624065051_h_00.wav_0_0.jpg,0.0,0.0,0.2378929,0.76210713,True
5624065055_h_00.wav_0_0.jpg,0.0,0.0,0.0074140946,0.9925859,True
5624065060_h_00.wav_0_0.jpg,0.0,0.0,0.009680922,0.9903191,True
5634041001_h_00.wav_0_0.jpg,0.0,0.0,0.0005143701,0.9994856,True
5634041004_h_00.wav_0_0.jpg,0.0,0.0,9.595883e-05,0.99990404,True
5634041008_h_00.wav_0_0.jpg,0.0,0.0,0.0050648353,0.99493515,True
5634041010_h_00.wav_0_0.jpg,0.0,0.0,0.0013046458,0.9986954,True
5634041010_h_00.wav_1_0.jpg,0.0,0.0,0.00464358,0.99535644,True
5634041010_h_00.wav_2_0.jpg,0.0,0.0,0.014469221,0.9855308,True
5634041010_h_00.wav_3_0.jpg,0.0,0.0,0.3962101,0.6037899,True
5634041012_h_00.wav_0_0.jpg,0.0,0.0,0.0022631967,0.9977368,True
5634041013_h_00.wav_0_0.jpg,0.0,0.0,0.02470167,0.97529835,True
5634041014_h_00.wav_0_0.jpg,0.0,0.0,0.00015208725,0.9998479,True
5634041014_h_00.wav_1_0.jpg,0.0,0.0,5.619745e-05,0.9999438,True
5634041015_h_00.wav_0_0.jpg,0.0,0.0,0.024238408,0.9757616,True
5634041019_h_00.wav_0_0.jpg,0.0,0.0,0.005262534,0.99473745,True
5634041020_h_00.wav_0_0.jpg,0.0,1.0,0.9779856,0.02201438,False
5634041023_h_00.wav_0_0.jpg,0.0,0.0,1.9201878e-05,0.9999808,True
5634041024_h_00.wav_0_0.jpg,0.0,1.0,0.7971034,0.2028966,False
5634041026_h_00.wav_0_0.jpg,0.0,0.0,0.0006110342,0.999389,True
5634041029_h_00.wav_0_0.jpg,0.0,0.0,4.492143e-06,0.9999955,True
5634041030_h_00.wav_0_0.jpg,0.0,0.0,0.00016945599,0.99983054,True
5634041030_h_00.wav_1_0.jpg,0.0,0.0,0.030650731,0.96934927,True
5634041030_h_00.wav_2_0.jpg,0.0,0.0,2.568437e-06,0.99999744,True
5634041030_h_00.wav_3_0.jpg,0.0,0.0,6.174574e-05,0.99993825,True
5634041030_h_00.wav_4_0.jpg,0.0,0.0,9.832661e-05,0.99990165,True
5634041031_h_00.wav_0_0.jpg,0.0,0.0,0.0052006054,0.9947994,True
5634041032_h_00.wav_0_0.jpg,0.0,0.0,0.036150333,0.96384966,True
5634041034_h_00.wav_0_0.jpg,0.0,0.0,0.0006260417,0.999374,True
5634041034_h_00.wav_1_0.jpg,0.0,0.0,5.7590165e-05,0.9999424,True
5634041034_h_00.wav_2_0.jpg,0.0,0.0,2.3102102e-05,0.9999769,True
5634041034_h_00.wav_3_0.jpg,0.0,0.0,0.00053021556,0.99946976,True
5634041036_h_00.wav_0_0.jpg,0.0,1.0,0.9957027,0.004297316,False
5634041038_h_00.wav_0_0.jpg,0.0,0.0,0.002780523,0.9972195,True
5634041038_h_00.wav_1_0.jpg,0.0,0.0,4.7384747e-05,0.9999526,True
5634041038_h_00.wav_2_0.jpg,0.0,0.0,7.129979e-05,0.9999287,True
5634041038_h_00.wav_3_0.jpg,0.0,1.0,0.7000058,0.29999417,False
5634041041_h_00.wav_0_0.jpg,0.0,0.0,0.00030841335,0.9996916,True
5634041042_h_00.wav_0_0.jpg,0.0,0.0,0.028628357,0.97137165,True
5634041046_h_00.wav_0_0.jpg,0.0,0.0,0.0044279764,0.99557203,True
5634041048_h_00.wav_0_0.jpg,0.0,0.0,0.0007817143,0.9992183,True
5634041049_h_00.wav_0_0.jpg,0.0,0.0,0.010801199,0.9891988,True
5634041050_h_00.wav_0_0.jpg,0.0,0.0,0.00049018173,0.9995098,True
5634041051_h_00.wav_0_0.jpg,0.0,0.0,0.010272334,0.9897277,True
5634041055_h_00.wav_0_0.jpg,0.0,0.0,0.06985051,0.9301495,True
5634041059_h_00.wav_0_0.jpg,0.0,0.0,0.0011139739,0.99888605,True
5634041060_h_00.wav_0_0.jpg,0.0,1.0,0.9912949,0.00870508,False
5654049001_h_00.wav_0_0.jpg,0.0,0.0,0.00018354117,0.9998165,True
5654049004_h_00.wav_0_0.jpg,0.0,0.0,0.0006256922,0.99937433,True
5654049008_h_00.wav_0_0.jpg,0.0,0.0,0.0001877437,0.99981225,True
5654049010_h_00.wav_0_0.jpg,0.0,0.0,0.018990017,0.98100996,True
5654049010_h_00.wav_1_0.jpg,0.0,0.0,0.001830514,0.9981695,True
5654049010_h_00.wav_2_0.jpg,0.0,0.0,0.0006738889,0.9993261,True
5654049010_h_00.wav_3_0.jpg,0.0,0.0,0.036039446,0.9639605,True
5654049010_h_00.wav_4_0.jpg,0.0,0.0,0.0022713998,0.9977286,True
5654049012_h_00.wav_0_0.jpg,0.0,0.0,4.362297e-06,0.99999565,True
5654049013_h_00.wav_0_0.jpg,0.0,0.0,0.0007850957,0.9992149,True
5654049014_h_00.wav_0_0.jpg,0.0,0.0,0.047993187,0.9520068,True
5654049014_h_00.wav_1_0.jpg,0.0,0.0,0.036255933,0.96374404,True
5654049015_h_00.wav_0_0.jpg,0.0,0.0,0.0008784097,0.9991216,True
5654049019_h_00.wav_0_0.jpg,0.0,0.0,0.0054634362,0.9945366,True
5654049020_h_00.wav_0_0.jpg,0.0,0.0,0.063752994,0.936247,True
5654049023_h_00.wav_0_0.jpg,0.0,0.0,5.090114e-05,0.9999491,True
5654049024_h_00.wav_0_0.jpg,0.0,1.0,0.97045565,0.029544353,False
5654049026_h_00.wav_0_0.jpg,0.0,0.0,0.0017423051,0.9982577,True
5654049029_h_00.wav_0_0.jpg,0.0,0.0,0.0019763769,0.9980236,True
5654049030_h_00.wav_0_0.jpg,0.0,0.0,0.016992765,0.98300725,True
5654049030_h_00.wav_1_0.jpg,0.0,0.0,0.00077419786,0.9992258,True
5654049030_h_00.wav_2_0.jpg,0.0,0.0,0.054151047,0.94584894,True
5654049030_h_00.wav_3_0.jpg,0.0,0.0,0.02086454,0.97913545,True
5654049031_h_00.wav_0_0.jpg,0.0,0.0,0.02822775,0.97177225,True
5654049032_h_00.wav_0_0.jpg,0.0,0.0,0.020026192,0.9799738,True
5654049034_h_00.wav_0_0.jpg,0.0,0.0,0.0037713787,0.99622864,True
5654049034_h_00.wav_1_0.jpg,0.0,0.0,0.0047793617,0.99522066,True
5654049034_h_00.wav_2_0.jpg,0.0,0.0,0.0007007615,0.9992992,True
5654049034_h_00.wav_3_0.jpg,0.0,0.0,0.0017895424,0.99821043,True
5654049034_h_00.wav_4_0.jpg,0.0,0.0,0.01234486,0.98765516,True
5654049036_h_00.wav_0_0.jpg,0.0,0.0,9.444631e-05,0.9999055,True
5654049038_h_00.wav_0_0.jpg,0.0,1.0,0.89796513,0.10203487,False
5654049038_h_00.wav_1_0.jpg,0.0,0.0,0.0009290595,0.99907094,True
5654049038_h_00.wav_2_0.jpg,0.0,1.0,0.7566294,0.2433706,False
5654049038_h_00.wav_3_0.jpg,0.0,0.0,0.022958966,0.977041,True
5654049041_h_00.wav_0_0.jpg,0.0,0.0,0.0007011583,0.9992989,True
5654049042_h_00.wav_0_0.jpg,0.0,0.0,0.0021903024,0.9978097,True
5654049048_h_00.wav_0_0.jpg,0.0,0.0,0.005482396,0.9945176,True
5654049049_h_00.wav_0_0.jpg,0.0,0.0,0.0030873297,0.99691266,True
5654049051_h_00.wav_0_0.jpg,0.0,0.0,0.13625854,0.86374146,True
5654049055_h_00.wav_0_0.jpg,0.0,1.0,0.98944235,0.0105576515,False
5654049060_h_00.wav_0_0.jpg,0.0,1.0,0.8543634,0.14563662,False
5683069001_h_00.wav_0_0.jpg,0.0,1.0,0.9988972,0.0011028051,False
5683069002_h_00.wav_0_0.jpg,0.0,1.0,0.97311777,0.026882231,False
5683069002_h_00.wav_1_0.jpg,0.0,1.0,0.55186445,0.44813555,False
5683069002_h_00.wav_2_0.jpg,0.0,0.0,0.18092112,0.81907886,True
5683069002_h_00.wav_3_0.jpg,0.0,1.0,0.99931026,0.00068974495,False
5683069003_h_00.wav_0_0.jpg,0.0,1.0,0.9983354,0.0016645789,False
5683069004_h_00.wav_0_0.jpg,0.0,1.0,0.9838681,0.016131878,False
5683069005_h_00.wav_0_0.jpg,0.0,1.0,0.9970854,0.0029146075,False
5683069005_h_00.wav_1_0.jpg,0.0,1.0,0.89300877,0.10699123,False
5683069005_h_00.wav_2_0.jpg,0.0,1.0,0.7904535,0.2095465,False
5683069005_h_00.wav_3_0.jpg,0.0,0.0,0.030930273,0.9690697,True
5683069005_h_00.wav_4_0.jpg,0.0,1.0,0.9764617,0.023538291,False
5683069006_h_00.wav_0_0.jpg,0.0,1.0,0.99879766,0.0012023449,False
5683069007_h_00.wav_0_0.jpg,0.0,1.0,0.9988148,0.0011851788,False
5683069008_h_00.wav_0_0.jpg,0.0,1.0,0.97168106,0.028318942,False
5683069009_h_00.wav_0_0.jpg,0.0,1.0,0.984576,0.015424013,False
5683069010_h_00.wav_0_0.jpg,0.0,1.0,0.9999982,1.7881393e-06,False
5683069010_h_00.wav_1_0.jpg,0.0,0.0,0.028553758,0.9714462,True
5683069010_h_00.wav_2_0.jpg,0.0,1.0,0.99886763,0.001132369,False
5683069010_h_00.wav_3_0.jpg,0.0,1.0,0.9929826,0.007017374,False
5683069010_h_00.wav_4_0.jpg,0.0,0.0,0.30294332,0.69705665,True
5683069011_h_00.wav_0_0.jpg,0.0,1.0,0.98022527,0.019774735,False
5683069012_h_00.wav_0_0.jpg,0.0,0.0,0.032689873,0.96731013,True
5683069013_h_00.wav_0_0.jpg,0.0,1.0,0.9998827,0.00011730194,False
5683069014_h_00.wav_0_0.jpg,0.0,1.0,0.7031874,0.2968126,False
5683069014_h_00.wav_1_0.jpg,0.0,0.0,0.03585339,0.9641466,True
5683069015_h_00.wav_0_0.jpg,0.0,0.0,0.0037509708,0.996249,True
5683069016_h_00.wav_0_0.jpg,0.0,1.0,0.9864152,0.013584793,False
5683069017_h_00.wav_0_0.jpg,0.0,1.0,0.9261094,0.07389063,False
5683069018_h_00.wav_0_0.jpg,0.0,1.0,0.9998648,0.00013518333,False
5683069018_h_00.wav_1_0.jpg,0.0,0.0,0.006557244,0.9934428,True
5683069018_h_00.wav_2_0.jpg,0.0,1.0,0.9870647,0.012935281,False
5683069018_h_00.wav_3_0.jpg,0.0,0.0,0.1627989,0.8372011,True
5683069018_h_00.wav_4_0.jpg,0.0,0.0,0.1182869,0.8817131,True
5683069019_h_00.wav_0_0.jpg,0.0,1.0,0.99994147,5.853176e-05,False
5683069020_h_00.wav_0_0.jpg,0.0,0.0,0.0124431765,0.9875568,True
5683069021_h_00.wav_0_0.jpg,0.0,0.0,0.0015768711,0.9984231,True
5683069022_h_00.wav_0_0.jpg,0.0,0.0,0.0042907596,0.99570924,True
5683069024_h_00.wav_0_0.jpg,0.0,1.0,0.9780984,0.021901608,False
5683069025_h_00.wav_0_0.jpg,0.0,0.0,0.0026240565,0.99737597,True
5683069026_h_00.wav_0_0.jpg,0.0,1.0,0.8352257,0.1647743,False
5683069027_h_00.wav_0_0.jpg,0.0,0.0,0.005642361,0.99435765,True
5683069028_h_00.wav_0_0.jpg,0.0,1.0,0.9292601,0.070739925,False
5683069029_h_00.wav_0_0.jpg,0.0,1.0,0.9970214,0.002978623,False
5683069030_h_00.wav_0_0.jpg,0.0,1.0,0.9870716,0.012928426,False
5684067001_h_00.wav_0_0.jpg,0.0,1.0,0.97829664,0.021703362,False
5684067004_h_00.wav_0_0.jpg,0.0,0.0,0.002666082,0.99733394,True
5684067008_h_00.wav_0_0.jpg,0.0,1.0,0.99856275,0.0014372468,False
5684067010_h_00.wav_0_0.jpg,0.0,1.0,0.90221566,0.09778434,False
5684067010_h_00.wav_1_0.jpg,0.0,1.0,0.99803334,0.0019666553,False
5684067010_h_00.wav_2_0.jpg,0.0,1.0,0.88415027,0.11584973,False
5684067010_h_00.wav_3_0.jpg,0.0,1.0,0.93495315,0.06504685,False
5684067012_h_00.wav_0_0.jpg,0.0,0.0,0.022441978,0.977558,True
5684067013_h_00.wav_0_0.jpg,0.0,1.0,0.7666256,0.23337442,False
5684067014_h_00.wav_0_0.jpg,0.0,0.0,0.32975048,0.6702495,True
5684067014_h_00.wav_1_0.jpg,0.0,1.0,0.9558951,0.044104874,False
5684067015_h_00.wav_0_0.jpg,0.0,0.0,0.3861187,0.6138813,True
5684067019_h_00.wav_0_0.jpg,0.0,1.0,0.98899823,0.011001766,False
5684067020_h_00.wav_0_0.jpg,0.0,1.0,0.98299915,0.017000854,False
5684067023_h_00.wav_0_0.jpg,0.0,0.0,0.016783327,0.98321664,True
5684067024_h_00.wav_0_0.jpg,0.0,0.0,0.06496896,0.93503106,True
5684067026_h_00.wav_0_0.jpg,0.0,1.0,0.98765194,0.012348056,False
5684067029_h_00.wav_0_0.jpg,0.0,1.0,0.9948718,0.005128205,False
5684067030_h_00.wav_0_0.jpg,0.0,1.0,0.98154736,0.018452644,False
5684067030_h_00.wav_1_0.jpg,0.0,1.0,0.9957898,0.004210174,False
5684067030_h_00.wav_2_0.jpg,0.0,0.0,0.119670734,0.88032925,True
5684067030_h_00.wav_3_0.jpg,0.0,1.0,0.97042805,0.02957195,False
5684067031_h_00.wav_0_0.jpg,0.0,1.0,0.9782029,0.02179712,False
5684067032_h_00.wav_0_0.jpg,0.0,0.0,0.014057796,0.9859422,True
5684067034_h_00.wav_0_0.jpg,0.0,1.0,0.999801,0.00019901991,False
5684067034_h_00.wav_1_0.jpg,0.0,1.0,0.5206464,0.4793536,False
5684067034_h_00.wav_2_0.jpg,0.0,1.0,0.9988242,0.0011758208,False
5684067034_h_00.wav_3_0.jpg,0.0,0.0,0.036095705,0.9639043,True
5684067034_h_00.wav_4_0.jpg,0.0,1.0,0.81359184,0.18640816,False
5684067036_h_01.wav_0_0.jpg,0.0,0.0,0.38267913,0.6173209,True
5684067038_h_00.wav_0_0.jpg,0.0,1.0,0.9688339,0.031166077,False
5684067038_h_00.wav_1_0.jpg,0.0,1.0,0.99440694,0.0055930614,False
5684067038_h_00.wav_2_0.jpg,0.0,0.0,0.014312463,0.98568755,True
5684067038_h_00.wav_3_0.jpg,0.0,1.0,0.9968195,0.0031805038,False
5684067041_h_00.wav_0_0.jpg,0.0,0.0,0.0016307607,0.9983692,True
5684067042_h_00.wav_0_0.jpg,0.0,0.0,0.14734493,0.85265505,True
5684067046_h_00.wav_0_0.jpg,0.0,0.0,0.003859814,0.9961402,True
5684067048_h_00.wav_0_0.jpg,0.0,0.0,0.0016097871,0.9983902,True
5684067049_h_00.wav_0_0.jpg,0.0,0.0,0.08007121,0.9199288,True
5684067050_h_00.wav_0_0.jpg,0.0,1.0,0.68063253,0.31936747,False
5684067051_h_00.wav_0_0.jpg,0.0,0.0,0.0002942384,0.99970573,True
5684067055_h_00.wav_0_0.jpg,0.0,0.0,0.00030145067,0.9996985,True
5684067059_h_00.wav_0_0.jpg,0.0,1.0,0.99150324,0.008496761,False
5684067060_h_00.wav_0_0.jpg,0.0,1.0,0.6594018,0.34059823,False
5693070001_h_00.wav_0_0.jpg,0.0,1.0,0.9998585,0.00014150143,False
5693070002_h_00.wav_0_0.jpg,0.0,0.0,0.43879673,0.56120324,True
5693070002_h_00.wav_1_0.jpg,0.0,0.0,0.022846267,0.9771537,True
5693070002_h_00.wav_2_0.jpg,0.0,1.0,0.8600355,0.13996452,False
5693070002_h_00.wav_3_0.jpg,0.0,1.0,0.9095259,0.09047413,False
5693070003_h_00.wav_0_0.jpg,0.0,1.0,0.9955212,0.004478812,False
5693070004_h_00.wav_0_0.jpg,0.0,1.0,0.99997675,2.3245811e-05,False
5693070005_h_00.wav_0_0.jpg,0.0,1.0,0.998555,0.0014449954,False
5693070005_h_00.wav_1_0.jpg,0.0,0.0,0.05208549,0.9479145,True
5693070005_h_00.wav_2_0.jpg,0.0,0.0,0.00029923068,0.9997008,True
5693070005_h_00.wav_3_0.jpg,0.0,0.0,0.3476334,0.65236664,True
5693070005_h_00.wav_4_0.jpg,0.0,0.0,0.45271775,0.5472822,True
5693070006_h_00.wav_0_0.jpg,0.0,1.0,0.9980538,0.0019462109,False
5693070007_h_00.wav_0_0.jpg,0.0,0.0,0.03301603,0.966984,True
5693070008_h_00.wav_0_0.jpg,0.0,1.0,0.99852943,0.0014705658,False
5693070009_h_00.wav_0_0.jpg,0.0,1.0,0.7407684,0.25923163,False
5693070010_h_00.wav_0_0.jpg,0.0,1.0,0.52230495,0.47769505,False
5693070010_h_00.wav_1_0.jpg,0.0,1.0,0.99356514,0.006434858,False
5693070010_h_00.wav_2_0.jpg,0.0,1.0,0.5882446,0.41175538,False
5693070010_h_00.wav_3_0.jpg,0.0,0.0,0.022859557,0.9771404,True
5693070011_h_00.wav_0_0.jpg,0.0,1.0,0.9647915,0.035208523,False
5693070012_h_00.wav_0_0.jpg,0.0,1.0,0.97659415,0.02340585,False
5693070013_h_00.wav_0_0.jpg,0.0,1.0,0.9513339,0.04866612,False
5693070014_h_00.wav_0_0.jpg,0.0,1.0,0.99983835,0.0001616478,False
5693070015_h_00.wav_0_0.jpg,0.0,1.0,0.9989942,0.0010058284,False
5693070016_h_00.wav_0_0.jpg,0.0,1.0,0.9958658,0.004134178,False
5693070017_h_00.wav_0_0.jpg,0.0,1.0,0.9999597,4.029274e-05,False
5693070018_h_00.wav_0_0.jpg,0.0,0.0,0.0015024936,0.9984975,True
5693070018_h_00.wav_1_0.jpg,0.0,0.0,0.3021634,0.69783664,True
5693070018_h_00.wav_2_0.jpg,0.0,1.0,0.5910864,0.4089136,False
5693070018_h_00.wav_3_0.jpg,0.0,0.0,0.05172107,0.9482789,True
5693070019_h_00.wav_0_0.jpg,0.0,0.0,0.4055293,0.59447074,True
5693070020_h_00.wav_0_0.jpg,0.0,1.0,0.9902739,0.009726107,False
5693070021_h_00.wav_0_0.jpg,0.0,1.0,0.91767544,0.082324564,False
5693070022_h_00.wav_0_0.jpg,0.0,1.0,0.9869357,0.013064325,False
5693070024_h_00.wav_0_0.jpg,0.0,0.0,0.07885225,0.92114776,True
5693070025_h_00.wav_0_0.jpg,0.0,1.0,0.60585004,0.39414996,False
5693070026_h_00.wav_0_0.jpg,0.0,0.0,0.26746383,0.7325362,True
5693070027_h_00.wav_0_0.jpg,0.0,1.0,0.99610776,0.003892243,False
5693070028_h_00.wav_0_0.jpg,0.0,1.0,0.7253235,0.2746765,False
5693070030_h_00.wav_0_0.jpg,0.0,0.0,0.4227729,0.5772271,True
5694055001_h_00.wav_0_0.jpg,0.0,1.0,0.9996106,0.00038939714,False
5694055004_h_00.wav_0_0.jpg,0.0,1.0,0.95532525,0.044674754,False
5694055008_h_00.wav_0_0.jpg,0.0,1.0,0.8688201,0.13117993,False
5694055010_h_00.wav_0_0.jpg,0.0,0.0,0.15679502,0.843205,True
5694055010_h_00.wav_1_0.jpg,0.0,1.0,0.8976086,0.10239142,False
5694055010_h_00.wav_2_0.jpg,0.0,0.0,0.0032729125,0.9967271,True
5694055010_h_00.wav_3_0.jpg,0.0,0.0,0.30727762,0.6927224,True
5694055010_h_00.wav_4_0.jpg,0.0,0.0,0.013016085,0.9869839,True
5694055012_h_00.wav_0_0.jpg,0.0,1.0,0.8558955,0.14410448,False
5694055013_h_00.wav_0_0.jpg,0.0,1.0,0.9992385,0.00076150894,False
5694055014_h_00.wav_0_0.jpg,0.0,0.0,0.44665116,0.55334884,True
5694055014_h_00.wav_1_0.jpg,0.0,0.0,0.056549493,0.9434505,True
5694055015_h_00.wav_0_0.jpg,0.0,1.0,0.992393,0.007606983,False
5694055019_h_00.wav_0_0.jpg,0.0,1.0,0.9986253,0.0013747215,False
5694055020_h_00.wav_0_0.jpg,0.0,1.0,0.6387739,0.36122608,False
5694055023_h_00.wav_0_0.jpg,0.0,0.0,0.00023084476,0.99976915,True
5694055024_h_00.wav_0_0.jpg,0.0,1.0,0.9921767,0.007823288,False
5694055026_h_00.wav_0_0.jpg,0.0,1.0,0.719804,0.280196,False
5694055029_h_00.wav_0_0.jpg,0.0,0.0,0.0056333276,0.99436665,True
5694055030_h_00.wav_0_0.jpg,0.0,1.0,0.53490365,0.46509635,False
5694055030_h_00.wav_1_0.jpg,0.0,1.0,0.8990403,0.10095972,False
5694055030_h_00.wav_2_0.jpg,0.0,1.0,0.5697757,0.4302243,False
5694055030_h_00.wav_3_0.jpg,0.0,0.0,0.15532753,0.84467244,True
5694055030_h_00.wav_4_0.jpg,0.0,0.0,0.0048844507,0.9951156,True
5694055031_h_00.wav_0_0.jpg,0.0,0.0,0.006887677,0.9931123,True
5694055032_h_00.wav_0_0.jpg,0.0,0.0,0.01602963,0.98397034,True
5694055034_h_00.wav_0_0.jpg,0.0,0.0,0.1118204,0.8881796,True
5694055034_h_00.wav_1_0.jpg,0.0,0.0,0.00932748,0.9906725,True
5694055034_h_00.wav_2_0.jpg,0.0,0.0,0.00793811,0.9920619,True
5694055034_h_00.wav_3_0.jpg,0.0,1.0,0.5129452,0.48705482,False
5694055036_h_00.wav_0_0.jpg,0.0,1.0,0.8571454,0.14285457,False
5694055038_h_00.wav_0_0.jpg,0.0,0.0,0.07620405,0.92379594,True
5694055038_h_00.wav_1_0.jpg,0.0,0.0,0.07650527,0.9234947,True
5694055038_h_00.wav_2_0.jpg,0.0,1.0,0.7442179,0.25578213,False
5694055038_h_00.wav_3_0.jpg,0.0,0.0,0.09812592,0.90187407,True
5694055041_h_00.wav_0_0.jpg,0.0,0.0,0.004973262,0.99502677,True
5694055042_h_00.wav_0_0.jpg,0.0,0.0,0.40105057,0.59894943,True
5694055046_h_00.wav_0_0.jpg,0.0,0.0,0.0015711811,0.9984288,True
5694055049_h_00.wav_0_0.jpg,0.0,0.0,0.13509218,0.8649078,True
5694055051_h_00.wav_0_0.jpg,0.0,0.0,0.0033286233,0.9966714,True
5694055055_h_00.wav_0_0.jpg,0.0,1.0,0.99830973,0.0016902685,False
5694055060_h_00.wav_0_0.jpg,0.0,0.0,0.020015573,0.9799844,True
5724061001_h_00.wav_0_0.jpg,0.0,0.0,0.0002488431,0.99975115,True
5724061004_h_00.wav_0_0.jpg,0.0,0.0,0.0045476938,0.9954523,True
5724061008_h_00.wav_0_0.jpg,0.0,0.0,0.0009954917,0.9990045,True
5724061010_h_00.wav_0_0.jpg,0.0,0.0,4.186053e-05,0.99995816,True
5724061010_h_00.wav_1_0.jpg,0.0,0.0,0.0010475867,0.9989524,True
5724061010_h_00.wav_2_0.jpg,0.0,0.0,0.0053399494,0.9946601,True
5724061010_h_00.wav_3_0.jpg,0.0,0.0,0.21855754,0.78144246,True
5724061010_h_00.wav_4_0.jpg,0.0,0.0,0.001323901,0.9986761,True
5724061012_h_00.wav_0_0.jpg,0.0,0.0,0.0025499796,0.99745,True
5724061013_h_00.wav_0_0.jpg,0.0,0.0,0.005836737,0.9941633,True
5724061014_h_00.wav_0_0.jpg,0.0,0.0,1.5421023e-05,0.99998456,True
5724061014_h_00.wav_1_0.jpg,0.0,0.0,0.0002462547,0.9997538,True
5724061015_h_00.wav_0_0.jpg,0.0,0.0,0.099430636,0.9005694,True
5724061019_h_00.wav_0_0.jpg,0.0,0.0,0.0027476286,0.99725235,True
5724061020_h_00.wav_0_0.jpg,0.0,0.0,0.08408214,0.9159179,True
5724061023_h_00.wav_0_0.jpg,0.0,0.0,0.0014506971,0.9985493,True
5724061024_h_00.wav_0_0.jpg,0.0,0.0,0.0084256325,0.99157435,True
5724061026_h_00.wav_0_0.jpg,0.0,0.0,0.02365679,0.9763432,True
5724061029_h_00.wav_0_0.jpg,0.0,0.0,0.0008695637,0.9991304,True
5724061030_h_00.wav_0_0.jpg,0.0,0.0,0.0033149265,0.9966851,True
5724061030_h_00.wav_1_0.jpg,0.0,0.0,1.1395568e-05,0.9999886,True
5724061030_h_00.wav_2_0.jpg,0.0,0.0,0.0001121806,0.9998878,True
5724061030_h_00.wav_3_0.jpg,0.0,0.0,0.0026884149,0.9973116,True
5724061031_h_00.wav_0_0.jpg,0.0,0.0,0.0035398032,0.9964602,True
5724061032_h_00.wav_0_0.jpg,0.0,0.0,1.7994515e-05,0.999982,True
5724061034_h_00.wav_0_0.jpg,0.0,0.0,0.3284362,0.6715638,True
5724061034_h_00.wav_1_0.jpg,0.0,0.0,0.0003600487,0.9996399,True
5724061034_h_00.wav_2_0.jpg,0.0,0.0,2.7334392e-05,0.99997264,True
5724061034_h_00.wav_3_0.jpg,0.0,0.0,0.0029690498,0.997031,True
5724061034_h_00.wav_4_0.jpg,0.0,0.0,0.00016917233,0.99983084,True
5724061036_h_00.wav_0_0.jpg,0.0,0.0,0.0816705,0.9183295,True
5724061038_h_00.wav_0_0.jpg,0.0,0.0,0.18656144,0.81343853,True
5724061038_h_00.wav_1_0.jpg,0.0,0.0,4.7230096e-06,0.9999953,True
5724061038_h_00.wav_2_0.jpg,0.0,0.0,0.0046348646,0.99536514,True
5724061041_h_00.wav_0_0.jpg,0.0,0.0,0.00067599904,0.999324,True
5724061042_h_00.wav_0_0.jpg,0.0,0.0,0.0008502678,0.99914974,True
5724061046_h_00.wav_0_0.jpg,0.0,0.0,0.015875021,0.98412496,True
5724061048_h_00.wav_0_0.jpg,0.0,0.0,0.0011063131,0.9988937,True
5724061049_h_00.wav_0_0.jpg,0.0,0.0,0.00012718569,0.9998728,True
5724061050_h_00.wav_0_0.jpg,0.0,0.0,0.08775022,0.9122498,True
5724061051_h_00.wav_0_0.jpg,0.0,0.0,0.001674192,0.9983258,True
5724061055_h_00.wav_0_0.jpg,0.0,0.0,5.1953106e-05,0.999948,True
5724061060_h_00.wav_0_0.jpg,0.0,0.0,0.024902906,0.9750971,True
5754053001_h_00.wav_0_0.jpg,0.0,0.0,0.15246217,0.8475378,True
5754053004_h_00.wav_0_0.jpg,0.0,0.0,0.1423304,0.8576696,True
5754053008_h_00.wav_0_0.jpg,0.0,0.0,0.033051055,0.9669489,True
5754053010_h_00.wav_0_0.jpg,0.0,1.0,0.99954575,0.000454247,False
5754053010_h_00.wav_1_0.jpg,0.0,0.0,0.039639182,0.9603608,True
5754053010_h_00.wav_2_0.jpg,0.0,1.0,0.9961845,0.0038154721,False
5754053010_h_00.wav_3_0.jpg,0.0,0.0,0.004067446,0.9959326,True
5754053010_h_00.wav_4_0.jpg,0.0,0.0,0.0057378146,0.99426216,True
5754053012_h_00.wav_0_0.jpg,0.0,1.0,0.5017427,0.49825728,False
5754053013_h_00.wav_0_0.jpg,0.0,1.0,0.9873009,0.012699127,False
5754053014_h_00.wav_0_0.jpg,0.0,0.0,0.12869981,0.8713002,True
5754053015_h_00.wav_0_0.jpg,0.0,0.0,0.2782203,0.7217797,True
5754053019_h_00.wav_0_0.jpg,0.0,0.0,0.018597731,0.9814023,True
5754053020_h_00.wav_0_0.jpg,0.0,1.0,0.9906294,0.009370625,False
5754053023_h_00.wav_0_0.jpg,0.0,0.0,0.0026303125,0.9973697,True
5754053024_h_00.wav_0_0.jpg,0.0,0.0,0.17186394,0.8281361,True
5754053026_h_00.wav_0_0.jpg,0.0,0.0,0.3670461,0.6329539,True
5754053029_h_00.wav_0_0.jpg,0.0,0.0,0.055818476,0.9441815,True
5754053030_h_00.wav_0_0.jpg,0.0,0.0,0.40719762,0.5928024,True
5754053030_h_00.wav_1_0.jpg,0.0,1.0,0.998485,0.0015149713,False
5754053030_h_00.wav_2_0.jpg,0.0,1.0,0.9707764,0.02922362,False
5754053030_h_00.wav_3_0.jpg,0.0,0.0,0.41464108,0.5853589,True
5754053030_h_00.wav_4_0.jpg,0.0,0.0,0.017762428,0.9822376,True
5754053031_h_00.wav_0_0.jpg,0.0,1.0,0.76253873,0.23746127,False
5754053032_h_00.wav_0_0.jpg,0.0,1.0,0.90382123,0.09617877,False
5754053034_h_00.wav_0_0.jpg,0.0,0.0,0.010661329,0.9893387,True
5754053034_h_00.wav_1_0.jpg,0.0,0.0,0.00014414986,0.9998559,True
5754053034_h_00.wav_2_0.jpg,0.0,0.0,0.007829209,0.9921708,True
5754053034_h_00.wav_3_0.jpg,0.0,0.0,0.013926908,0.9860731,True
5754053034_h_00.wav_4_0.jpg,0.0,0.0,0.00056751096,0.9994325,True
5754053036_h_00.wav_0_0.jpg,0.0,1.0,0.53367144,0.46632856,False
5754053038_h_00.wav_0_0.jpg,0.0,0.0,0.48259628,0.5174037,True
5754053038_h_00.wav_1_0.jpg,0.0,0.0,0.03560209,0.9643979,True
5754053038_h_00.wav_2_0.jpg,0.0,0.0,0.2415372,0.7584628,True
5754053038_h_00.wav_3_0.jpg,0.0,0.0,0.0020814906,0.9979185,True
5754053038_h_00.wav_4_0.jpg,0.0,0.0,0.0010224277,0.9989776,True
5754053041_h_00.wav_0_0.jpg,0.0,0.0,0.0016849714,0.99831504,True
5754053042_h_00.wav_0_0.jpg,0.0,0.0,0.020825487,0.9791745,True
5754053046_h_00.wav_0_0.jpg,0.0,0.0,0.13480636,0.8651936,True
5754053048_h_00.wav_0_0.jpg,0.0,0.0,0.03604174,0.96395826,True
5754053049_h_00.wav_0_0.jpg,0.0,1.0,0.9973901,0.0026099086,False
5754053050_h_00.wav_0_0.jpg,0.0,1.0,0.54441226,0.45558774,False
5754053051_h_00.wav_0_0.jpg,0.0,1.0,0.8745257,0.12547427,False
5754053055_h_00.wav_0_0.jpg,0.0,1.0,0.9987821,0.0012179017,False
5754053060_h_00.wav_0_0.jpg,0.0,0.0,0.0067080776,0.9932919,True
5764052001_h_00.wav_0_0.jpg,0.0,0.0,0.1266297,0.8733703,True
5764052004_h_00.wav_0_0.jpg,0.0,1.0,0.9997999,0.00020009279,False
5764052008_h_00.wav_0_0.jpg,0.0,1.0,0.9984536,0.0015463829,False
5764052010_h_00.wav_0_0.jpg,0.0,0.0,0.09959653,0.9004035,True
5764052010_h_00.wav_1_0.jpg,0.0,1.0,0.7087735,0.2912265,False
5764052010_h_00.wav_2_0.jpg,0.0,0.0,0.00031370856,0.9996863,True
5764052010_h_00.wav_3_0.jpg,0.0,0.0,0.0061041634,0.9938958,True
5764052012_h_00.wav_0_0.jpg,0.0,0.0,0.21018775,0.78981227,True
5764052013_h_00.wav_0_0.jpg,0.0,1.0,0.988509,0.011491001,False
5764052014_h_00.wav_0_0.jpg,0.0,1.0,0.80701077,0.19298923,False
5764052014_h_00.wav_1_0.jpg,0.0,1.0,0.96806246,0.03193754,False
5764052015_h_00.wav_0_0.jpg,0.0,1.0,0.6401824,0.35981762,False
5764052019_h_00.wav_0_0.jpg,0.0,0.0,0.20442855,0.79557145,True
5764052020_h_00.wav_0_0.jpg,0.0,1.0,0.97855157,0.021448433,False
5764052023_h_00.wav_0_0.jpg,0.0,0.0,0.14688845,0.85311157,True
5764052024_h_00.wav_0_0.jpg,0.0,0.0,0.016296774,0.98370326,True
5764052026_h_00.wav_0_0.jpg,0.0,1.0,0.9973539,0.0026460886,False
5764052029_h_00.wav_0_0.jpg,0.0,0.0,0.051923577,0.9480764,True
5764052030_h_00.wav_0_0.jpg,0.0,1.0,0.9284274,0.0715726,False
5764052030_h_00.wav_1_0.jpg,0.0,0.0,0.35745218,0.64254785,True
5764052031_h_00.wav_0_0.jpg,0.0,1.0,0.987663,0.012337029,False
5764052032_h_00.wav_0_0.jpg,0.0,1.0,0.77791125,0.22208875,False
5764052034_h_00.wav_0_0.jpg,0.0,0.0,0.38233322,0.6176668,True
5764052034_h_00.wav_1_0.jpg,0.0,1.0,0.61603296,0.38396704,False
5764052034_h_00.wav_2_0.jpg,0.0,0.0,0.15937294,0.8406271,True
5764052034_h_00.wav_3_0.jpg,0.0,0.0,0.025651913,0.97434807,True
5764052034_h_00.wav_4_0.jpg,0.0,1.0,0.85474616,0.14525384,False
5764052036_h_00.wav_0_0.jpg,0.0,1.0,0.99845934,0.0015406609,False
5764052038_h_00.wav_0_0.jpg,0.0,1.0,0.96619874,0.033801258,False
5764052038_h_00.wav_1_0.jpg,0.0,1.0,0.9999502,4.9829483e-05,False
5764052038_h_00.wav_2_0.jpg,0.0,1.0,0.97711235,0.022887647,False
5764052041_h_00.wav_0_0.jpg,0.0,1.0,0.999348,0.0006520152,False
5764052042_h_00.wav_0_0.jpg,0.0,1.0,0.95219254,0.047807455,False
5764052046_h_00.wav_0_0.jpg,0.0,0.0,0.34238684,0.65761316,True
5764052048_h_00.wav_0_0.jpg,0.0,1.0,0.9661165,0.033883512,False
5764052049_h_00.wav_0_0.jpg,0.0,0.0,0.040946633,0.9590534,True
5764052050_h_00.wav_0_0.jpg,0.0,1.0,0.84389997,0.15610003,False
5764052051_h_00.wav_0_0.jpg,0.0,0.0,0.028654797,0.9713452,True
5764052055_h_00.wav_0_0.jpg,0.0,1.0,0.9305388,0.06946123,False
5764052059_h_00.wav_0_0.jpg,0.0,1.0,0.75029665,0.24970335,False
5764052060_h_00.wav_0_0.jpg,0.0,1.0,0.6766393,0.32336068,False
5774054001_h_00.wav_0_0.jpg,0.0,1.0,0.99114746,0.008852541,False
5774054004_h_00.wav_0_0.jpg,0.0,0.0,0.002413596,0.9975864,True
5774054008_h_00.wav_0_0.jpg,0.0,1.0,0.9569683,0.043031693,False
5774054010_h_00.wav_0_0.jpg,0.0,0.0,0.00055700395,0.999443,True
5774054010_h_00.wav_1_0.jpg,0.0,0.0,0.002139173,0.99786085,True
5774054010_h_00.wav_2_0.jpg,0.0,0.0,0.008787936,0.99121207,True
5774054010_h_00.wav_3_0.jpg,0.0,0.0,0.003767881,0.9962321,True
5774054010_h_00.wav_4_0.jpg,0.0,0.0,0.09432798,0.905672,True
5774054012_h_00.wav_0_0.jpg,0.0,1.0,0.9877158,0.012284219,False
5774054013_h_00.wav_0_0.jpg,0.0,1.0,0.9996227,0.0003772974,False
5774054014_h_00.wav_0_0.jpg,0.0,0.0,0.025391188,0.97460884,True
5774054015_h_00.wav_0_0.jpg,0.0,1.0,0.8116532,0.1883468,False
5774054019_h_00.wav_0_0.jpg,0.0,1.0,0.97124195,0.028758049,False
5774054020_h_00.wav_0_0.jpg,0.0,1.0,0.9955967,0.004403293,False
5774054023_h_00.wav_0_0.jpg,0.0,1.0,0.9622562,0.037743807,False
5774054024_h_00.wav_0_0.jpg,0.0,0.0,0.13508098,0.864919,True
5774054026_h_00.wav_0_0.jpg,0.0,0.0,0.17828512,0.8217149,True
5774054029_h_00.wav_0_0.jpg,0.0,1.0,0.88680774,0.11319226,False
5774054030_h_00.wav_0_0.jpg,0.0,0.0,0.0035470966,0.9964529,True
5774054030_h_00.wav_1_0.jpg,0.0,0.0,0.0051286994,0.9948713,True
5774054030_h_00.wav_2_0.jpg,0.0,1.0,0.93080175,0.06919825,False
5774054030_h_00.wav_3_0.jpg,0.0,1.0,0.99318874,0.006811261,False
5774054030_h_00.wav_4_0.jpg,0.0,1.0,0.94960326,0.05039674,False
5774054031_h_00.wav_0_0.jpg,0.0,1.0,0.7869162,0.2130838,False
5774054032_h_00.wav_0_0.jpg,0.0,1.0,0.91071475,0.089285254,False
5774054034_h_00.wav_0_0.jpg,0.0,1.0,0.5572781,0.4427219,False
5774054034_h_00.wav_1_0.jpg,0.0,0.0,0.0034821779,0.99651784,True
5774054034_h_00.wav_2_0.jpg,0.0,0.0,0.088850975,0.911149,True
5774054034_h_00.wav_3_0.jpg,0.0,0.0,0.23182106,0.76817894,True
5774054036_h_00.wav_0_0.jpg,0.0,0.0,0.12725937,0.8727406,True
5774054038_h_00.wav_0_0.jpg,0.0,1.0,0.52474374,0.47525626,False
5774054038_h_00.wav_1_0.jpg,0.0,1.0,0.98211735,0.017882645,False
5774054038_h_00.wav_2_0.jpg,0.0,1.0,0.9573856,0.0426144,False
5774054038_h_00.wav_3_0.jpg,0.0,1.0,0.99976987,0.00023013353,False
5774054038_h_00.wav_4_0.jpg,0.0,0.0,0.09128082,0.9087192,True
5774054041_h_00.wav_0_0.jpg,0.0,1.0,0.9135875,0.08641249,False
5774054042_h_00.wav_0_0.jpg,0.0,1.0,0.9994916,0.0005084276,False
5774054048_h_00.wav_0_0.jpg,0.0,0.0,0.0021346137,0.9978654,True
5774054049_h_00.wav_0_0.jpg,0.0,1.0,0.9999604,3.9577484e-05,False
5774054051_h_00.wav_0_0.jpg,0.0,0.0,0.03581679,0.9641832,True
5774054055_h_00.wav_0_0.jpg,0.0,1.0,0.96455514,0.035444856,False
5774054060_h_00.wav_0_0.jpg,0.0,1.0,0.9773695,0.022630513,False
5824078001_h_00.wav_0_0.jpg,0.0,1.0,0.9855472,0.014452815,False
5824078004_h_00.wav_0_0.jpg,0.0,0.0,0.0025754229,0.9974246,True
5824078008_h_00.wav_0_0.jpg,0.0,1.0,0.97562736,0.024372637,False
5824078010_h_00.wav_0_0.jpg,0.0,0.0,0.0003137992,0.9996862,True
5824078010_h_00.wav_1_0.jpg,0.0,1.0,0.8326956,0.1673044,False
5824078010_h_00.wav_2_0.jpg,0.0,0.0,0.0010733145,0.9989267,True
5824078010_h_00.wav_3_0.jpg,0.0,0.0,0.0025686119,0.9974314,True
5824078010_h_00.wav_4_0.jpg,0.0,0.0,0.040971164,0.95902884,True
5824078012_h_00.wav_0_0.jpg,0.0,0.0,0.06860589,0.9313941,True
5824078013_h_00.wav_0_0.jpg,0.0,0.0,0.15025194,0.8497481,True
5824078014_h_00.wav_0_0.jpg,0.0,0.0,0.02787084,0.97212917,True
5824078014_h_00.wav_1_0.jpg,0.0,0.0,0.1622969,0.8377031,True
5824078015_h_00.wav_0_0.jpg,0.0,1.0,0.9158965,0.084103525,False
5824078019_h_00.wav_0_0.jpg,0.0,0.0,0.0050359154,0.99496406,True
5824078020_h_00.wav_0_0.jpg,0.0,0.0,0.011266483,0.98873353,True
5824078023_h_00.wav_0_0.jpg,0.0,0.0,4.7691425e-05,0.9999523,True
5824078024_h_00.wav_0_0.jpg,0.0,1.0,0.86460155,0.13539845,False
5824078026_h_00.wav_0_0.jpg,0.0,1.0,0.87373936,0.12626064,False
5824078029_h_00.wav_0_0.jpg,0.0,0.0,0.017153766,0.98284626,True
5824078030_h_00.wav_0_0.jpg,0.0,0.0,4.7922425e-05,0.9999521,True
5824078030_h_00.wav_1_0.jpg,0.0,0.0,0.00023991047,0.9997601,True
5824078030_h_00.wav_2_0.jpg,0.0,0.0,0.0027650977,0.9972349,True
5824078031_h_00.wav_0_0.jpg,0.0,0.0,0.18223162,0.8177684,True
5824078032_h_00.wav_0_0.jpg,0.0,1.0,0.91477406,0.08522594,False
5824078034_h_00.wav_0_0.jpg,0.0,1.0,0.52585286,0.47414714,False
5824078034_h_00.wav_1_0.jpg,0.0,0.0,0.0069202594,0.9930797,True
5824078034_h_00.wav_2_0.jpg,0.0,0.0,0.016680215,0.98331976,True
5824078034_h_00.wav_3_0.jpg,0.0,0.0,0.00050143944,0.99949855,True
5824078034_h_00.wav_4_0.jpg,0.0,0.0,0.00041782233,0.9995822,True
5824078036_h_00.wav_0_0.jpg,0.0,0.0,0.0058458084,0.9941542,True
5824078038_h_00.wav_0_0.jpg,0.0,0.0,0.0004544829,0.9995455,True
5824078038_h_00.wav_1_0.jpg,0.0,0.0,0.0040152385,0.99598473,True
5824078038_h_00.wav_2_0.jpg,0.0,0.0,1.20066825e-05,0.999988,True
5824078038_h_00.wav_3_0.jpg,0.0,1.0,0.91224974,0.087750256,False
5824078041_h_00.wav_0_0.jpg,0.0,1.0,0.96528935,0.034710646,False
5824078042_h_00.wav_0_0.jpg,0.0,0.0,0.009311323,0.9906887,True
5824078046_h_00.wav_0_0.jpg,0.0,0.0,0.010070283,0.98992974,True
5824078048_h_00.wav_0_0.jpg,0.0,0.0,0.0008567942,0.9991432,True
5824078049_h_00.wav_0_0.jpg,0.0,0.0,0.0006774224,0.9993226,True
5824078050_h_00.wav_0_0.jpg,0.0,0.0,0.13706769,0.8629323,True
5824078051_h_00.wav_0_0.jpg,0.0,0.0,0.0882539,0.9117461,True
5824078055_h_00.wav_0_0.jpg,0.0,0.0,0.13946204,0.86053795,True
5824078059_h_00.wav_0_0.jpg,0.0,1.0,0.9983512,0.0016487837,False
5824078060_h_00.wav_0_0.jpg,0.0,1.0,0.9956273,0.004372716,False
5844070001_h_00.wav_0_0.jpg,0.0,0.0,0.00058367,0.99941635,True
5844070004_h_00.wav_0_0.jpg,0.0,0.0,0.0004941786,0.9995058,True
5844070008_h_00.wav_0_0.jpg,0.0,1.0,0.6628221,0.33717787,False
5844070010_h_00.wav_0_0.jpg,0.0,0.0,0.020772437,0.97922754,True
5844070010_h_00.wav_1_0.jpg,0.0,0.0,0.0033875706,0.9966124,True
5844070010_h_00.wav_2_0.jpg,0.0,0.0,0.00020539097,0.9997946,True
5844070010_h_00.wav_3_0.jpg,0.0,0.0,0.0004661253,0.9995339,True
5844070010_h_00.wav_4_0.jpg,0.0,0.0,0.26787508,0.7321249,True
5844070012_h_00.wav_0_0.jpg,0.0,0.0,0.0002652624,0.99973476,True
5844070013_h_00.wav_0_0.jpg,0.0,1.0,0.88434917,0.11565083,False
5844070014_h_00.wav_0_0.jpg,0.0,0.0,0.0010771751,0.9989228,True
5844070014_h_00.wav_1_0.jpg,0.0,0.0,0.045854103,0.9541459,True
5844070015_h_00.wav_0_0.jpg,0.0,1.0,0.98378134,0.016218662,False
5844070019_h_00.wav_0_0.jpg,0.0,0.0,0.017141573,0.9828584,True
5844070020_h_00.wav_0_0.jpg,0.0,0.0,0.05606003,0.94394,True
5844070023_h_00.wav_0_0.jpg,0.0,0.0,0.00032148373,0.9996785,True
5844070024_h_00.wav_0_0.jpg,0.0,1.0,0.9994066,0.00059342384,False
5844070026_h_00.wav_0_0.jpg,0.0,0.0,0.0004026351,0.9995974,True
5844070029_h_00.wav_0_0.jpg,0.0,0.0,0.008575563,0.99142444,True
5844070030_h_00.wav_0_0.jpg,0.0,0.0,0.00064415234,0.99935585,True
5844070030_h_00.wav_1_0.jpg,0.0,0.0,0.0069433153,0.99305665,True
5844070030_h_00.wav_2_0.jpg,0.0,0.0,0.007084293,0.9929157,True
5844070030_h_00.wav_3_0.jpg,0.0,0.0,0.0004065727,0.99959344,True
5844070030_h_00.wav_4_0.jpg,0.0,0.0,0.0034343381,0.99656564,True
5844070031_h_00.wav_0_0.jpg,0.0,0.0,0.012061834,0.98793817,True
5844070032_h_00.wav_0_0.jpg,0.0,0.0,0.0053453874,0.9946546,True
5844070034_h_00.wav_0_0.jpg,0.0,1.0,0.7666884,0.2333116,False
5844070034_h_00.wav_1_0.jpg,0.0,0.0,0.00419672,0.9958033,True
5844070034_h_00.wav_2_0.jpg,0.0,0.0,0.034648724,0.9653513,True
5844070034_h_00.wav_3_0.jpg,0.0,0.0,0.0036680435,0.99633193,True
5844070034_h_00.wav_4_0.jpg,0.0,0.0,0.00036539574,0.9996346,True
5844070036_h_00.wav_0_0.jpg,0.0,1.0,0.9946867,0.0053132772,False
5844070038_h_00.wav_0_0.jpg,0.0,0.0,0.005896631,0.9941034,True
5844070038_h_00.wav_1_0.jpg,0.0,0.0,0.033600263,0.9663997,True
5844070038_h_00.wav_2_0.jpg,0.0,0.0,9.916408e-05,0.9999008,True
5844070038_h_00.wav_3_0.jpg,0.0,0.0,0.22522822,0.7747718,True
5844070041_h_00.wav_0_0.jpg,0.0,0.0,0.0024622092,0.9975378,True
5844070042_h_00.wav_0_0.jpg,0.0,0.0,0.00884353,0.99115646,True
5844070046_h_00.wav_0_0.jpg,0.0,1.0,0.7649674,0.23503262,False
5844070048_h_00.wav_0_0.jpg,0.0,0.0,0.012357645,0.98764235,True
5844070049_h_00.wav_0_0.jpg,0.0,0.0,0.37695327,0.62304676,True
5844070050_h_00.wav_0_0.jpg,0.0,0.0,0.0066567776,0.99334323,True
5844070051_h_00.wav_0_0.jpg,0.0,1.0,0.9999107,8.928776e-05,False
5844070055_h_00.wav_0_0.jpg,0.0,0.0,0.047748707,0.9522513,True
5844070060_h_00.wav_0_0.jpg,0.0,1.0,0.86897415,0.13102585,False
5854071001_h_00.wav_0_0.jpg,0.0,1.0,0.99882644,0.0011735559,False
5854071004_h_00.wav_0_0.jpg,0.0,1.0,0.88123006,0.11876994,False
5854071008_h_00.wav_0_0.jpg,0.0,1.0,0.99522436,0.0047756433,False
5854071010_h_00.wav_0_0.jpg,0.0,0.0,0.035665706,0.9643343,True
5854071010_h_00.wav_1_0.jpg,0.0,1.0,0.9902458,0.009754181,False
5854071010_h_00.wav_2_0.jpg,0.0,0.0,0.0067780023,0.993222,True
5854071010_h_00.wav_3_0.jpg,0.0,0.0,0.05661122,0.94338876,True
5854071010_h_00.wav_4_0.jpg,0.0,0.0,0.00036792402,0.99963206,True
5854071012_h_01.wav_0_0.jpg,0.0,0.0,0.05976879,0.9402312,True
5854071013_h_00.wav_0_0.jpg,0.0,1.0,0.9970694,0.0029305816,False
5854071014_h_00.wav_0_0.jpg,0.0,0.0,0.10116235,0.8988376,True
5854071014_h_00.wav_1_0.jpg,0.0,1.0,0.7751876,0.22481239,False
5854071015_h_00.wav_0_0.jpg,0.0,1.0,0.9992112,0.00078880787,False
5854071019_h_00.wav_0_0.jpg,0.0,1.0,0.63479286,0.36520714,False
5854071020_h_00.wav_0_0.jpg,0.0,1.0,0.9892324,0.010767579,False
5854071023_h_00.wav_0_0.jpg,0.0,0.0,0.0044034957,0.9955965,True
5854071024_h_00.wav_0_0.jpg,0.0,1.0,0.8701805,0.12981951,False
5854071026_h_00.wav_0_0.jpg,0.0,1.0,0.9985833,0.0014166832,False
5854071029_h_00.wav_0_0.jpg,0.0,1.0,0.99142754,0.008572459,False
5854071030_h_00.wav_0_0.jpg,0.0,0.0,0.46840307,0.5315969,True
5854071030_h_00.wav_1_0.jpg,0.0,0.0,0.0009719659,0.999028,True
5854071030_h_00.wav_2_0.jpg,0.0,0.0,0.0014999055,0.9985001,True
5854071030_h_00.wav_3_0.jpg,0.0,0.0,0.0033473345,0.99665266,True
5854071030_h_00.wav_4_0.jpg,0.0,0.0,0.008010751,0.99198925,True
5854071031_h_00.wav_0_0.jpg,0.0,1.0,0.63431287,0.36568713,False
5854071032_h_00.wav_0_0.jpg,0.0,1.0,0.99717474,0.0028252602,False
5854071034_h_00.wav_0_0.jpg,0.0,0.0,0.06817076,0.9318292,True
5854071034_h_00.wav_1_0.jpg,0.0,0.0,0.0093657905,0.9906342,True
5854071034_h_00.wav_2_0.jpg,0.0,0.0,0.0026373146,0.9973627,True
5854071034_h_00.wav_3_0.jpg,0.0,0.0,0.0011341042,0.9988659,True
5854071034_h_00.wav_4_0.jpg,0.0,1.0,0.95325655,0.046743453,False
5854071036_h_00.wav_0_0.jpg,0.0,1.0,0.9937976,0.0062023997,False
5854071038_h_00.wav_0_0.jpg,0.0,0.0,0.018703576,0.9812964,True
5854071038_h_00.wav_1_0.jpg,0.0,0.0,0.004856984,0.995143,True
5854071038_h_00.wav_2_0.jpg,0.0,0.0,0.00071023195,0.99928975,True
5854071038_h_00.wav_3_0.jpg,0.0,0.0,0.06807006,0.93192995,True
5854071038_h_00.wav_4_0.jpg,0.0,0.0,0.00047587336,0.9995241,True
5854071041_h_00.wav_0_0.jpg,0.0,0.0,0.47756365,0.5224364,True
5854071042_h_00.wav_0_0.jpg,0.0,0.0,0.1035832,0.8964168,True
5854071046_h_00.wav_0_0.jpg,0.0,0.0,0.013665856,0.98633415,True
5854071048_h_00.wav_0_0.jpg,0.0,1.0,0.5006988,0.4993012,False
5854071049_h_00.wav_0_0.jpg,0.0,1.0,0.68440753,0.31559247,False
5854071050_h_00.wav_0_0.jpg,0.0,0.0,0.34357607,0.6564239,True
5854071051_h_00.wav_0_0.jpg,0.0,1.0,0.99484754,0.005152464,False
5854071055_h_00.wav_0_0.jpg,0.0,0.0,0.480771,0.519229,True
5854071060_h_00.wav_0_0.jpg,0.0,1.0,0.9994875,0.00051248074,False
5954081001_h_00.wav_0_0.jpg,0.0,1.0,0.9455124,0.054487586,False
5954081004_h_00.wav_0_0.jpg,0.0,1.0,0.97963536,0.020364642,False
5954081008_h_00.wav_0_0.jpg,0.0,0.0,0.042844445,0.9571556,True
5954081010_h_00.wav_0_0.jpg,0.0,0.0,0.0119516235,0.9880484,True
5954081010_h_00.wav_1_0.jpg,0.0,1.0,0.5933759,0.40662408,False
5954081010_h_00.wav_2_0.jpg,0.0,0.0,0.00848055,0.99151945,True
5954081010_h_00.wav_3_0.jpg,0.0,1.0,0.6379285,0.3620715,False
5954081010_h_00.wav_4_0.jpg,0.0,0.0,0.008241526,0.99175847,True
5954081012_h_00.wav_0_0.jpg,0.0,0.0,0.035131767,0.96486825,True
5954081013_h_00.wav_0_0.jpg,0.0,0.0,0.011847972,0.988152,True
5954081014_h_00.wav_0_0.jpg,0.0,0.0,0.35064986,0.64935017,True
5954081014_h_00.wav_1_0.jpg,0.0,0.0,0.0052061,0.9947939,True
5954081015_h_00.wav_0_0.jpg,0.0,0.0,0.33673137,0.6632686,True
5954081019_h_00.wav_0_0.jpg,0.0,1.0,0.957017,0.042982996,False
5954081020_h_00.wav_0_0.jpg,0.0,1.0,0.9956221,0.0043779016,False
5954081023_h_00.wav_0_0.jpg,0.0,0.0,0.01996344,0.98003656,True
5954081024_h_00.wav_0_0.jpg,0.0,1.0,0.96883553,0.031164467,False
5954081026_h_00.wav_0_0.jpg,0.0,0.0,0.027352927,0.9726471,True
5954081029_h_00.wav_0_0.jpg,0.0,1.0,0.9736429,0.026357114,False
5954081030_h_00.wav_0_0.jpg,0.0,0.0,0.0017961919,0.9982038,True
5954081030_h_00.wav_1_0.jpg,0.0,1.0,0.80118895,0.19881105,False
5954081030_h_00.wav_2_0.jpg,0.0,1.0,0.99426705,0.0057329535,False
5954081030_h_00.wav_3_0.jpg,0.0,1.0,0.94524467,0.05475533,False
5954081030_h_00.wav_4_0.jpg,0.0,1.0,0.93360883,0.06639117,False
5954081031_h_00.wav_0_0.jpg,0.0,1.0,0.8399037,0.16009629,False
5954081032_h_00.wav_0_0.jpg,0.0,1.0,0.9978033,0.0021967292,False
5954081034_h_00.wav_0_0.jpg,0.0,1.0,0.60335,0.39665002,False
5954081034_h_00.wav_1_0.jpg,0.0,1.0,0.9714084,0.028591573,False
5954081034_h_00.wav_2_0.jpg,0.0,1.0,0.98710513,0.012894869,False
5954081034_h_00.wav_3_0.jpg,0.0,1.0,0.5977797,0.4022203,False
5954081034_h_00.wav_4_0.jpg,0.0,0.0,0.0062245657,0.9937754,True
5954081036_h_00.wav_0_0.jpg,0.0,1.0,0.98392606,0.016073942,False
5954081038_h_00.wav_0_0.jpg,0.0,0.0,0.009400016,0.9906,True
5954081038_h_00.wav_1_0.jpg,0.0,0.0,0.0020230648,0.99797696,True
5954081038_h_00.wav_2_0.jpg,0.0,0.0,0.1867407,0.8132593,True
5954081038_h_00.wav_3_0.jpg,0.0,0.0,0.10891989,0.89108014,True
5954081038_h_00.wav_4_0.jpg,0.0,1.0,0.9900304,0.009969592,False
5954081041_h_00.wav_0_0.jpg,0.0,1.0,0.7853147,0.21468532,False
5954081042_h_00.wav_0_0.jpg,0.0,0.0,0.009463936,0.9905361,True
5954081046_h_00.wav_0_0.jpg,0.0,1.0,0.78452814,0.21547186,False
5954081049_h_00.wav_0_0.jpg,0.0,0.0,0.13793397,0.86206603,True
5954081051_h_00.wav_0_0.jpg,0.0,0.0,0.15454553,0.84545445,True
5954081055_h_00.wav_0_0.jpg,0.0,0.0,0.00038866812,0.9996113,True
5954081060_h_00.wav_0_0.jpg,0.0,1.0,0.99743265,0.0025673509,False
